Time,Factor_Global.1,Factor_Global.2,Factor_Response,Factor_Pandemic,Factor_Uncat,Factor_Consumption,Factor_Employment,Factor_Inflation,Factor_Cases1,Factor_Cases2,Factor_Cases3,Factor_Cases4,Factor_Cases5,Factor_Hosp1,Factor_Hosp2,Factor_Deaths1,Factor_Deaths2,Factor_Deaths3,Factor_Deaths4,Factor_Deaths5,Factor_Vax1,Factor_Vax3,Factor_Gather1,Factor_Gather2,Factor_Gather3,Factor_Gather4,Factor_Curfew,Factor_Mask1,Factor_Mask2,Factor_School,Factor_ARP,Factor_PPP,Factor_CARES,Factor_Cons1,Factor_Cons2,Factor_Cons3,Factor_Cons4,Factor_Cons5,Factor_Employment1,Factor_Employment2,Factor_UI,Factor_PartR,Factor_UR,Factor_CPI,Factor_CPIU,Factor_PCE,Factor_PCEC,Factor_RPFI,Factor_FixAss,Factor_Prod,Factor_GDP,Factor_TBill1mo,Factor_TBill6mo,Factor_TBill1yr,Factor_TBill5yr,Factor_TBill10yr,Factor_TBill30yr,Factor_FFR,State,Time
2012-03-01,-0.0976725478007858,-1.6307445873559825,0.3384278002234216,-1.0346872678241745,-0.07578550518746986,-0.3339866717439417,-0.3930845102895977,-0.011191275770157702,418724.6202436457,140941.0,324001.4037198576,30553.7173509801,73549.3808592771,219898.3305760265,104103.0982102572,142036.0,133744.0,100.4235391,99.595,99.735,0.06,0.14,0.19,1.02,2.17,3.28,1267.2892655537175,65.87543668,100.0,60.1,9.1,0.0,0.0,0.0,0.0,0.0,0.0,0.0,0.0,,0.0,0.0,,,,,,,,0.0,100.4389816,0.13,,,,,,,MI,2012-03-01
2012-04-01,0.09584346236344121,-1.609439116337886,0.4209272037994604,-0.4693424057383785,0.06208624207365432,-0.17003269096816337,-0.04991982481843269,0.10296327409626331,419578.3683469179,118970.0,324486.8457065798,30627.741173172053,73546.11846541034,220313.0194460577,104173.8596385827,141899.0,133827.0,100.5903214,99.746,99.866,0.07,0.14,0.18,0.89,2.05,3.18,1269.555963991749,66.34950204,100.0,60.0,9.1,0.0,0.0,0.0,0.0,0.0,0.0,0.0,0.0,,0.0,0.0,,,,,,,,0.0,100.6145742,0.14,,,,,,,MI,2012-04-01
2012-05-01,0.494753508332067,-1.494879524142285,0.34539560481443854,1.8447989299912904,0.4957914867911043,-0.3789163529257295,-0.18421644944582155,0.07425912935631462,421454.0436139573,98883.0,325762.642767876,30776.35984521924,73722.01448897617,221264.3102030996,104498.3743341951,142206.0,133935.0,100.3822825,99.847,99.754,0.07,0.15,0.19,0.76,1.8,2.93,1274.917993263428,66.82398334,100.0,60.0,9.1,0.0,0.0,0.0,0.0,0.0,0.0,0.0,0.0,,0.0,0.0,,,,,,,,0.0,100.3950834,0.16,,,,,,,MI,2012-05-01
2012-06-01,0.3560362511433114,-1.5742126755230417,0.5558955837525381,1.275816701824092,0.2866306151004139,-0.3131382860557393,-0.14581713064083981,0.07895707852399156,423070.6892401509,89115.0,326837.9403032978,30906.082002728075,73852.35296477574,222079.55548423337,104758.43496750382,142391.0,134007.0,100.2993302,99.95,99.704,0.05,0.15,0.19,0.71,1.62,2.7,1279.4990742598093,67.29888055,100.0,60.0,9.1,0.0,0.0,0.0,0.0,0.0,0.0,0.0,0.0,,0.0,0.0,,,,,,,,0.0,100.3072871,0.16,,,,,,,MI,2012-06-01
2012-07-01,0.26893817050819213,-1.6481438305871732,0.718144089611357,0.467203770690858,0.13300192384787435,-0.2741912026992523,-0.11358816692372962,0.08970928929023794,424063.1976472158,109699.0,327631.5754294496,31009.17385201524,73919.0311476506,222703.42891517948,104928.20499966614,142292.0,134153.0,100.3282977,100.053,99.74,0.07,0.15,0.19,0.62,1.53,2.59,1282.8480419089633,67.35637076,100.0,60.1,9.0,0.0,0.0,0.0,0.0,0.0,0.0,0.0,0.0,,0.0,0.0,,,,,,,,0.0,100.3511853,0.16,,,,,,,MI,2012-07-01
2012-08-01,-0.11009983681921165,-1.794840833659798,1.0494380762332727,-2.3857702971469665,-0.341252260098444,-0.09022875448101934,0.013745258562803397,0.12035445878116369,423785.0278957452,81346.0,327443.3841285706,31019.23557332001,73764.60987592636,222659.605296028,104783.84544924606,142291.0,134330.0,100.9111577,100.116,100.075,0.09,0.14,0.18,0.71,1.68,2.77,1282.3541873594804,67.41388501,100.0,60.1,9.0,0.0,0.0,0.0,0.0,0.0,0.0,0.0,0.0,,0.0,0.0,,,,,,,,0.0,100.9218613,0.13,,,,,,,MI,2012-08-01
2012-09-01,0.05692611738618547,-1.7408768271621924,1.0554016717444452,-2.083019652422199,-0.1450456936913711,-0.17217482591175887,-0.03716725462881309,0.11589893790569641,423639.506271232,73866.0,327357.51501808147,31038.812899112367,73633.95232070453,222684.82451508785,104672.76521981692,143044.0,134512.0,101.3926317,100.24,100.379,0.08,0.14,0.18,0.67,1.72,2.88,1282.2619322766716,67.4714233,100.0,60.2,9.0,0.0,0.0,0.0,0.0,0.0,0.0,0.0,0.0,,0.0,0.0,,,,,,,,0.0,101.404741,0.14,,,,,,,MI,2012-09-01
2012-10-01,0.17143984295540582,-1.727494058157863,1.043248810479857,-2.017589673621556,-0.03386240417309949,-0.2302861521983854,-0.07681766379500678,0.1050942757901443,422664.0642847919,79482.0,327291.6687359903,31060.122967509957,73508.46436292965,222723.16417851145,104568.5873304399,143431.0,134671.0,101.6660668,100.482,100.677,0.11,0.15,0.18,0.71,1.75,2.9,1280.000083435144,67.78049831,100.0,60.2,9.0,0.0,0.0,0.0,0.0,0.0,0.0,0.0,0.0,,0.0,0.0,,,,,,,,0.0,101.6681299,0.16,,,,,,,MI,2012-10-01
2012-11-01,0.666117320117667,-1.6378969557934842,0.8720577570056737,1.4711236022654917,0.4802071662458194,-0.4787228295367328,-0.24736831084068814,0.06996596861147401,423228.4388076614,90952.0,328416.6095147224,31194.37624864575,73650.67571820942,223571.6486596627,104845.05196685488,143333.0,134834.0,101.4953345,100.591,100.609,0.12,0.14,0.18,0.67,1.65,2.8,1282.3906300629171,68.08845225,100.0,60.3,9.0,0.0,0.0,0.0,0.0,0.0,0.0,0.0,0.0,,0.0,0.0,,,,,,,,0.0,101.4925373,0.16,,,,,,,MI,2012-11-01
2012-12-01,0.4210246597796101,-1.7415072806228822,1.116642722117896,0.9973417884535765,0.16620682358123595,-0.36047976209900623,-0.17612524242933184,0.07935061154727957,423574.5031960474,108765.0,329372.71977175353,31312.61618601692,73754.9332458521,224305.26975038025,105067.54943186902,143330.0,135075.0,101.4830453,100.664,100.593,0.04,0.12,0.16,0.7,1.72,2.88,1284.111040529659,68.39528511,100.0,60.3,9.0,0.0,0.0,0.0,0.0,0.0,0.0,0.0,0.0,,0.0,0.0,,,,,,,,0.0,101.4925373,0.16,,,,,,,MI,2012-12-01
2013-01-01,0.5319609027499821,-1.6212739650408536,1.1532938195806064,-1.1873143561815633,0.38140731792598137,-0.40798687783060483,-0.21407765932851486,0.06974157546916174,425276.1764910157,135806.0,329585.9502382916,31357.458468519453,73740.7188757809,224487.86384487385,105098.17734430036,143292.0,135265.0,101.6840618,100.871,100.787,0.05,0.11,0.15,0.81,1.91,3.08,1288.9921319217756,68.89769969,99.751,60.4,9.0,0.0,0.0,0.0,0.0,0.0,0.0,0.0,0.0,,0.0,0.0,,,,,,,,0.0,101.7120281,0.14,,,,,,,MI,2013-01-01
2013-02-01,0.3145760939470985,-1.6830360285451835,1.284354121969998,-2.8470050930006967,0.13306053969505305,-0.30064488279465285,-0.13682452081416263,0.08303996984555664,426232.6505595318,134476.0,329227.8098514502,31347.802733731365,73599.01208694164,224281.07741178677,104946.814820673,143362.0,135544.0,102.2361988,100.992,101.156,0.08,0.12,0.16,0.85,1.98,3.17,1291.6331349598638,69.40138374,99.751,60.4,9.0,0.0,0.0,0.0,0.0,0.0,0.0,0.0,0.0,,0.0,0.0,,,,,,,,0.0,102.238806,0.15,,,,,,,MI,2013-02-01
2013-03-01,0.9006467208497428,-1.6271402024035366,1.0252132604912987,1.9516704020591287,0.6922334417486953,-0.5991075464651318,-0.32820763346540804,0.05226900513462716,429304.9107628956,124540.0,330506.493570771,31493.94197360997,73823.36200667174,225189.2638310088,105317.30398028172,143316.0,135689.0,101.9487188,101.085,101.023,0.08,0.11,0.15,0.82,1.96,3.16,1300.7033665600902,69.90633726,99.751,60.4,8.9,0.0,0.0,0.0,0.0,0.0,0.0,0.0,0.0,,0.0,0.0,,,,,,,,0.0,101.975417,0.14,,,,,,,MI,2013-03-01
2013-04-01,0.7322074958749534,-1.74377382490511,1.1974606999114892,1.4611916100852893,0.43119175094882944,-0.5215659656772268,-0.28497553330138137,0.05636956320947662,429856.818301897,110677.0,331611.05827653647,31623.54044486715,74008.69128757855,225978.8925873088,105632.2317324457,143635.0,135876.0,101.735852,101.163,100.944,0.05,0.09,0.12,0.71,1.76,2.93,1305.8022883975273,70.03060296,99.751,60.5,8.9,0.0,0.0,0.0,0.0,0.0,0.0,0.0,0.0,,0.0,0.0,,,,,,,,0.0,101.7559263,0.15,,,,,,,MI,2013-04-01
2013-05-01,0.34978587314539267,-1.8715774355637724,1.4555245310318377,0.0891216528865144,-0.024797802286101067,-0.3343084465172717,-0.15472793643787444,0.08820434137406581,429791.7367917365,78677.0,332239.7369897367,31707.759957759925,74087.80483780487,226444.22994423023,105795.5647955648,143882.0,136091.0,101.7779865,101.272,101.01,0.02,0.08,0.12,0.84,1.93,3.11,1309.017711117711,70.15452296,99.751,60.6,8.8,0.0,0.0,0.0,0.0,0.0,0.0,0.0,0.0,,0.0,0.0,,,,,,,,0.0,101.7998244,0.11,,,,,,,MI,2013-05-01
2013-06-01,0.04238451012472311,-1.9684712803076747,1.611849713285813,-1.3594722803282937,-0.38551610773776623,-0.18330960143331806,-0.04383196223926118,0.1182944760204624,429081.4794325681,74473.0,332367.77373849135,31744.13205832379,74055.44908523335,226568.2419883827,105799.58114355714,143999.0,136269.0,102.0202597,101.438,101.228,0.03,0.09,0.14,1.2,2.3,3.4,1310.248890623148,70.27809727,99.751,60.6,8.8,0.0,0.0,0.0,0.0,0.0,0.0,0.0,0.0,,0.0,0.0,,,,,,,,0.0,102.0193152,0.09,,,,,,,MI,2013-06-01
2013-07-01,0.17011205908849014,-1.9343659915571476,1.6241436831132492,-0.47298889088362533,-0.24175830350898497,-0.24656219692926737,-0.08169898902968373,0.11569589146744991,429973.52513632126,102846.0,332797.06934769923,31809.195164144192,74090.42399247519,226897.49130111592,105899.6191566194,144264.0,136391.0,102.2199594,101.567,101.354,0.02,0.07,0.12,1.4,2.58,3.61,1312.6749748406576,70.61827281,99.751,60.7,8.8,0.0,0.0,0.0,0.0,0.0,0.0,0.0,0.0,,0.0,0.0,,,,,,,,0.0,102.238806,0.09,,,,,,,MI,2013-07-01
2013-08-01,0.14076115559202584,-1.955004267767863,1.6561754152708121,-0.7559807811585753,-0.28754891717432596,-0.23307591901398694,-0.07319097230231066,0.11660934459825306,430736.0194397921,72345.0,333126.8183758575,31864.676714937737,74103.40524743049,227158.7692509772,105968.08196236822,144326.0,136635.0,102.4639882,101.685,101.51,0.04,0.07,0.13,1.52,2.74,3.76,1314.6969027682,70.95771724,99.751,60.7,8.8,0.0,0.0,0.0,0.0,0.0,0.0,0.0,0.0,,0.0,0.0,,,,,,,,0.0,102.5021949,0.08,,,,,,,MI,2013-08-01
2013-09-01,0.30817280465435815,-1.9532879174369329,1.6640585865243434,0.36307674049160793,-0.14203420311041803,-0.31949969943553835,-0.12968084846813252,0.10733159729100494,431989.0694239291,65261.0,333836.4598719842,31956.45002461841,74201.00935499753,227679.02511078285,106157.45937961596,144418.0,136819.0,102.5026115,101.799,101.55,0.02,0.04,0.12,1.6,2.81,3.79,1318.207231905465,71.29643057,99.751,60.6,8.6,0.0,0.0,0.0,0.0,0.0,0.0,0.0,0.0,,0.0,0.0,,,,,,,,0.0,102.5021949,0.08,,,,,,,MI,2013-09-01
2013-10-01,0.3732368375108357,-1.9445350757517619,1.5268864394112047,-0.908097163563781,-0.0773932335923515,-0.35242122530372477,-0.15363266725756058,0.09842439757049366,432464.724117366,63436.0,334111.41804788244,32006.563640772594,74202.12277907759,227902.74801255675,106208.6864198502,143537.0,137039.0,102.557474,102.015,101.722,0.11,0.08,0.12,1.37,2.62,3.68,1319.074471599064,71.50357337,99.751,60.5,8.5,0.0,0.0,0.0,0.0,0.0,0.0,0.0,0.0,,0.0,0.0,,,,,,,,0.0,102.5899912,0.09,,,,,,,MI,2013-10-01
2013-11-01,0.32857881314839554,-1.9031433381144318,1.514896344993813,-0.7823273939273293,-0.0744712469036184,-0.32593612793649007,-0.1452220037723159,0.09850166312493329,432994.0158943601,84957.0,334428.11548113293,32060.598475999745,74212.70076527195,228154.82441933925,106273.29924127168,144479.0,137314.0,102.7466402,102.194,101.881,0.05,0.1,0.12,1.37,2.72,3.8,1320.0905576113307,71.70968648,99.751,60.5,8.4,0.0,0.0,0.0,0.0,0.0,0.0,0.0,0.0,,0.0,0.0,,,,,,,,0.0,102.7655838,0.08,,,,,,,MI,2013-11-01
2013-12-01,0.22795181469147074,-1.9251671086150282,1.5796403403528065,-1.19884452653597,-0.18288034072749149,-0.27571050881237474,-0.10849659711305776,0.10554532850894932,433334.8027114925,99883.0,334599.5454723561,32100.623016339483,74191.25426119666,228307.66819482,106291.87727753614,144778.0,137368.0,103.0183197,102.333,102.084,0.02,0.1,0.13,1.58,2.9,3.89,1320.5174434779203,71.9147699,99.751,60.5,8.2,0.0,0.0,0.0,0.0,0.0,0.0,0.0,0.0,,0.0,0.0,,,,,,,,0.0,103.0289728,0.09,,,,,,,MI,2013-12-01
2014-01-01,0.9663902709806064,-1.5721470345470376,1.3074218939569517,-0.3017986537940609,0.8036378554742929,-0.6285926530051068,-0.35974595242004637,0.04549163921603265,431865.17791379086,137857.0,335089.4702021285,32215.383562447445,74242.31832195907,228631.76831772228,106457.70188440624,145150.0,137552.0,103.2680542,102.426,102.278,0.02,0.07,0.12,1.65,2.86,3.77,1320.217998005436,72.03440844,99.773,60.5,8.1,0.0,0.0,0.0,0.0,0.0,0.0,0.0,0.0,,0.0,0.0,,,,,,,,0.0,103.2923617,0.07,,,,,,,MI,2014-01-01
2014-02-01,1.0069296993022792,-1.575669947872642,1.2630614455357132,0.9878319103127631,0.8349297306221668,-0.6498323266697302,-0.38065408041004156,0.029442398548654276,430964.6791351531,124659.0,336016.94059554324,32372.04166585237,74390.46753568244,229254.4313940081,106762.50920153513,145134.0,137707.0,103.3817294,102.489,102.338,0.05,0.08,0.12,1.52,2.71,3.66,1321.633144091149,72.15323978,99.773,60.6,8.0,0.0,0.0,0.0,0.0,0.0,0.0,0.0,0.0,,0.0,0.0,,,,,,,,0.0,103.380158,0.07,,,,,,,MI,2014-02-01
2014-03-01,0.610497993748957,-1.6485271850145764,1.4859053254763475,-0.3956874416741721,0.4216709366636944,-0.4508224582422402,-0.24739594337602952,0.055330230951935136,429457.10579951823,121317.0,336466.8724340033,32482.519528392968,74433.04272354036,229551.31018206992,106915.56225193333,145648.0,137986.0,103.5928407,102.684,102.543,0.05,0.08,0.13,1.64,2.72,3.62,1321.160990998898,72.27126393,99.773,60.6,7.9,0.0,0.0,0.0,0.0,0.0,0.0,0.0,0.0,,0.0,0.0,,,,,,,,0.0,103.5996488,0.08,,,,,,,MI,2014-03-01
2014-04-01,0.5374045248468063,-1.6429229461857133,1.6225725696161886,-0.33720061598580436,0.3644549586751795,-0.4125746041746835,-0.2144290125880645,0.06742670383070168,431772.3358834099,112372.0,336934.6842900985,32594.45990928734,74479.79729159769,229860.42708921377,107074.25720088476,145667.0,138298.0,103.7859569,102.879,102.742,0.02,0.05,0.11,1.7,2.71,3.52,1324.3783331062273,73.01821744,99.773,60.6,7.7,0.0,0.0,0.0,0.0,0.0,0.0,0.0,0.0,,0.0,0.0,,,,,,,,0.0,103.8191396,0.09,,,,,,,MI,2014-04-01
2014-05-01,0.5685156832597957,-1.61105981843475,1.615767723413728,-0.1291156942288902,0.4229531117571268,-0.42604987512994524,-0.2224311823827914,0.06617910127678446,434171.40340138064,79017.0,337472.8103330454,32712.95873453881,74542.30187493727,230217.549723569,107255.2606094764,145825.0,138501.0,103.9834622,103.061,102.919,0.03,0.05,0.1,1.59,2.56,3.39,1327.8762444252277,73.76658421,99.773,60.6,7.5,0.0,0.0,0.0,0.0,0.0,0.0,0.0,0.0,,0.0,0.0,,,,,,,,0.0,103.9947322,0.09,,,,,,,MI,2014-05-01
2014-06-01,0.526580156168168,-1.6434305782723948,1.6104925423266967,0.4614010246234275,0.35463239582597383,-0.4070199159006888,-0.2083444469258797,0.06994600167754371,436820.69199786487,66078.0,338209.20075702434,32850.48769835493,74648.7601300529,230709.9529286165,107499.24782840784,146247.0,138833.0,104.1208381,103.18,103.035,0.02,0.06,0.1,1.68,2.6,3.42,1332.1595690784686,74.51636423,99.773,60.6,7.4,0.0,0.0,0.0,0.0,0.0,0.0,0.0,0.0,,0.0,0.0,,,,,,,,0.0,104.1264267,0.1,,,,,,,MI,2014-06-01
2014-07-01,0.4622579872486057,-1.6433114341962916,1.651157498684463,0.0864211904863348,0.29948445139384416,-0.3737512310694099,-0.1865196030889017,0.07396707485013868,438325.0961010437,90540.0,338815.83325257583,32975.23984882256,74726.72578092189,231113.8676228317,107701.96562974415,146399.0,139076.0,104.2380246,103.369,103.19,0.02,0.06,0.11,1.7,2.54,3.33,1333.9549345866849,74.95892295,99.773,60.6,7.2,0.0,0.0,0.0,0.0,0.0,0.0,0.0,0.0,,0.0,0.0,,,,,,,,0.0,104.2581212,0.09,,,,,,,MI,2014-07-01
2014-08-01,0.6607331260185539,-1.6382645253203163,1.570329216339038,1.704345979326258,0.4750299227641137,-0.47596482108335586,-0.25172122542847175,0.06407620932194352,440541.14127502544,74241.0,339973.31446607964,33153.51289531582,74926.25940535846,231893.54216540503,108079.77230067457,146530.0,139258.0,104.2213464,103.408,103.177,0.03,0.05,0.11,1.63,2.42,3.2,1337.9160685036393,75.40106909,99.773,60.5,7.0,0.0,0.0,0.0,0.0,0.0,0.0,0.0,0.0,,0.0,0.0,,,,,,,,0.0,104.2581212,0.09,,,,,,,MI,2014-08-01
2014-09-01,0.41482938520201196,-1.7151271791004095,1.7312062907523618,1.3418731637611847,0.18709512729553257,-0.35511436996068835,-0.17250407923303515,0.07920101702101998,442590.4285728128,59626.0,341002.1753243607,33319.23490596203,75097.45356239643,232585.48685600224,108416.68846835846,146778.0,139563.0,104.2288077,103.536,103.203,0.01,0.04,0.11,1.77,2.53,3.26,1341.367310058816,75.84280265,99.773,60.5,6.8,0.0,0.0,0.0,0.0,0.0,0.0,0.0,0.0,,0.0,0.0,,,,,,,,0.0,104.2581212,0.09,,,,,,,MI,2014-09-01
2014-10-01,0.5509668216529351,-1.684708350707201,1.6325561153994679,1.8455752474284415,0.3343927767804651,-0.4230169770841066,-0.21431024134156235,0.07435320169696753,443704.5077875883,64812.0,342202.8972865396,33501.749420898064,75306.4959567862,233394.65190885565,108808.24537768395,147427.0,139805.0,104.2081794,103.629,103.177,0.02,0.05,0.1,1.55,2.3,3.04,1346.3654486949608,76.15356345,99.773,60.5,6.6,0.0,0.0,0.0,0.0,0.0,0.0,0.0,0.0,,0.0,0.0,,,,,,,,0.0,104.214223,0.09,,,,,,,MI,2014-10-01
2014-11-01,0.5120811340170324,-1.7510471379426917,1.5873822747054271,2.376232193015022,0.234806693638002,-0.4083472374588812,-0.20286949494732734,0.07752896433775919,445047.8185803798,67554.0,343580.7597302247,33701.67219538691,75554.46436077006,234324.62317406735,109256.13655615725,147404.0,140089.0,104.0119908,103.74,103.098,0.04,0.07,0.13,1.62,2.33,3.04,1352.0626898678927,76.46445085,99.773,60.5,6.4,0.0,0.0,0.0,0.0,0.0,0.0,0.0,0.0,,0.0,0.0,,,,,,,,0.0,104.0386304,0.09,,,,,,,MI,2014-11-01
2014-12-01,0.530210072999374,-1.765656801984002,1.4585080934890893,3.164408883445146,0.23579018656348882,-0.4189202813469396,-0.2122650784385471,0.07841834952890482,446735.76840878185,89258.0,345225.4711482417,33927.91917621916,75860.98698270839,235436.56498931415,109788.90615892754,147615.0,140366.0,103.6911544,103.837,102.94,0.03,0.11,0.21,1.64,2.21,2.83,1358.8125548863416,76.77546487,99.773,60.4,6.2,0.0,0.0,0.0,0.0,0.0,0.0,0.0,0.0,,0.0,0.0,,,,,,,,0.0,103.7313433,0.12,,,,,,,MI,2014-12-01
2015-01-01,-0.6923048475537588,-2.670327288802495,2.1074789736679156,5.933195049983855,-1.7168314960964572,0.1390309967516262,0.2313218197569024,0.19936686995698313,451127.6045478944,122173.0,347777.9648335207,34265.415833048646,76185.22584947708,237327.32315099493,110450.64168252572,148145.0,140562.0,103.0306089,103.816,102.465,0.02,0.08,0.2,1.37,1.88,2.46,1371.329913629044,77.04268896,99.035,60.3,6.0,0.0,0.0,0.0,0.0,0.0,0.0,0.0,0.0,,0.0,0.0,,,,,,,,0.0,103.0289728,0.11,,,,,,,MI,2015-01-01
2015-02-01,-1.17763134568444,-2.728939561657627,2.4062488287144013,-0.4336581580379131,-2.1921331067802114,0.3851560280852517,0.3829196075507194,0.25294322068408265,452701.8337003332,110596.0,348155.8580327503,34388.9127059909,76032.39017609495,237734.55515066447,110421.30288208586,148045.0,140829.0,103.2917548,103.92,102.634,0.02,0.07,0.22,1.47,1.98,2.57,1375.2937964027517,77.31027955,99.035,60.3,5.9,0.0,0.0,0.0,0.0,0.0,0.0,0.0,0.0,,0.0,0.0,,,,,,,,0.0,103.2923617,0.11,,,,,,,MI,2015-02-01
2015-03-01,-0.7377767105034772,-2.5141840946558367,2.0721234078532627,-0.7382023505252616,-1.6000254848288424,0.17532153008895784,0.2415617489286844,0.22624146973138626,454147.1929671013,107582.0,348437.6063638397,34502.60621796929,75859.39551302623,238075.60463284416,110362.00173099551,148128.0,140924.0,103.5700178,104.08,102.831,0.02,0.11,0.25,1.52,2.04,2.63,1378.8829817856483,77.57823663,99.035,60.3,5.8,0.0,0.0,0.0,0.0,0.0,0.0,0.0,0.0,,0.0,0.0,,,,,,,,0.0,103.5996488,0.11,,,,,,,MI,2015-03-01
2015-04-01,-0.23930094970545657,-2.3281680339571915,1.8750055738177331,0.41131619471516306,-0.9862576749197007,-0.06716768435411614,0.06826736892207577,0.17963733418794067,455988.5012794354,78253.0,349118.1291095783,34655.556635247594,75773.84769863638,238688.7247756943,110429.40433388398,148511.0,141202.0,103.6779874,104.256,102.91,0.02,0.09,0.23,1.35,1.94,2.59,1381.98385676805,77.87999459,99.035,60.3,5.7,0.0,0.0,0.0,0.0,0.0,0.0,0.0,0.0,,0.0,0.0,,,,,,,,0.0,103.6874451,0.12,,,,,,,MI,2015-04-01
2015-05-01,-0.3832760159847868,-2.351516496171844,1.9828441513353832,-1.245895059486188,-1.1332056435488393,0.005371816270842603,0.10765528523225727,0.17748838121239705,457085.8053175123,55745.0,349231.3179391727,34751.92103868578,75565.89857432753,238913.4983261594,110317.8196130133,148817.0,141540.0,104.019891,104.385,103.156,0.01,0.08,0.24,1.54,2.2,2.96,1382.8432480902711,78.18220524,99.035,60.3,5.6,0.0,0.0,0.0,0.0,0.0,0.0,0.0,0.0,,0.0,0.0,,,,,,,,0.0,104.0386304,0.12,,,,,,,MI,2015-05-01
2015-06-01,-0.18155483635777392,-2.250808431608501,1.8529117303996407,-0.7995565709987698,-0.8594596710909634,-0.09067769451005486,0.040355758183337836,0.16250274179479324,458381.8065714617,52381.0,349499.4485080692,34863.33642942838,75392.47842408762,239243.6336545532,110255.814853516,148816.0,141695.0,104.3078098,104.511,103.356,0.01,0.09,0.28,1.68,2.36,3.11,1384.319963040365,78.48486858,99.035,60.3,5.5,0.0,0.0,0.0,0.0,0.0,0.0,0.0,0.0,,0.0,0.0,,,,,,,,0.0,104.3459175,0.13,,,,,,,MI,2015-06-01
2015-07-01,0.12494290729468505,-2.1502800242418783,1.6061387605497257,0.32844984795306975,-0.49588908454687974,-0.24091333595542605,-0.06564678643889438,0.13548278147365225,459538.6419955985,68017.0,350155.3945405274,35013.20398423575,75303.35328029185,239838.83727599983,110316.5572645276,148830.0,141989.0,104.4732753,104.603,103.441,0.03,0.12,0.3,1.63,2.32,3.07,1387.6634709641244,78.8020499,99.035,60.3,5.4,0.0,0.0,0.0,0.0,0.0,0.0,0.0,0.0,,0.0,0.0,,,,,,,,0.0,104.4776119,0.13,,,,,,,MI,2015-07-01
2015-08-01,0.2805754585678488,-2.090702623781303,1.2358002799008292,1.1569383659228676,-0.302777798888906,-0.31649768928088495,-0.12529899851210016,0.11772960291633501,461067.68366169743,53010.0,351095.13866063405,35191.37938812736,75275.45226632636,240628.3070061803,110466.83165445372,149181.0,142130.0,104.4728364,104.679,103.442,0.04,0.22,0.38,1.54,2.17,2.86,1392.137919800468,79.11977794,99.035,60.3,5.2,0.0,0.0,0.0,0.0,0.0,0.0,0.0,0.0,,0.0,0.0,,,,,,,,0.0,104.4776119,0.14,,,,,,,MI,2015-08-01
2015-09-01,0.36385750262170014,-2.077957339313591,1.3066074347409407,2.6980401798252602,-0.21854764354278622,-0.35851352584099005,-0.1529243635037744,0.10930505022249619,463286.40997589286,48982.0,352559.7353057924,35422.28601303139,75359.74305105093,241777.7062417101,110782.02906408232,148826.0,142265.0,104.2380246,104.814,103.289,0.01,0.18,0.37,1.49,2.17,2.95,1398.7014561085884,79.4380527,99.035,60.4,5.1,0.0,0.0,0.0,0.0,0.0,0.0,0.0,0.0,,0.0,0.0,,,,,,,,0.0,104.2581212,0.14,,,,,,,MI,2015-09-01
2015-10-01,0.2317234206233585,-2.1500188678118914,1.5778339478809418,1.333473783344789,-0.40389608054338666,-0.29609730705114523,-0.1083413362540299,0.11808047550861538,464036.7694999061,49199.0,353555.60612222535,35606.23519311085,75343.4714126176,242605.8995164969,110949.70660572844,149246.0,142585.0,104.3411662,104.829,103.274,0.01,0.11,0.26,1.39,2.07,2.89,1403.0990016848384,79.44841477,99.035,60.4,5.0,0.0,0.0,0.0,0.0,0.0,0.0,0.0,0.0,,0.0,0.0,,,,,,,,0.0,104.3459175,0.12,,,,,,,MI,2015-10-01
2015-11-01,-0.01499172140710936,-2.1502866727021184,1.0759610520676044,0.5557743695398855,-0.6161338469043436,-0.16855238956626636,-0.030896905125605074,0.1354311927353493,464436.5199944521,60002.0,354284.14636899944,35763.22291789649,75270.33718158383,243250.58626951912,111033.56009948032,149463.0,142810.0,104.465814,104.94,103.337,0.07,0.33,0.48,1.67,2.26,3.03,1406.4410656396062,79.4586329,99.035,60.5,5.0,0.0,0.0,0.0,0.0,0.0,0.0,0.0,0.0,,0.0,0.0,,,,,,,,0.0,104.4776119,0.12,,,,,,,MI,2015-11-01
2015-12-01,0.13611399164098792,-2.114486573645177,0.49726647184896244,2.034063703112992,-0.45064596702578896,-0.2437539196825463,-0.07303291705362563,0.13086464562465536,465497.56423542177,86506.0,355517.2246811231,35971.15822300563,75304.34951042585,244241.7169476916,111275.50773343148,150128.0,143083.0,104.3534555,105.009,103.253,0.17,0.5,0.65,1.7,2.24,2.97,1411.7917813526,79.4687071,99.035,60.7,4.9,0.0,0.0,0.0,0.0,0.0,0.0,0.0,0.0,,0.0,0.0,,,,,,,,0.0,104.3898156,0.24,,,,,,,MI,2015-12-01
2016-01-01,0.6749287029265922,-1.7306493354077703,0.45419753107914695,1.2437509705823877,0.3950783161727136,-0.49088514436555475,-0.26867144906209506,0.07556437679204213,465695.7969527424,119959.0,356494.7582909028,36091.264463503285,75409.89874741061,244993.60314663916,111501.15514426366,150653.0,143198.0,104.3056153,105.204,103.306,0.23,0.43,0.54,1.52,2.09,2.86,1414.839444949955,79.56059532,99.642,60.9,4.9,0.0,0.0,0.0,0.0,0.0,0.0,0.0,0.0,,0.0,0.0,,,,,,,,0.0,104.3459175,0.34,,,,,,,MI,2016-01-01
2016-02-01,0.7176526468348383,-1.706002190185191,0.3769949307470715,2.4293809485822297,0.45634135863174663,-0.5109477636446011,-0.2769759660438514,0.06184016405764447,466421.8050793281,108075.0,357876.3972026888,36252.28427707066,75600.9182309525,246023.2108379661,111853.18636472269,150939.0,143410.0,104.1669227,105.369,103.242,0.26,0.45,0.53,1.22,1.78,2.62,1419.4831318649383,79.65224078,99.642,61.0,4.9,0.0,0.0,0.0,0.0,0.0,0.0,0.0,0.0,,0.0,0.0,,,,,,,,0.0,104.1703248,0.38,,,,,,,MI,2016-02-01
2016-03-01,0.10757510524004377,-1.787273308683699,0.6519178238706028,-0.6337584390916355,-0.14880902543763774,-0.20215628270058705,-0.07668501280819846,0.09918452080287798,465780.86798542726,101621.0,358207.8110957567,36306.88242286023,75570.24961103972,246330.70322088117,111877.10787487558,151218.0,143666.0,104.4934648,105.521,103.481,0.25,0.47,0.66,1.38,1.89,2.68,1419.9549501840918,79.74364347,99.642,61.1,5.0,0.0,0.0,0.0,0.0,0.0,0.0,0.0,0.0,,0.0,0.0,,,,,,,,0.0,104.5215101,0.36,,,,,,,MI,2016-03-01
2016-04-01,0.07212474975739447,-1.725420725641357,0.9754193404324486,-1.6845787858173185,-0.1175798041857794,-0.17876379574935902,-0.04602905186147452,0.11027890863479273,467223.7365516312,75189.0,358182.0020612003,36325.1559545252,75464.78140681738,246392.096805782,111789.90525541836,151074.0,143856.0,104.8937422,105.786,103.823,0.19,0.37,0.56,1.26,1.81,2.62,1424.3939319803897,80.12719251,99.642,61.2,5.0,0.0,0.0,0.0,0.0,0.0,0.0,0.0,0.0,,0.0,0.0,,,,,,,,0.0,104.9165935,0.37,,,,,,,MI,2016-04-01
2016-05-01,0.279262483949128,-1.6391744682012053,0.7242741800940812,0.2084044614551384,0.14638462553644782,-0.2787977965555055,-0.1154622066251601,0.09534355322615945,469504.5058041682,66692.0,358803.9422179905,36409.02154643171,75496.26359675697,246898.6971477663,111905.24507022418,151132.0,143901.0,105.141721,105.948,103.977,0.23,0.42,0.59,1.3,1.81,2.63,1431.4162728295678,80.51160392,99.642,61.2,5.0,0.0,0.0,0.0,0.0,0.0,0.0,0.0,0.0,,0.0,0.0,,,,,,,,0.0,105.1799824,0.37,,,,,,,MI,2016-05-01
2016-06-01,0.27438858802335087,-1.640376900968611,0.7867479867153326,-0.23993087726870044,0.14099554920583834,-0.2763728245847586,-0.11582462370941628,0.09141477420033849,471579.26565874735,49724.0,359272.2342212623,36477.22582193425,75495.75233981281,247299.30405567557,111972.93016558676,151223.0,144152.0,105.4335899,106.077,104.175,0.22,0.4,0.55,1.17,1.64,2.45,1437.8393472522198,80.89687768,99.642,61.3,5.0,0.0,0.0,0.0,0.0,0.0,0.0,0.0,0.0,,0.0,0.0,,,,,,,,0.0,105.4433714,0.38,,,,,,,MI,2016-06-01
2016-07-01,0.47875479151942946,-1.6220777901149699,0.673572664609142,1.3228843392487253,0.33478996954854656,-0.3805448713506465,-0.18270463312613136,0.07870614531965554,471483.71682434896,76618.0,360273.77708265366,36599.52375469371,75607.52461187125,248066.78468850575,112206.99239414783,151554.0,144515.0,105.380483,106.257,104.218,0.26,0.4,0.51,1.07,1.5,2.23,1438.1800562282906,80.91848332,99.642,61.3,5.0,0.0,0.0,0.0,0.0,0.0,0.0,0.0,0.0,,0.0,0.0,,,,,,,,0.0,105.3994732,0.39,,,,,,,MI,2016-07-01
2016-08-01,0.17395651597292017,-1.638339285230047,0.6995994347477936,0.18077196544802607,0.056715521549584924,-0.2242727807938156,-0.0895922393516274,0.09364978042305273,470877.90062659286,63182.0,360883.3617567594,36681.96421841963,75637.22766206144,248564.2337491454,112319.12800761397,151779.0,144664.0,105.5753549,106.456,104.374,0.26,0.45,0.57,1.13,1.56,2.26,1436.9364841818845,80.93875951,99.642,61.4,5.0,0.0,0.0,0.0,0.0,0.0,0.0,0.0,0.0,,0.0,0.0,,,,,,,,0.0,105.5750658,0.4,,,,,,,MI,2016-08-01
2016-09-01,0.05406594030847678,-1.6397843157589023,0.7106842012593165,-0.07391509140009428,-0.04771623891056187,-0.16240384084720114,-0.042413771317158636,0.10646282531261571,470161.4461288317,47082.0,361404.6913107933,36755.36798814021,75648.74946200565,249000.6455932285,112404.04571756492,151761.0,144961.0,105.8523012,106.579,104.555,0.19,0.47,0.59,1.18,1.63,2.35,1435.3267878150257,80.95770625,99.642,61.4,5.1,0.0,0.0,0.0,0.0,0.0,0.0,0.0,0.0,,0.0,0.0,,,,,,,,0.0,105.8823529,0.4,,,,,,,MI,2016-09-01
2016-10-01,-0.03730535316823769,-1.687680059770901,0.7230503970301086,-0.5779532435040288,-0.17399843707289353,-0.11908676117599054,-0.005377653598797261,0.11673523790156552,470600.6845698213,47398.0,361751.5221499055,36810.94484632174,75624.12917756189,249316.52765318556,112434.99449671996,151793.0,145069.0,106.10028,106.737,104.786,0.24,0.48,0.66,1.27,1.76,2.5,1436.5397190464375,81.14339607,99.642,61.4,5.1,0.0,0.0,0.0,0.0,0.0,0.0,0.0,0.0,,0.0,0.0,,,,,,,,0.0,106.1018437,0.4,,,,,,,MI,2016-10-01
2016-11-01,-0.026962367050288094,-1.7233723815306976,0.41835491353389287,1.3593912782284898,-0.2007187817113163,-0.12736351123762335,-0.007836303886341352,0.1210493023604351,471896.25347401126,51757.0,362756.5918760613,36933.450034660586,75737.36477591438,250085.86451198463,112670.72736407668,151954.0,145189.0,106.2253667,106.789,104.826,0.3,0.58,0.74,1.6,2.14,2.86,1440.3641033713009,81.32895996,99.642,61.4,5.1,0.0,0.0,0.0,0.0,0.0,0.0,0.0,0.0,,0.0,0.0,,,,,,,,0.0,106.2335382,0.41,,,,,,,MI,2016-11-01
2016-12-01,-0.344697746315086,-1.815025460192773,0.4058800121377121,-0.16273653988323084,-0.5651147380177388,0.029414080073155706,0.09927299282595235,0.1441688951705692,472510.4506889361,73138.0,363237.8567279583,37002.58053458011,75741.45138406161,250493.9200319948,112743.93669596352,152157.0,145408.0,106.493535,106.929,105.017,0.42,0.64,0.87,1.96,2.49,3.11,1442.106154241694,81.5143979,99.642,61.4,5.0,0.0,0.0,0.0,0.0,0.0,0.0,0.0,0.0,,0.0,0.0,,,,,,,,0.0,106.4969271,0.54,,,,,,,MI,2016-12-01
2017-01-01,1.5381137115990873,-0.751686952089621,-0.44945263915764355,-2.171227147741053,2.113026205402166,-0.8569524402726577,-0.5586223872443676,-0.018340808495251583,470839.1203703704,101280.0,363076.853749241,37004.43356607972,75796.30262092697,250276.20452590604,112800.64922333506,152152.0,145639.0,106.9240965,107.205,105.408,0.5,0.62,0.83,1.92,2.43,3.02,1437.4141715998785,81.62770831,99.966,61.3,4.8,0.0,0.0,0.0,0.0,0.0,0.0,0.0,0.0,,0.0,0.0,,,,,,,,0.0,106.9359087,0.65,,,,,,,MI,2017-01-01
2017-02-01,1.2798893179408024,-0.8410375068204958,-0.4006633047439927,0.15734700196018778,1.8020164737892346,-0.7307292171596188,-0.47358818618923443,-0.03431383446750025,470197.87818509055,97250.0,363704.2720469831,37086.54605159297,76015.28211928892,250602.52281266748,113101.74923431563,152480.0,145845.0,107.09439,107.414,105.57,0.48,0.65,0.82,1.9,2.42,3.03,1435.8345306431754,81.73883959,99.966,61.3,4.7,0.0,0.0,0.0,0.0,0.0,0.0,0.0,0.0,,0.0,0.0,,,,,,,,0.0,107.1115013,0.66,,,,,,,MI,2017-02-01
2017-03-01,1.040278653591858,-1.0541270360832413,-0.9982370342294296,2.406434409757548,1.3835960649133467,-0.6243112170395476,-0.3870331762400144,-0.004364070210539309,470537.6639623929,89176.0,365089.4211084995,37245.9056789749,76392.54302828114,251451.0434832057,113638.3776252938,153065.0,145975.0,107.0443553,107.364,105.512,0.66,0.89,1.01,2.01,2.48,3.08,1437.2200043596936,81.84779176,99.966,61.3,4.5,0.0,0.0,0.0,0.0,0.0,0.0,0.0,0.0,,0.0,0.0,,,,,,,,0.0,107.0676032,0.79,,,,,,,MI,2017-03-01
2017-04-01,0.513604268756267,-1.1704027406932163,-0.8886274601147303,-0.5187489618892325,0.8151299550441757,-0.361520027569513,-0.20458268470889474,0.037880490299867085,470704.2479951581,68746.0,365471.0432743229,37302.85721490893,76559.67872093614,251608.5703838204,113862.47289050254,153255.0,146172.0,107.1764644,107.62,105.744,0.75,0.95,1.04,1.82,2.3,2.94,1438.7497891133305,82.10051427,99.966,61.3,4.3,0.0,0.0,0.0,0.0,0.0,0.0,0.0,0.0,,0.0,0.0,,,,,,,,0.0,107.1992976,0.9,,,,,,,MI,2017-04-01
2017-05-01,0.5439326872059727,-1.1950530528467167,-1.1721475342727987,2.141336123248569,0.8165790652778926,-0.3792318631664992,-0.20803117342500393,0.04912963676565778,472037.1001002705,49777.0,366757.7142100384,37452.15077157869,76916.23941325964,252389.37920552905,114368.33500450934,153069.0,146389.0,107.0935122,107.719,105.714,0.73,1.04,1.12,1.84,2.3,2.96,1443.8405774069658,82.35313664,99.966,61.3,4.3,0.0,0.0,0.0,0.0,0.0,0.0,0.0,0.0,,0.0,0.0,,,,,,,,0.0,107.1115013,0.91,,,,,,,MI,2017-05-01
2017-06-01,0.2749679399377321,-1.2737930518400533,-1.2361472754915261,0.8189111209196464,0.5069709006927349,-0.24661285803612706,-0.1149963482808185,0.068877318854169,472784.6713603932,46398.0,367589.47219203325,37554.97802768984,77177.33780654917,252857.20361007415,114732.26858195908,153318.0,146588.0,107.1632974,107.876,105.815,0.84,1.11,1.2,1.77,2.19,2.8,1447.1386126730615,82.60565889,99.966,61.4,4.4,0.0,0.0,0.0,0.0,0.0,0.0,0.0,0.0,,0.0,0.0,,,,,,,,0.0,107.1992976,1.04,,,,,,,MI,2017-06-01
2017-07-01,0.23784346700318426,-1.388393808921611,-1.293587884788593,1.5828865872136118,0.3607721954256107,-0.23681717804559022,-0.09441481739775118,0.08216476934737951,473464.7871355417,72128.0,368677.2264318513,37683.93769329123,77492.0793887745,253501.24871664084,115175.97771521042,153569.0,146772.0,107.1984094,107.941,105.842,0.97,1.13,1.22,1.87,2.32,2.88,1447.7859526463976,82.52933878,99.966,61.4,4.5,0.0,0.0,0.0,0.0,0.0,0.0,0.0,0.0,,0.0,0.0,,,,,,,,0.0,107.1992976,1.15,,,,,,,MI,2017-07-01
2017-08-01,-0.013081896052268116,-1.382544538716336,-1.1486597731468884,-0.7053581572343353,0.15107570190884273,-0.10659140711553325,-0.015646255841678725,0.09716204696497001,473143.4684663456,53056.0,368983.7218289615,37732.99526516048,77642.38294075322,253608.37504202256,115375.34678693884,153503.0,146907.0,107.610976,108.074,106.093,0.98,1.13,1.23,1.78,2.21,2.8,1445.3481125050664,82.45222003,99.966,61.5,4.6,0.0,0.0,0.0,0.0,0.0,0.0,0.0,0.0,,0.0,0.0,,,,,,,,0.0,107.6382792,1.16,,,,,,,MI,2017-08-01
2017-09-01,-0.13368779039089562,-1.3928135874004157,-1.1983143970961734,-2.2011166645332714,0.03723118883084653,-0.04507489901341978,0.03067370826209915,0.10927236288056713,472170.9815852983,48380.0,368779.0047985276,37729.66729582781,77684.5930642026,253364.76791465943,115414.23688386811,154286.0,146999.0,108.1604796,108.215,106.491,0.99,1.17,1.28,1.8,2.2,2.78,1440.903380567372,82.37430261,99.966,61.5,4.7,0.0,0.0,0.0,0.0,0.0,0.0,0.0,0.0,,0.0,0.0,,,,,,,,0.0,108.1650571,1.15,,,,,,,MI,2017-09-01
2017-10-01,0.045347740817014474,-1.2998545015576048,-1.5223001546271726,0.2388634996391216,0.28370070987442697,-0.13002987529401897,-0.027158473403508337,0.09792241484794303,473392.3436601409,45797.0,369408.70902407926,37811.61703298074,77902.13287325285,253694.9747455808,115713.73427849844,153609.0,147147.0,108.2443097,108.499,106.648,1.0,1.25,1.4,1.98,2.36,2.88,1441.3457392543698,82.82022629,99.966,61.5,4.8,0.0,0.0,0.0,0.0,0.0,0.0,0.0,0.0,,0.0,0.0,,,,,,,,0.0,108.2528534,1.15,,,,,,,MI,2017-10-01
2017-11-01,-0.026374521168161386,-1.3067564327126084,-1.8930754948119848,0.03341123975356319,0.21522062225378902,-0.09350724646993466,-0.006995225016100944,0.09893076536594196,474521.25750838575,46573.0,369967.2829393869,37886.231375302326,78104.40752008735,253976.65184491745,115990.63109446949,153805.0,147377.0,108.5331063,108.582,106.825,1.09,1.39,1.56,2.05,2.35,2.8,1441.5013545518373,83.26430437,99.966,61.4,4.7,0.0,0.0,0.0,0.0,0.0,0.0,0.0,0.0,,0.0,0.0,,,,,,,,0.0,108.5601405,1.16,,,,,,,MI,2017-11-01
2017-12-01,-0.07919898269517701,-1.3012311102083147,-2.186012698976932,0.25357950397715157,0.17531599878954768,-0.0657417580352124,0.014689169052835852,0.10359664502343405,475744.2512619181,70901.0,370600.2056459151,37968.40530940362,78322.11628341746,254309.684053094,116290.52159282108,153904.0,147521.0,108.7617735,108.742,106.98,1.2,1.5,1.7,2.18,2.4,2.77,1441.937440643111,83.70653686,99.966,61.4,4.6,0.0,0.0,0.0,0.0,0.0,0.0,0.0,0.0,,0.0,0.0,,,,,,,,0.0,108.7796313,1.3,,,,,,,MI,2017-12-01
2018-01-01,-1.1580610984738544,-1.7127946198599602,-1.9826776957291627,-1.6980112685676674,-1.1620635415155611,0.4583611889659817,0.394011446964634,0.19060786893385798,478325.1678123237,99914.0,370549.3253354697,37985.94164291528,78314.81343492112,254248.56249573128,116300.76283973844,154425.0,147670.0,109.1734623,109.08,107.362,1.3,1.62,1.8,2.38,2.58,2.88,1443.8957238128946,84.11865395,100.86,61.4,4.5,0.0,0.0,0.0,0.0,0.0,0.0,0.0,0.0,,0.0,0.0,,,,,,,,0.0,109.1747147,1.41,,,,,,,MI,2018-01-01
2018-02-01,-0.9342677552577905,-1.6123752474451711,-2.593229851281016,-0.505541950102172,-0.8696429838424953,0.35085990724011595,0.3243396619610762,0.19497553216914243,481419.4967092525,95613.0,370908.4630274871,38045.37359659308,78394.14634146342,254468.92760356143,116439.53542392568,155197.0,148058.0,109.4789372,109.311,107.625,1.38,1.79,1.96,2.6,2.86,3.13,1447.444950522648,84.53113098,100.86,61.4,4.4,0.0,0.0,0.0,0.0,0.0,0.0,0.0,0.0,,0.0,0.0,,,,,,,,0.0,109.4820018,1.42,,,,,,,MI,2018-02-01
2018-03-01,-0.5839156600026749,-1.5542796210480567,-3.1674959761212858,0.6022164897907556,-0.5107218818924246,0.1744706295956976,0.20952572270639153,0.1678459085386161,484997.7267877191,81833.0,371648.2180799242,38143.75980032845,78553.91224472753,254950.5228388246,116697.69524109966,155214.0,148281.0,109.541261,109.562,107.777,1.64,1.92,2.06,2.63,2.84,3.09,1452.477409836978,84.94396793,100.86,61.5,4.3,0.0,0.0,0.0,0.0,0.0,0.0,0.0,0.0,,0.0,0.0,,,,,,,,0.0,109.5697981,1.51,,,,,,,MI,2018-03-01
2018-04-01,-0.6582805149237576,-1.5393513022802066,-3.299124031368039,-2.9879334315549653e-05,-0.5597270708534099,0.21415183501112847,0.2200776384346699,0.16390791549077888,485098.49859861005,65955.0,372182.4338506751,38220.97517008066,78670.22261732785,255291.2051956393,116891.22865503575,155312.0,148426.0,109.7892399,109.75,107.988,1.66,1.98,2.15,2.7,2.87,3.07,1453.5250120383746,85.22519035,100.86,61.6,4.1,0.0,0.0,0.0,0.0,0.0,0.0,0.0,0.0,,0.0,0.0,,,,,,,,0.0,109.7892888,1.69,,,,,,,MI,2018-04-01
2018-05-01,-0.6915591102640289,-1.4869493858764835,-3.5366243474235217,0.05153154674141386,-0.5360457061065627,0.23565399041825993,0.23345727266068933,0.16493976273228955,485225.78478583,44987.0,372735.2354896648,38300.013247930365,78790.44855027589,255644.7351800329,117090.50030963184,155652.0,148755.0,110.067064,109.956,108.193,1.71,2.07,2.27,2.82,2.98,3.13,1454.6275988280202,85.50496257,100.86,61.6,4.1,0.0,0.0,0.0,0.0,0.0,0.0,0.0,0.0,,0.0,0.0,,,,,,,,0.0,110.0965759,1.7,,,,,,,MI,2018-05-01
2018-06-01,-0.5030415092457647,-1.4950835373472522,-3.7649770035034993,0.8637835185121404,-0.3822138593668529,0.13750991207945845,0.17536452346548626,0.15461843724814556,485715.5386504427,38427.0,373565.09135223465,38407.45220048562,78969.22920686504,256188.36378407825,117376.72756815644,155762.0,148966.0,110.2158513,110.073,108.317,1.81,2.11,2.33,2.78,2.91,3.05,1456.7930444897847,85.78328458,100.86,61.6,4.0,0.0,0.0,0.0,0.0,0.0,0.0,0.0,0.0,,0.0,0.0,,,,,,,,0.0,110.2282704,1.82,,,,,,,MI,2018-06-01
2018-07-01,-0.4666409208000829,-1.5002064065426717,-3.962891138615969,1.1025427346958823,-0.35605846321547796,0.11827104702648134,0.15720349190071273,0.1489111970970818,485453.2653243191,66095.0,374475.9278218978,38523.17133536872,79165.1217060055,256787.5809759235,117688.34684597432,156146.0,149022.0,110.305826,110.219,108.417,1.89,2.17,2.39,2.78,2.89,3.01,1457.5375725209144,85.64790318,100.86,61.5,4.0,0.0,0.0,0.0,0.0,0.0,0.0,0.0,0.0,,0.0,0.0,,,,,,,,0.0,110.3160667,1.91,,,,,,,MI,2018-07-01
2018-08-01,-0.4575109625334125,-1.5287139068723563,-4.177243905060076,1.2534433589535146,-0.3766245610742782,0.11121336738631424,0.15169149235534418,0.14869987878976035,485258.5513016655,48407.0,375436.9811923587,38644.01885065096,79371.62448618459,257421.2764127233,118015.7047796354,155504.0,149272.0,110.4927976,110.246,108.502,1.94,2.24,2.45,2.77,2.89,3.04,1458.4459963871634,85.5118737,100.86,61.5,4.1,0.0,0.0,0.0,0.0,0.0,0.0,0.0,0.0,,0.0,0.0,,,,,,,,0.0,110.4916594,1.91,,,,,,,MI,2018-08-01
2018-09-01,-0.7208532856863847,-1.5756517806534422,-4.327414786151639,-0.2757150279466562,-0.6496946829113242,0.24353136817618584,0.24122738198338556,0.16704377820184288,484390.5534403796,40723.0,375873.84355055273,38710.84625429933,79467.29754087806,257695.63078224723,118178.21276830549,156015.0,149361.0,110.707859,110.476,108.738,2.04,2.34,2.56,2.89,3.0,3.15,1457.2901966193972,85.37519614,100.86,61.5,4.1,0.0,0.0,0.0,0.0,0.0,0.0,0.0,0.0,,0.0,0.0,,,,,,,,0.0,110.7111501,1.95,,,,,,,MI,2018-09-01
2018-10-01,-0.7001728891114003,-1.5623563104354294,-4.688583381813805,0.22537308433036923,-0.6186767422378052,0.23392405243122874,0.23949182939443922,0.1706590568863565,483165.9995348436,39910.0,376481.5528870286,38795.184409924994,79599.07825639896,258087.2137147617,118394.3391722669,156391.0,149526.0,110.9812941,110.626,108.924,2.17,2.46,2.65,3.0,3.15,3.34,1456.4417355220155,85.17314359,100.86,61.5,4.2,0.0,0.0,0.0,0.0,0.0,0.0,0.0,0.0,,0.0,0.0,,,,,,,,0.0,111.0184372,2.19,,,,,,,MI,2018-10-01
2018-11-01,-0.5153458709845407,-1.5630707288530237,-4.970525567600878,1.6497139885712186,-0.46063211347034017,0.1382967994704169,0.17931735685510322,0.16023874838026997,482569.2322281264,41515.0,377575.1207529967,38929.54265280336,79833.57652176307,258811.9174566464,118763.20329635032,156721.0,149622.0,110.8913194,110.831,108.969,2.24,2.52,2.7,2.95,3.12,3.36,1457.4406418339158,84.97067838,100.86,61.6,4.2,0.0,0.0,0.0,0.0,0.0,0.0,0.0,0.0,,0.0,0.0,,,,,,,,0.0,110.9306409,2.2,,,,,,,MI,2018-11-01
2018-12-01,-0.32911300387468057,-1.5369753242182238,-5.13045930280032,1.8770419892030425,-0.2745975344434828,0.04414385230649912,0.1136401281576508,0.14378641953285792,482074.6667156004,62483.0,378747.6947637879,39072.03347065354,80084.77764219065,259590.79190024865,119156.9028635392,156817.0,149805.0,110.844796,111.009,108.991,2.37,2.54,2.66,2.68,2.83,3.1,1458.7075134644144,84.7678005,100.86,61.7,4.2,0.0,0.0,0.0,0.0,0.0,0.0,0.0,0.0,,0.0,0.0,,,,,,,,0.0,110.8867428,2.27,,,,,,,MI,2018-12-01
2019-01-01,-1.463688541238132,-2.233752795397451,-4.499250562794118,1.1037684311719635,-1.9442905444216123,0.5736735339902971,0.5056906769361613,0.2426182260141372,482917.2822399836,89957.0,379628.7978197234,39128.52406165218,80231.15733901033,260269.0399503262,119359.7655162713,156529.0,150114.0,110.809245,111.134,108.977,2.4,2.51,2.58,2.54,2.71,3.04,1462.8358984005797,84.7719466,101.98,61.7,4.2,0.0,0.0,0.0,0.0,0.0,0.0,0.0,0.0,,0.0,0.0,,,,,,,,0.0,110.8428446,2.4,,,,,,,MI,2019-01-01
2019-02-01,-1.2996104395910462,-2.215059366532941,-4.56103731766024,-0.771464806342718,-1.784617667575775,0.49034851124327045,0.4519193068566449,0.25379486958629893,482949.0163023225,94819.0,379872.14373408095,39119.32946084446,80242.80932573497,260509.9438672356,119362.2151369111,156908.0,150092.0,111.1011139,111.207,109.146,2.43,2.5,2.55,2.49,2.68,3.02,1464.499534568376,84.77601822,101.98,61.7,4.2,0.0,0.0,0.0,0.0,0.0,0.0,0.0,0.0,,0.0,0.0,,,,,,,,0.0,111.1062335,2.4,,,,,,,MI,2019-02-01
2019-03-01,-1.0580583147871068,-2.0927434465631576,-4.707068306186768,-2.0922096041027376,-1.4550515974312503,0.37548154204740153,0.36550948336374806,0.23018283214822233,482415.7780762589,84492.0,379670.1707738274,39064.42166241788,80160.5630328116,260445.1403927158,119225.05322405272,156755.0,150320.0,111.6005829,111.35,109.443,2.45,2.51,2.49,2.37,2.57,2.98,1464.43706769734,84.78001536,101.98,61.8,4.1,0.0,0.0,0.0,0.0,0.0,0.0,0.0,0.0,,0.0,0.0,,,,,,,,0.0,111.6330114,2.41,,,,,,,MI,2019-03-01
2019-04-01,-0.8438221124758272,-1.9944030649404698,-4.667643086849086,-2.505727218339553,-1.172922529356594,0.27277286978538745,0.29044546287888634,0.2074067554187489,482434.3231918382,69149.0,379331.0256877391,38995.59725511632,80049.58401651785,260285.8140523474,119045.24199915012,156683.0,150563.0,111.9912044,111.65,109.78,2.43,2.46,2.42,2.33,2.53,2.94,1463.1796401894696,85.1181906,101.98,61.8,4.1,0.0,0.0,0.0,0.0,0.0,0.0,0.0,0.0,,0.0,0.0,,,,,,,,0.0,112.0280948,2.42,,,,,,,MI,2019-04-01
2019-05-01,-0.33633954327902504,-1.9314666210696454,-4.8303356937734145,0.13089225082860095,-0.6741682460944158,0.015531258120893732,0.11589865594785996,0.16997736317847284,483598.9841246723,44495.0,379894.38446693856,39019.67879163023,80129.20702252649,260745.48348140565,119148.93891397191,156814.0,150630.0,112.0623063,111.773,109.856,2.4,2.42,2.34,2.19,2.4,2.82,1465.392718649869,85.45542888,101.98,61.8,4.1,0.0,0.0,0.0,0.0,0.0,0.0,0.0,0.0,,0.0,0.0,,,,,,,,0.0,112.071993,2.39,,,,,,,MI,2019-05-01
2019-06-01,-0.16050797988300625,-1.9075860243240028,-4.1907583201262115,0.09397652402580021,-0.4992806136604244,-0.07342031293610932,0.049131061502383375,0.147743389567643,484748.8061127029,41524.0,380446.5820712239,39042.66157274754,80206.53113203257,261197.38936644376,119249.23818620092,157164.0,150797.0,112.0781068,112.0,109.935,2.22,2.17,2.0,1.83,2.07,2.57,1467.5521972074407,85.7917302,101.98,61.8,4.2,0.0,0.0,0.0,0.0,0.0,0.0,0.0,0.0,,0.0,0.0,,,,,,,,0.0,112.1158911,2.38,,,,,,,MI,2019-06-01
2019-07-01,-0.2948430672617217,-1.945325155090081,-3.857957341962709,-0.7145015357261465,-0.6523138951791125,-0.007050855732524241,0.0840624106332966,0.1525663548295279,486433.2903397706,64166.0,380721.1337584246,39037.224250791776,80225.40586529083,261458.5187809209,119262.66796252927,157525.0,150879.0,112.3146742,112.157,110.094,2.15,2.08,1.96,1.83,2.06,2.57,1470.6184587715952,86.10323176,101.98,61.8,4.2,0.0,0.0,0.0,0.0,0.0,0.0,0.0,0.0,,0.0,0.0,,,,,,,,0.0,112.3353819,2.4,,,,,,,MI,2019-07-01
2019-08-01,0.10221498179461141,-1.8518001972262925,-3.6297436705773123,0.49787565809788165,-0.21787383198071542,-0.20469232563389111,-0.04409689937440621,0.12707953063260116,488649.1967215096,43083.0,381413.48563541926,39074.686134214666,80332.38901197353,262006.44075594103,119407.10541289816,157782.0,151111.0,112.4371275,112.27,110.132,2.07,1.93,1.77,1.49,1.63,2.12,1475.2974866523805,86.41488443,101.98,61.8,4.2,0.0,0.0,0.0,0.0,0.0,0.0,0.0,0.0,,0.0,0.0,,,,,,,,0.0,112.4670764,2.13,,,,,,,MI,2019-08-01
2019-09-01,-0.1105203545797222,-1.9328859170309105,-3.4055855681375875,0.13143170708244195,-0.48150842598621324,-0.10133507119148918,0.015189715643209294,0.13575711904733329,490698.7759398224,37067.0,381977.0749589409,39098.99098968305,80412.29232262925,262465.8370157976,119511.30599689676,158302.0,151318.0,112.6201491,112.339,110.207,1.99,1.89,1.8,1.57,1.7,2.16,1479.4789196693496,86.72668821,101.98,61.7,4.1,0.0,0.0,0.0,0.0,0.0,0.0,0.0,0.0,,0.0,0.0,,,,,,,,0.0,112.642669,2.04,,,,,,,MI,2019-09-01
2019-10-01,-0.2663817070710812,-1.9544033357300483,-2.6745999706702706,-1.2992177837510328,-0.6368496034803783,-0.022510456845367385,0.07184039931969173,0.14866245188686206,491385.46015473857,49726.0,382051.4295029115,39073.305983958686,80389.30597188383,262588.87792096485,119462.62704931672,158474.0,151447.0,112.9313296,112.496,110.423,1.73,1.67,1.61,1.53,1.71,2.19,1479.176064769115,86.50282291,101.98,61.7,4.0,0.0,0.0,0.0,0.0,0.0,0.0,0.0,0.0,,0.0,0.0,,,,,,,,0.0,112.9499561,1.83,,,,,,,MI,2019-10-01
2019-11-01,-0.11855839888730713,-1.918874395355231,-2.5202109043663703,0.42139677313620916,-0.47439677687920323,-0.09603542088766774,0.023160964363765125,0.1420272906764472,492826.70553126495,46966.0,382713.5440711874,39107.81154290643,80490.08469947832,263115.72326474666,119597.90378597888,158642.0,151662.0,113.1433186,112.524,110.469,1.58,1.59,1.57,1.64,1.81,2.28,1481.1360001448372,86.27924042,101.98,61.7,3.9,0.0,0.0,0.0,0.0,0.0,0.0,0.0,0.0,,0.0,0.0,,,,,,,,0.0,113.1694469,1.55,,,,,,,MI,2019-11-01
2019-12-01,-0.3337353441149684,-1.976464218907069,-2.375837784984795,-1.8164028411529773,-0.7167226730781628,0.010507628619215895,0.09620208361138367,0.15411431541950715,493280.3243750903,65902.0,382609.9913307325,39064.170640080905,80429.94148244472,263115.96951307607,119494.11212252564,158834.0,151764.0,113.3517964,112.772,110.736,1.55,1.58,1.55,1.68,1.86,2.3,1480.1202508669269,86.05594073,101.98,61.5,3.8,0.0,0.0,0.0,0.0,0.0,0.0,0.0,0.0,,0.0,0.0,,,,,,,,0.0,113.3889377,1.55,,,,,,,MI,2019-12-01
2020-01-01,5.407238772888231,0.3667607759945879,-5.245359052580772,-5.966501833408462,6.5526827342551215,-2.7658582454186544,-1.8754413084668982,-0.311540510764581,491115.5778290552,99293.0,381195.0623738102,39178.54953850591,80305.66471973852,261710.93073983272,119484.2142582447,158543.0,152098.0,113.5356958,113.008,110.944,1.53,1.56,1.53,1.56,1.76,2.22,1482.7755011537351,85.83165641,107.221,61.4,3.8,0.0,0.0,0.0,0.0,0.0,0.0,0.0,0.0,0.0,0.0,0.0,0.0,0.0,0.0,0.0,0.0,0.0,0.0,0.0,113.5645303,1.55,252.0,185.0,29.0,28.0,0.0,0.0,MI,2020-01-01
2020-02-01,4.3280915350421205,-0.083017634147031,-4.547540889792643,-5.068336831230008,5.176903781236707,-2.2446518000308027,-1.575606673994213,-0.3385543221009442,489319.9183697965,83064.0,380065.81435131,39321.508958314575,80241.0491881996,260503.33123255603,119562.55814651393,158749.0,152371.0,113.6783385,113.206,111.07,1.58,1.51,1.41,1.32,1.5,1.97,1486.5168623390653,85.60739598,107.221,61.1,3.8,0.0,0.0,0.0,0.0,0.0,0.0,0.0,0.0,0.0,0.0,0.0,0.0,0.0,0.0,0.0,0.0,0.0,0.0,0.0,113.6962248,1.58,288.0,154.0,63.0,53.0,0.0,0.0,MI,2020-02-01
2020-03-01,8.853606069163476,1.2872414449582195,-3.3836980762040914,-1.5223416223336694,-6.28085779246797,15.807767037473377,8.771276518523702,-0.7434297487043852,489164.8018479752,81977.0,380211.1004836498,39596.61264708006,80445.70670612864,260168.84880531297,120042.31935320872,155451.0,150944.0,113.3087842,113.143,110.824,0.37,0.3,0.33,0.59,0.87,1.46,1495.2514256839677,85.38315944,107.221,60.8,3.8,0.0,0.0,0.0,19903.0,19421.0,558.0,514.0,7951.0,292.0,0.0,0.0,0.0,0.0,0.0,0.0,0.0,0.0,1.0,0.0,113.3450395,0.65,27275.0,25587.0,10427.0,10399.0,2561.0,2548.0,MI,2020-03-01
2020-04-01,14.438519470142616,2.9650784186718226,-5.9433608230516874,1.698726295656805,-6.317110204310325,-6.102425820190904,-1.944055493778733,4.005426327618295,472994.396920574,911781.0,381533.6048695085,39996.2807405862,80900.75624941417,260636.62835527092,120897.03699000066,133258.0,130430.0,112.3998209,112.668,110.237,0.11,0.17,0.18,0.39,0.66,1.27,1492.0374284496131,82.13353379,107.221,56.6,22.7,0.0,3872510075.0,8418112644.0,34532.0,32213.0,3944.0,3736.0,35527.0,3699.0,0.0,0.0,1.0,0.0,0.0,1.0,0.0,0.0,1.0,0.0,112.4231782,0.05,33141.0,31257.0,7828.0,7754.0,3664.0,3538.0,MI,2020-04-01
2020-05-01,7.443700232441323,0.5466310650385138,-2.2475263260504756,-5.089229016290461,6.288984367392942,-3.337221608038239,-4.251257827849923,-11.41520060214995,453741.7801660734,995852.0,380431.2071262223,40142.8597319511,80842.37250761945,259446.02774731995,120985.2322395703,137128.0,133055.0,112.3339858,112.819,110.353,0.1,0.15,0.16,0.34,0.67,1.38,1479.1819533678288,78.93553542,107.221,60.5,19.2,0.0,0.0,0.0,43686.0,38520.0,1430.0,1381.0,19233.0,1740.0,0.0,0.0,1.0,0.0,0.0,0.0,1.0,0.0,1.0,1.0,112.3353819,0.05,19087.0,18410.0,1852.0,1834.0,344.0,334.0,MI,2020-05-01
2020-06-01,3.9301971214782214,-0.5501689945109184,-0.48979507672353473,-7.71263280313986,4.080090052771202,-3.0609808748025182,-3.552388946598797,1.2438108290293861,433442.7428530151,597948.0,378382.33435067633,40188.358947501496,80582.0526249255,257611.96792660689,120770.411572427,142276.0,137620.0,112.8927063,113.051,110.746,0.13,0.18,0.18,0.34,0.73,1.49,1462.563455113503,75.78916434,107.221,62.0,14.6,0.0,0.0,0.0,27082.0,23586.0,377.0,371.0,8017.0,462.0,0.0,0.0,1.0,1.0,0.0,0.0,1.0,0.0,1.0,1.0,112.9060579,0.08,13573.0,13143.0,784.0,778.0,44.0,44.0,MI,2020-06-01
2020-07-01,3.021459729311524,-0.5634875789343852,0.1471840741352629,-6.986325851409068,3.5740828252899295,-0.7317821788135859,-0.5976964759020704,-0.13697918306184173,452067.69782963576,587856.0,376574.969389225,40257.80574762317,80372.02595313554,255945.175201671,120629.83170075896,143779.0,139064.0,113.4746886,113.425,111.072,0.11,0.14,0.15,0.28,0.62,1.31,1486.8927578507637,78.69123995,107.221,61.3,12.6,0.0,0.0,0.0,41363.0,37475.0,236.0,227.0,19846.0,257.0,0.0,0.0,0.0,1.0,0.0,0.0,1.0,0.0,1.0,1.0,113.476734,0.09,28012.0,26737.0,1471.0,1464.0,0.0,0.0,MI,2020-07-01
2020-08-01,2.513429929349735,-0.5223559040813475,0.5042783575573071,-7.077984399463543,2.483865633119658,-1.4529628906663854,-0.529276265641943,-0.15872850817333292,470528.7329497689,463296.0,374734.45171482174,40322.140542675326,80153.8746922057,254258.46639918865,120476.01523488078,147201.0,140799.0,113.9298286,113.782,111.411,0.08,0.12,0.13,0.27,0.65,1.36,1511.072243315292,81.64645528,107.221,60.3,9.9,0.0,0.0,0.0,39178.0,35519.0,290.0,287.0,22451.0,303.0,0.0,0.0,0.0,1.0,0.0,0.0,1.0,0.0,0.0,1.0,113.9596137,0.1,28962.0,27642.0,1436.0,1432.0,106.0,106.0,MI,2020-08-01
2020-09-01,2.678591016335342,-0.384867126735458,0.4308225750961313,-5.714849407586027,2.906772497292836,-1.547576251841205,-0.8111617231206124,-0.1733500603178285,489477.8386030301,440859.0,373362.82511893776,40435.65713671346,80035.1661544802,252892.02422656855,120470.82329119368,147625.0,141760.0,114.197558,113.979,111.613,0.09,0.12,0.13,0.27,0.68,1.42,1537.1578982734984,84.65481034,107.221,60.1,8.7,0.0,0.0,0.0,36796.0,33019.0,290.0,279.0,24989.0,330.0,0.0,0.0,0.0,1.0,0.0,0.0,1.0,0.0,0.0,1.0,114.2230026,0.09,37712.0,36798.0,1733.0,1726.0,84.0,84.0,MI,2020-09-01
2020-10-01,3.4824808562216045,0.3051337918459751,0.10655285634133413,-4.140998966775794,0.5170967898621726,-0.5572099149535397,-0.03481938005685651,-0.27055377299262373,491160.5522117128,225805.0,372552.5759529952,40609.41530524506,80036.42399923572,251906.75157638293,120645.83930448108,149854.0,142479.0,114.2686599,114.017,111.648,0.09,0.11,0.13,0.34,0.79,1.57,1537.540984164517,85.51215037,107.221,59.6,7.5,0.0,0.0,0.0,66505.0,60905.0,672.0,635.0,59392.0,616.0,0.0,0.0,0.0,1.0,0.0,0.0,1.0,0.0,0.0,1.0,114.3107989,0.09,87812.0,87697.0,4413.0,4409.0,680.0,658.0,MI,2020-10-01
2020-11-01,4.786097322364114,1.4298863644701427,-0.4354540878781674,-4.094232743574803,-14.713183120996632,-0.3887470655564764,0.19571917140438339,-0.437890107243895,492917.2412969633,180200.0,371799.4286533054,40789.27336879623,80049.86596934903,250960.29677789123,120839.139338145,149928.0,142743.0,114.4306142,114.048,111.666,0.09,0.1,0.12,0.39,0.87,1.62,1538.1243028316587,86.3627055,107.221,59.4,7.1,0.0,0.0,0.0,173167.0,163156.0,2377.0,2275.0,191536.0,1865.0,0.0,0.0,0.0,1.0,0.0,0.0,1.0,0.0,0.0,1.0,114.4424934,0.09,200689.0,200442.0,9116.0,9102.0,3334.0,3323.0,MI,2020-11-01
2020-12-01,4.0076309813373605,1.776834580023749,0.096659010975852,-8.635691270210605,-12.342762449053069,-2.9105700393937135,-1.1203818587155834,-0.4269516189987379,492617.9224253232,205214.0,369504.77039678994,40798.84083816317,79730.62862238073,248975.3009362461,120529.46946054389,149961.0,142475.0,114.8006074,114.422,112.15,0.08,0.09,0.1,0.39,0.93,1.67,1532.2803566651803,87.20647573,107.221,58.3,7.0,0.0,0.0,0.0,107516.0,97938.0,3642.0,3333.0,139679.0,3454.0,0.0,0.00685,0.0,1.0,0.0,0.0,1.0,0.0,0.0,1.0,114.8375768,0.09,188965.0,188576.0,7742.0,7730.0,2969.0,2911.0,MI,2020-12-01
2021-01-01,5.358399063212943,3.9186901303995114,-0.34098445108213415,4.0355913497917335,2.217220451693237,-3.528319475255075,-2.6205928361366455,-0.5787734520701245,491684.209279672,186025.0,371600.9595883331,41332.72785411652,80389.35718536547,249878.8745488511,121722.085039482,149871.0,142969.0,115.0797482,114.782,112.583,0.08,0.09,0.1,0.45,1.08,1.82,1537.5868479255305,87.51879313,109.224,59.0,6.4,0.0,0.0,0.0,63934.0,55097.0,2008.0,1840.0,81517.0,2507.0,0.0,0.09783,0.0,1.0,0.0,0.0,1.0,0.0,0.0,1.0,115.1009658,0.09,161783.0,156040.0,5167.0,5057.0,1257.0,1193.0,MI,2021-01-01
2021-02-01,3.1222236267356926,3.3113938940757635,0.9357968267586496,4.611473472807346,5.824178503669586,-2.594643251907309,-2.4837807775117082,-0.433852331743802,490996.5976457954,166591.0,373863.0294231345,41882.90648985048,81082.49749913688,250897.6254341472,122965.40398898735,150205.0,143544.0,115.5827284,114.975,112.961,0.04,0.06,0.07,0.54,1.26,2.04,1543.4557139189633,87.82538144,109.224,59.0,6.3,0.0,0.0,0.0,34918.0,28652.0,820.0,777.0,35412.0,983.0,0.0,0.23215,0.0,1.0,0.0,0.0,1.0,0.0,0.0,1.0,115.5838455,0.08,66722.0,62439.0,2507.0,2456.0,271.0,259.0,MI,2021-02-01
2021-03-01,2.5377055547491487,4.546695462498718,1.4951460619469745,1.6179047672727749,5.238141080746118,1.426429157296875,-0.5657290872926882,-0.490107983023726,489049.29949310055,136715.0,375140.21138411714,42320.0110884258,81560.16791044775,251260.0323852436,123880.17899887355,150751.0,144328.0,116.3209593,115.457,113.632,0.02,0.05,0.08,0.82,1.61,2.34,1545.1433091030697,88.12624066,109.224,59.0,6.2,0.0,0.0,0.0,110358.0,93881.0,661.0,609.0,100801.0,611.0,0.17,0.44256,0.0,1.0,1.0,0.0,1.0,0.0,0.0,1.0,116.3301141,0.07,168397.0,158635.0,5490.0,5398.0,486.0,459.0,MI,2021-03-01
2021-04-01,3.434858461783466,6.573229874527138,1.3300999755734613,2.004775651258677,-1.269703396010133,-0.4936321816994123,0.5278737242595849,-0.6023860670706447,492190.718791762,112696.0,376616.56658321485,42776.30910905304,82078.90544302246,251761.3520311394,124855.2145520755,151171.0,144614.0,117.0666515,116.186,114.238,0.02,0.04,0.06,0.86,1.64,2.3,1559.222096850435,88.83380306,109.224,59.1,6.2,6540417627.0,0.0,0.0,157899.0,138908.0,1862.0,1743.0,190116.0,1634.0,0.318,0.71276,0.0,1.0,1.0,0.0,1.0,0.0,0.0,1.0,117.0763828,0.07,248877.0,237239.0,7948.0,7786.0,1954.0,1876.0,MI,2021-04-01
2021-05-01,1.8678318519314487,6.200660816251567,2.172402130371733,2.2582488018980422,4.891735368693418,-3.2825804030188674,-1.4391571179201113,-0.5425989353445277,495406.8287188244,124099.0,378159.6614381479,43237.20377289473,82610.1516299567,252312.30603529644,125847.35540285143,151482.0,145096.0,117.8882735,116.787,114.819,0.01,0.04,0.05,0.82,1.62,2.32,1573.6064109598583,89.54409609,109.224,59.2,6.2,0.0,0.0,0.0,39926.0,33951.0,1440.0,1377.0,55474.0,1623.0,0.421,0.86988,0.0,0.0,1.0,0.0,1.0,0.0,0.0,1.0,117.9104478,0.06,105560.0,101109.0,3783.0,3721.0,696.0,676.0,MI,2021-05-01
2021-06-01,0.01782221021531072,5.525183133167102,3.09883781499383,1.7422930644388948,6.907795694979299,-3.3585947828905276,-2.2975516268357534,-0.28236939851233933,498340.089036706,98003.0,379496.483569783,43671.50825408374,83094.28536783939,252730.68994785985,126765.79362192312,151684.0,145789.0,118.9223234,117.349,115.458,0.03,0.05,0.07,0.84,1.52,2.16,1587.1591938193976,90.25711977,109.224,59.4,6.3,0.0,0.0,0.0,6259.0,5211.0,438.0,403.0,8078.0,623.0,0.471,0.94364,0.0,0.0,1.0,0.0,1.0,0.0,0.0,1.0,118.9640035,0.08,61389.0,60774.0,1117.0,1106.0,24.0,24.0,MI,2021-06-01
2021-07-01,-0.17912143085222354,5.3016973928526925,3.1763214118409033,2.7917796638176395,6.673402924639419,2.038653121743779,-0.7184510892701287,-0.1794618339161644,497752.4873691652,79687.0,381183.0378953779,44143.2371148242,83653.07019812736,253386.7305824263,127796.30731295155,152782.0,146558.0,119.4617323,117.811,115.986,0.05,0.05,0.08,0.76,1.32,1.94,1591.4075922956215,89.85685303,109.224,59.4,6.2,0.0,0.0,0.0,13080.0,11019.0,160.0,149.0,11087.0,189.0,0.488,0.98117,0.0,0.0,0.0,0.0,1.0,0.0,0.0,0.0,119.4907814,0.1,65794.0,64095.0,1217.0,1204.0,0.0,0.0,MI,2021-07-01
2021-08-01,0.3265236414301462,5.418389079094448,2.8759206190610263,3.4030853937351067,6.0551399303860975,2.882744504281836,1.8588725032109998,-0.2684438064145626,497469.08385146514,87930.0,383084.4583376275,44637.508158428085,84257.41128782935,254189.53889137012,128894.91944625744,153211.0,147221.0,119.860254,118.199,116.444,0.04,0.06,0.07,0.77,1.28,1.92,1596.456144584521,89.4571626,109.224,59.4,6.0,0.0,0.0,0.0,46562.0,40150.0,231.0,208.0,49237.0,359.0,0.505,1.02005,0.0,0.0,0.0,0.0,1.0,0.0,0.0,0.0,119.8858648,0.09,84137.0,78444.0,3162.0,3075.0,182.0,178.0,MI,2021-08-01
2021-09-01,0.5472080756125952,5.671576331512268,2.8171619662124234,4.241383922492995,4.932973732311441,1.5729318860003638,1.1951587970584003,-0.3061090191476227,497588.0076707075,66911.0,385280.781282104,45164.22248476132,84925.30477364564,255191.254023697,130089.52725840696,153867.0,147778.0,120.3527006,118.446,116.808,0.05,0.05,0.08,0.86,1.37,1.94,1602.6337331347167,89.05804848,109.224,59.4,5.7,0.0,0.0,0.0,91984.0,77824.0,392.0,328.0,89721.0,808.0,0.523,1.06411,0.0,0.0,0.0,0.0,1.0,0.0,0.0,0.0,120.3687445,0.08,123861.0,114184.0,3471.0,3401.0,441.0,416.0,MI,2021-09-01
2021-10-01,-0.03257311930906681,6.094697378669281,3.186561391414221,1.1994695017016224,0.6016364763848046,1.069842963755172,0.8265809220453456,-0.30113597918489493,498285.14032295137,60220.0,386450.925981097,45568.27177623235,85365.38445168923,255517.26975317547,130933.65622792156,154395.0,148559.0,121.3955285,118.929,117.479,0.06,0.06,0.11,1.11,1.58,2.06,1602.8844423258624,88.69517159,109.224,59.4,5.4,0.0,0.0,0.0,120455.0,101990.0,694.0,570.0,125039.0,1307.0,0.535,1.15323,0.0,0.0,0.0,0.0,1.0,0.0,0.0,0.0,121.4223003,0.08,169656.0,156590.0,4791.0,4691.0,1127.0,1064.0,MI,2021-10-01
2021-11-01,0.372941044721415,6.966539117921947,3.0598547522568724,0.5941331225874193,-9.127109033800025,1.5136204401567115,0.6660193288350489,-0.36177405988391703,498763.282571912,53867.0,387443.8169768757,45948.28680203046,85764.17089678512,255731.3592780601,131712.45769881556,155535.0,149173.0,122.2443623,119.543,118.2,0.07,0.07,0.18,1.2,1.56,1.94,1602.3031023688663,88.33191263,109.224,59.3,5.2,0.0,0.0,0.0,209153.0,180423.0,1057.0,860.0,199950.0,1737.0,0.546,1.2767,0.0,0.0,0.0,0.0,1.0,0.0,0.0,0.0,122.2563652,0.08,220260.0,201217.0,7139.0,6958.0,2935.0,2730.0,MI,2021-11-01
2021-12-01,0.6184297017920315,7.691927149559842,2.799103485440139,1.256938170478157,-11.734204492290132,0.47454333455930836,0.7787668700024647,-0.4190089170905047,499571.69663668267,51543.0,388686.1436709553,46354.87752543314,86216.12069908534,256115.14544643683,132570.9982245185,156081.0,149742.0,122.9474811,120.193,118.841,0.04,0.15,0.3,1.23,1.47,1.85,1602.656801945457,87.9682716,109.224,59.3,5.1,0.0,0.0,0.0,226015.0,198475.0,1649.0,1295.0,235272.0,3621.0,0.569,1.40361,0.0,0.0,0.0,0.0,1.0,0.0,0.0,0.0,122.9587357,0.08,261195.0,243230.0,6832.0,6710.0,3492.0,3270.0,MI,2021-12-01
2022-01-01,-8.54931364596672,6.330218891218678,7.324507405195086,-1.030935504813935,-16.550425727383924,6.75041775326901,3.369864918447167,0.19657700054464844,500505.98900133086,71265.0,389055.9405926784,46334.30011132595,86340.00591506333,256381.6345662892,132674.30602638927,157122.0,150106.0,123.7405746,120.761,119.469,0.05,0.33,0.55,1.54,1.76,2.1,,,,59.4,4.9,0.0,0.0,0.0,548194.0,473280.0,1535.0,1146.0,548140.0,3243.0,0.582,1.4732,,,,,,,,0.0,123.7489025,0.08,408383.0,371146.0,5614.0,5491.0,2825.0,2596.0,MI,2022-01-01
2022-02-01,-7.441632939464327,7.224282173190552,5.918143209785962,-1.9095546448906888,-2.457376492892024,0.9598413084828564,1.3277659367421315,0.28321809697930667,501092.5460566825,74869.0,389159.3996682696,46282.72229526203,86404.31970355056,256472.35766945692,132687.0419988126,157590.0,151010.0,124.7276622,121.205,120.178,0.04,0.64,1.0,1.81,1.93,2.25,,,,59.5,4.7,0.0,0.0,0.0,101934.0,76138.0,2242.0,1974.0,101934.0,2242.0,0.593,1.52397,,,,,,,,0.0,124.7585601,0.08,451269.0,438307.0,2281.0,2235.0,796.0,732.0,MI,2022-02-01
2022-03-01,-7.900996816441818,6.478625395649409,5.4142095102713546,-5.925083429648728,0.6946672322979452,1.9370273203411645,1.2717555773535596,0.34473901353233777,499877.5974480923,60747.0,387869.14466580393,46066.36526240305,86158.55869964806,255644.2207037529,132224.9239620511,158328.0,151424.0,126.2752258,121.651,121.321,0.18,0.86,1.34,2.11,2.13,2.41,,,,59.6,4.4,0.0,0.0,0.0,27303.0,22201.0,1186.0,1032.0,27122.0,1157.0,0.598,1.5481,,,,,,,,0.0,126.2949956,0.2,262121.0,255069.0,985.0,971.0,86.0,79.0,MI,2022-03-01
2022-04-01,-5.9667096243203765,6.750513448468983,3.168027653587205,2.5022005218399332,3.0135527099661203,4.29159010969708,1.441216573853235,0.22995479470119565,502395.7673524568,57574.0,389468.3963596383,46193.90768572674,86554.18726641084,256720.30140750064,132748.0949521376,157982.0,151678.0,126.6943759,122.03,121.563,0.31,1.26,1.89,2.78,2.75,2.81,,,,59.8,4.3,0.0,0.0,0.0,37419.0,31598.0,311.0,277.0,38425.0,340.0,0.601,1.58909,,,,,,,,0.0,126.7339772,0.33,210766.0,186441.0,1164.0,1135.0,26.0,20.0,MI,2022-04-01
2022-05-01,-6.200133432789925,6.332913650041616,2.5629236894677563,-2.12143078720554,1.3114974863727085,5.7772879021198476,3.30817510558677,0.21114707763020985,502860.3706732078,37360.0,389478.50231670734,46133.462796402295,86596.32733714882,256748.7121831562,132729.7901335511,158299.0,152042.0,127.9281256,122.488,122.3,0.58,1.49,2.06,2.87,2.9,3.07,,,,60.0,4.3,0.0,0.0,0.0,101885.0,85949.0,355.0,302.0,101885.0,355.0,0.604,1.61973,,,,,,,,0.0,127.9631255,0.77,172831.0,145524.0,1939.0,1882.0,206.0,185.0,MI,2022-05-01
2022-06-01,-6.40638969844757,6.062848265958793,0.6491977213394007,-6.49039824631392,1.3303504908123358,3.277891806039908,2.734029533612171,0.23792498902235032,501383.7521860224,31076.0,387990.60010363365,45896.55256169441,86304.77200595893,255789.27553598036,132201.32456765336,158057.0,152412.0,129.6196487,123.258,123.512,1.06,2.17,2.65,3.19,3.14,3.25,,,,60.1,4.3,0.0,0.0,0.0,78600.0,66093.0,561.0,441.0,78600.0,561.0,0.607,1.63896,,,,,,,,0.0,129.6312555,1.21,106409.0,91574.0,1438.0,1406.0,137.0,114.0,MI,2022-06-01
2022-07-01,-2.880664930252177,6.6012893406871225,-3.3335813400985694,5.691949593889197,4.924372600842943,1.6665455816630361,0.9477073372965047,0.012215808588037676,504140.3491711039,41034.0,390688.3406133593,46155.315769427136,86943.92219151762,257589.10265241456,133099.23796094474,158272.0,152980.0,129.5946314,123.352,123.397,1.85,2.87,3.02,2.96,2.9,3.1,,,,60.1,4.2,0.0,0.0,0.0,65881.0,54890.0,510.0,381.0,65881.0,510.0,0.608,1.64732,,,,,,,,0.0,129.6312555,1.68,117164.0,99291.0,1597.0,1541.0,122.0,110.0,MI,2022-07-01
2022-08-01,-4.08965826749785,5.980098581290074,-3.5603763031248175,1.6188276138645707,2.8413182432165343,3.418403648440544,2.0395127326651785,0.04320127502013649,505074.8685288156,33725.0,391973.06457174855,46247.25203672573,87268.55144618276,258457.26108884005,133515.8034829085,158694.0,153332.0,129.7478077,124.031,123.728,2.28,3.15,3.28,3.03,2.9,3.13,,,,60.1,4.1,0.0,0.0,0.0,98047.0,81248.0,610.0,500.0,98047.0,610.0,0.611,1.67523,,,,,,,,0.0,129.76295,2.33,119255.0,99085.0,1702.0,1659.0,216.0,174.0,MI,2022-08-01
2022-09-01,-4.839210234747791,5.507500120155656,-4.848357928276603,0.7697609248010054,1.5236128551039627,2.1229926690522802,1.532499866998947,0.13567239612453377,505617.2173268683,30155.0,392950.0257744414,46303.240330557215,87524.42531050148,259122.3601333828,133827.6656410587,158850.0,153682.0,130.2485933,124.607,124.154,2.61,3.71,3.89,3.7,3.52,3.56,,,,60.1,4.1,0.0,0.0,0.0,65808.0,51457.0,586.0,470.0,65808.0,586.0,0.614,1.70781,,,,,,,,0.0,130.2897278,2.56,86801.0,68452.0,1211.0,1172.0,246.0,205.0,MI,2022-09-01
2022-10-01,-6.961423289008479,5.102758940104817,-5.454305309060592,0.42307434410885403,-0.76460684076946,0.6759484828402943,-11.56316080365473,0.32513149692243304,506131.6129446411,32063.0,393784.3870446603,46342.85003570769,87748.26209180248,259693.2749171501,134091.11212751016,158593.0,154006.0,130.8196031,124.987,124.623,3.32,4.31,4.43,4.18,3.98,4.04,,,,,,0.0,0.0,0.0,12880.0,10118.0,143.0,120.0,0.0,0.0,0.617,1.76897,,,,,,,,0.0,130.8604039,3.08,69797.0,54914.0,1217.0,1177.0,269.0,214.0,MI,2022-10-01
2022-11-01,-6.0201002102030365,5.49808273801845,-6.816371597764881,3.5868950239876694,0.5085244828819526,-15.771251619535207,1.8348576991861778,0.28981723182735164,508055.5377412942,37071.0,395713.3476025564,46511.55566600397,88215.83269201964,260985.9592445328,134727.38835802363,158527.0,154296.0,130.9455675,125.258,124.744,3.87,4.61,4.73,4.06,3.89,4.0,,,,,,0.0,0.0,0.0,0.0,0.0,0.0,0.0,0.0,,0.62,1.81916,,,,,,,,0.0,,3.78,296807.0,185647.0,1097.0,1058.0,231.0,204.0,MI,2022-11-01
2022-12-01,-3.0844076804738254,5.354098953825526,5.006410850195858,4.063872015782958,3.0182041473661307,2.033728122761504,1.3394027905080017,0.07879574054136762,510204.552556306,,397816.9843520901,46700.87894302495,88722.28765553766,262393.8177535274,135423.16659856262,159244.0,154535.0,,125.727,124.809,,,,,,,,,,,,0.0,0.0,0.0,0.0,0.0,0.0,0.0,0.0,,0.622,1.84241,,,,,,,,0.0,,,53413.0,41704.0,1197.0,1173.0,215.0,184.0,MI,2022-12-01
