Time	TBill1yr	TBill10yr	Employment1	Employment2	Cons1	Cons5	CPIU	PCE	Cases5	Cases2	Deaths5	Deaths2	Cases3	Deaths3	Cases4	Hosp2	Cases1	Hosp1	Deaths4	Deaths1
2012-02-01	0.023504273504273504	0.4017857142857143	0.8170711884503437	0.8237297960071758	0.41503781577980625	0.5091017192748253	0.48042480973508717	0.49675221673418135	0.5700064226075786	0.5713422413214261	0.4020618556701031	0.41304347826086957	0.5566565612819402	0.0	0.0	0.0	0.0	0.0	0.0	0.0
2012-03-01	0.029914529914529912	0.4613095238095237	0.8135122768330407	0.8217942005629378	0.4380268977043906	0.529812179340821	0.4783596646895119	0.4753169610054069	0.5700064226075786	0.5713422413214261	0.4020618556701031	0.41304347826086957	0.5566565612819402	0.0	0.0	0.0	0.0	0.0	0.0	0.0
2012-04-01	0.027777777777777776	0.425595238095238	0.8018882440272991	0.8158387327196476	0.4802106108824306	0.5679088264797161	0.4580164258916395	0.4362124408304384	0.5700064226075786	0.5713422413214261	0.4020618556701031	0.41304347826086957	0.5566565612819402	0.0	0.0	0.0	0.0	0.0	0.0	0.0
2012-05-01	0.029914529914529912	0.35119047619047616	0.8182644828456356	0.8168747967004858	0.6539745428985978	0.7251843112344118	0.2823120937051792	0.27598481283333187	0.5700064226075786	0.5713422413214261	0.4020618556701031	0.41304347826086957	0.5566565612819402	0.0	0.0	0.0	0.0	0.0	0.0	0.0
2012-06-01	0.029914529914529912	0.2976190476190476	0.8137537407112719	0.8153773111977091	0.6092980734076352	0.6846093068023543	0.34089822278672366	0.31683735096458504	0.5700064226075786	0.5713422413214261	0.4020618556701031	0.41304347826086957	0.5566565612819402	0.0	0.0	0.0	0.0	0.0	0.0	0.0
2012-07-01	0.029914529914529912	0.2708333333333333	0.8032999920192481	0.8184443536062311	0.5473514364040081	0.6283926589520265	0.39344637279221933	0.37358778620411015	0.5700064226075786	0.5713422413214261	0.4020618556701031	0.41304347826086957	0.5566565612819402	0.0	0.0	0.0	0.0	0.0	0.0	0.0
2012-08-01	0.027777777777777776	0.31547619047619047	0.8069065484055066	0.8197213812617881	0.3331493980289242	0.43427217716295763	0.6527359268372354	0.5704963034279991	0.5700064226075786	0.5713422413214261	0.4020618556701031	0.41304347826086957	0.5566565612819402	0.0	0.0	0.0	0.0	0.0	0.0	0.0
2012-09-01	0.027777777777777776	0.32738095238095233	0.834591805387279	0.8199184598513599	0.3557321967016549	0.4546190564569824	0.6040928049754837	0.5494444501182414	0.5700064226075786	0.5713422413214261	0.4020618556701031	0.41304347826086957	0.5566565612819402	0.0	0.0	0.0	0.0	0.0	0.0	0.0
2012-10-01	0.027777777777777776	0.33630952380952384	0.8210965500458856	0.8189585210915629	0.36035621654069205	0.45870057566328337	0.506728251696605	0.5449245868322847	0.5700064226075786	0.5713422413214261	0.4020618556701031	0.41304347826086957	0.5566565612819402	0.0	0.0	0.0	0.0	0.0	0.0	0.0
2012-11-01	0.027777777777777776	0.306547619047619	0.8033629658599835	0.8191157606636335	0.6202918941115806	0.6940300305380376	0.3006557725101743	0.3053631904044893	0.5700064226075786	0.5713422413214261	0.4020618556701031	0.41304347826086957	0.5566565612819402	0.0	0.0	0.0	0.0	0.0	0.0	0.0
2012-12-01	0.023504273504273504	0.32738095238095233	0.8068337204551878	0.8223201170577645	0.5830691649722455	0.6602104891548982	0.37413804795301997	0.33936353140244074	0.5700064226075786	0.5713422413214261	0.4020618556701031	0.41304347826086957	0.5566565612819402	0.0	0.0	0.0	0.0	0.0	0.0	0.0
2013-01-01	0.02136752136752136	0.3839285714285714	0.8055543580226956	0.8202058936939317	0.4118831666586289	0.47476180080287145	0.4730736920152049	0.4766357901129943	0.5700064226075786	0.5713422413214261	0.4020618556701031	0.41304347826086957	0.5566565612819402	0.0	0.0	0.0	0.0	0.0	0.0	0.0
2013-02-01	0.023504273504273504	0.40476190476190477	0.8095017709632395	0.8238479088897778	0.28815498803345463	0.3627170880272911	0.6349860070635606	0.5903560713844669	0.5700064226075786	0.5713422413214261	0.4020618556701031	0.41304347826086957	0.5566565612819402	0.0	0.0	0.0	0.0	0.0	0.0	0.0
2013-03-01	0.02136752136752136	0.39880952380952384	0.805262264353838	0.8183347319329395	0.6432696492733887	0.6843817546392718	0.24716895130705616	0.2632377374361727	0.5700064226075786	0.5713422413214261	0.4020618556701031	0.41304347826086957	0.5566565612819402	0.0	0.0	0.0	0.0	0.0	0.0	0.0
2013-04-01	0.014957264957264954	0.3392857142857143	0.8185903306715626	0.8200477520852829	0.6049338758412773	0.649680576042301	0.28136451627527614	0.2983423793122137	0.5700064226075786	0.5713422413214261	0.4020618556701031	0.41304347826086957	0.5566565612819402	0.0	0.0	0.0	0.0	0.0	0.0	0.0
2013-05-01	0.014957264957264954	0.38988095238095233	0.815943793632123	0.8211815955429621	0.5020740726931147	0.5565369689275179	0.39935182972145283	0.3928492394475876	0.5700064226075786	0.5713422413214261	0.4020618556701031	0.41304347826086957	0.5566565612819402	0.0	0.0	0.0	0.0	0.0	0.0	0.0
2013-06-01	0.019230769230769232	0.4999999999999999	0.8112013334931283	0.8196578374857798	0.3944721023250649	0.4590980597458228	0.4918638127890506	0.4917244055485628	0.5700064226075786	0.5713422413214261	0.4020618556701031	0.41304347826086957	0.5566565612819402	0.0	0.0	0.0	0.0	0.0	0.0	0.0
2013-07-01	0.014957264957264954	0.5833333333333334	0.8165747062094404	0.8173653310839419	0.4594636433395486	0.5179847612033727	0.4719810427311055	0.4317047913931817	0.5700064226075786	0.5713422413214261	0.4020618556701031	0.41304347826086957	0.5566565612819402	0.0	0.0	0.0	0.0	0.0	0.0	0.0
2013-08-01	0.01709401709401709	0.630952380952381	0.8091941800468382	0.8223289524283204	0.4382400797843834	0.4987824584342112	0.4921920362000497	0.45105906335986673	0.5700064226075786	0.5713422413214261	0.4020618556701031	0.41304347826086957	0.5566565612819402	0.0	0.0	0.0	0.0	0.0	0.0	0.0
2013-09-01	0.014957264957264954	0.6517857142857143	0.8102815037840168	0.8198728129715163	0.5198237442996247	0.5726971888431702	0.3976005690238599	0.37576197367406844	0.5700064226075786	0.5713422413214261	0.4020618556701031	0.41304347826086957	0.5566565612819402	0.0	0.0	0.0	0.0	0.0	0.0	0.0
2013-10-01	0.014957264957264954	0.5952380952380952	0.7748893508307949	0.8213239601066769	0.42680292632702765	0.4884646767673173	0.4050553748719518	0.46121961276611345	0.5700064226075786	0.5713422413214261	0.4020618556701031	0.41304347826086957	0.5566565612819402	0.0	0.0	0.0	0.0	0.0	0.0	0.0
2013-11-01	0.014957264957264954	0.625	0.8412095355145293	0.8235377070539099	0.43592824585422035	0.49675042015886633	0.46667314549690636	0.4526349185513692	0.5700064226075786	0.5713422413214261	0.4020618556701031	0.41304347826086957	0.5566565612819402	0.0	0.0	0.0	0.0	0.0	0.0	0.0
2013-12-01	0.01709401709401709	0.6785714285714285	0.8177730833014433	0.814575070029052	0.40508192032855733	0.46883194517961485	0.504271433281398	0.48085317722711196	0.5700064226075786	0.5713422413214261	0.4020618556701031	0.41304347826086957	0.5566565612819402	0.0	0.0	0.0	0.0	0.0	0.0	0.0
2014-01-01	0.014957264957264954	0.6666666666666666	0.8203859482666936	0.8198329027452651	0.49018258296790096	0.5781945007827932	0.493934346505972	0.47480341489626154	0.5700064226075786	0.5713422413214261	0.4020618556701031	0.41304347826086957	0.5566565612819402	0.0	0.0	0.0	0.0	0.0	0.0	0.0
2014-02-01	0.014957264957264954	0.6220238095238095	0.8063658967333401	0.8186518557405352	0.5834406659050121	0.6625087515624559	0.43168509604437666	0.38843461950111763	0.5700064226075786	0.5713422413214261	0.4020618556701031	0.41304347826086957	0.5566565612819402	0.0	0.0	0.0	0.0	0.0	0.0	0.0
2014-03-01	0.01709401709401709	0.625	0.8254627173521412	0.8236449003660327	0.4817589240960158	0.5702585775344648	0.47597168180084126	0.4815581995385124	0.5700064226075786	0.5713422413214261	0.4020618556701031	0.41304347826086957	0.5566565612819402	0.0	0.0	0.0	0.0	0.0	0.0	0.0
2014-04-01	0.012820512820512818	0.6220238095238095	0.8076266774238325	0.8249493924630638	0.48567856236419044	0.5736576789088352	0.46760791157731196	0.4774535384334815	0.5700064226075786	0.5713422413214261	0.4020618556701031	0.41304347826086957	0.5566565612819402	0.0	0.0	0.0	0.0	0.0	0.0	0.0
2014-05-01	0.010683760683760682	0.5773809523809523	0.8126222115907127	0.8205458782403786	0.5006890528475083	0.58710359760256	0.46943546793793683	0.46313895519861675	0.5700064226075786	0.5713422413214261	0.4020618556701031	0.41304347826086957	0.5566565612819402	0.0	0.0	0.0	0.0	0.0	0.0	0.0
2014-06-01	0.010683760683760682	0.5892857142857143	0.822080809866217	0.8257039822361284	0.5426777625286715	0.6249862270692095	0.44206019401307545	0.42398462461894476	0.5700064226075786	0.5713422413214261	0.4020618556701031	0.41304347826086957	0.5566565612819402	0.0	0.0	0.0	0.0	0.0	0.0	0.0
2014-07-01	0.012820512820512818	0.5714285714285714	0.8123850160291054	0.8221142682634116	0.5152116807938513	0.5999618106822513	0.4328522352647602	0.44878669309545355	0.5700064226075786	0.5713422413214261	0.4020618556701031	0.41304347826086957	0.5566565612819402	0.0	0.0	0.0	0.0	0.0	0.0	0.0
2014-08-01	0.012820512820512818	0.5357142857142857	0.8116286777528561	0.8196616635690087	0.6311553784497921	0.7048314163121249	0.37230220777651624	0.3415369639278926	0.5700064226075786	0.5713422413214261	0.4020618556701031	0.41304347826086957	0.5566565612819402	0.0	0.0	0.0	0.0	0.0	0.0	0.0
2014-09-01	0.012820512820512818	0.5684523809523809	0.8158018120719297	0.8245558462563858	0.6036089913687628	0.6797368242929472	0.3832166305801797	0.3664175283812016	0.5700064226075786	0.5713422413214261	0.4020618556701031	0.41304347826086957	0.5566565612819402	0.0	0.0	0.0	0.0	0.0	0.0	0.0
2014-10-01	0.010683760683760682	0.4999999999999999	0.8300547056264846	0.8220236597927636	0.6391114827550175	0.7117497192938649	0.3705152434098531	0.3332441322955792	0.5700064226075786	0.5713422413214261	0.4020618556701031	0.41304347826086957	0.5566565612819402	0.0	0.0	0.0	0.0	0.0	0.0	0.0
2014-11-01	0.01709401709401709	0.5089285714285714	0.8061260573769912	0.8236746516212029	0.6753374779558583	0.7444191722158096	0.2910385964014466	0.2994073764003015	0.5700064226075786	0.5713422413214261	0.4020618556701031	0.41304347826086957	0.5566565612819402	0.0	0.0	0.0	0.0	0.0	0.0	0.0
2014-12-01	0.034188034188034185	0.4732142857142857	0.8144364776464362	0.8233744488067245	0.7297052778911073	0.7935217202389593	0.23425888807236137	0.24886902158708651	0.5700064226075786	0.5713422413214261	0.4020618556701031	0.41304347826086957	0.5566565612819402	0.0	0.0	0.0	0.0	0.0	0.0	0.0
2015-01-01	0.03205128205128205	0.375	0.8257177919739254	0.8201488230902793	0.8421985641368663	0.9257658937077271	0.07870096975326518	0.04537957508667029	0.5700064226075786	0.5713422413214261	0.4020618556701031	0.41304347826086957	0.5566565612819402	0.0	0.0	0.0	0.0	0.0	0.0	0.0
2015-02-01	0.03632478632478632	0.40476190476190477	0.8034061642763356	0.8229426152859306	0.39363867460560653	0.5193107532320661	0.49912704616195425	0.45831126611224143	0.5700064226075786	0.5713422413214261	0.4020618556701031	0.41304347826086957	0.5566565612819402	0.0	0.0	0.0	0.0	0.0	0.0	0.0
2015-03-01	0.04273504273504273	0.42261904761904756	0.8098794065368862	0.8161387989449225	0.37426598718338744	0.5015909247605854	0.5066174053952723	0.4760612826169863	0.5700064226075786	0.5713422413214261	0.4020618556701031	0.41304347826086957	0.5566565612819402	0.0	0.0	0.0	0.0	0.0	0.0	0.0
2015-04-01	0.03846153846153846	0.3928571428571428	0.8204703357769915	0.8233488059890725	0.4563578455479017	0.5757730323347486	0.4289422565245661	0.4003838982043652	0.5700064226075786	0.5713422413214261	0.4020618556701031	0.41304347826086957	0.5566565612819402	0.0	0.0	0.0	0.0	0.0	0.0	0.0
2015-05-01	0.04059829059829059	0.47023809523809523	0.8177257676594207	0.8256853374382761	0.3404720824361304	0.47063855774302016	0.5349905266530876	0.5070034216096323	0.5700064226075786	0.5713422413214261	0.4020618556701031	0.41304347826086957	0.5566565612819402	0.0	0.0	0.0	0.0	0.0	0.0	0.0
2015-06-01	0.049145299145299144	0.5178571428571428	0.8069081625681082	0.8184754748785685	0.37259268838407084	0.4995610746098265	0.5101022712614719	0.4773400819806607	0.5700064226075786	0.5713422413214261	0.4020618556701031	0.41304347826086957	0.5566565612819402	0.0	0.0	0.0	0.0	0.0	0.0	0.0
2015-07-01	0.0534188034188034	0.5059523809523809	0.8074361484750139	0.8239159639196696	0.4521991638440056	0.571494555842547	0.4545412938591608	0.4039482794265793	0.5700064226075786	0.5713422413214261	0.4020618556701031	0.41304347826086957	0.5566565612819402	0.0	0.0	0.0	0.0	0.0	0.0	0.0
2015-08-01	0.0705128205128205	0.4613095238095237	0.8192830710681206	0.8179084431114235	0.5101815469297347	0.6238429310635778	0.3796449961608567	0.3504672440466652	0.5700064226075786	0.5713422413214261	0.4020618556701031	0.41304347826086957	0.5566565612819402	0.0	0.0	0.0	0.0	0.0	0.0	0.0
2015-09-01	0.06837606837606836	0.4613095238095237	0.7944628639571398	0.8176684171428668	0.6165961288758934	0.7200594083113157	0.2738033829246919	0.2523886087700005	0.5700064226075786	0.5713422413214261	0.4020618556701031	0.41304347826086957	0.5566565612819402	0.0	0.0	0.0	0.0	0.0	0.0	0.0
2015-10-01	0.044871794871794865	0.43154761904761896	0.8217058068666531	0.8248840524521739	0.5210634493765774	0.6333637485123592	0.4264502145385787	0.3402699778727123	0.5700064226075786	0.5713422413214261	0.4020618556701031	0.41304347826086957	0.5566565612819402	0.0	0.0	0.0	0.0	0.0	0.0	0.0
2015-11-01	0.09188034188034186	0.488095238095238	0.8145543568902583	0.8211576163575424	0.46698670655482666	0.5842174340429878	0.4361074937639563	0.38997717231427487	0.5700064226075786	0.5713422413214261	0.4020618556701031	0.41304347826086957	0.5566565612819402	0.0	0.0	0.0	0.0	0.0	0.0	0.0
2015-12-01	0.1282051282051282	0.4821428571428572	0.8301987447499016	0.8230098564771564	0.5686259983175794	0.6761111348996982	0.3291286649421136	0.29629698407508337	0.5700064226075786	0.5713422413214261	0.4020618556701031	0.41304347826086957	0.5566565612819402	0.0	0.0	0.0	0.0	0.0	0.0	0.0
2016-01-01	0.10470085470085469	0.4374999999999999	0.8252302269764712	0.8168565564594282	0.45337970100434816	0.5426205245331973	0.35823333021008286	0.3836131576258782	0.5700064226075786	0.5713422413214261	0.4020618556701031	0.41304347826086957	0.5566565612819402	0.0	0.0	0.0	0.0	0.0	0.0	0.0
2016-02-01	0.10256410256410255	0.34523809523809523	0.8168785545332913	0.8206159793291865	0.5343163390157641	0.6158786250023494	0.317139331932879	0.30903492453719683	0.5700064226075786	0.5713422413214261	0.4020618556701031	0.41304347826086957	0.5566565612819402	0.0	0.0	0.0	0.0	0.0	0.0	0.0
2016-03-01	0.13034188034188032	0.37797619047619047	0.8166172624762037	0.8223074009416873	0.3246523459305942	0.4259264107438959	0.527342817213182	0.5020503700685595	0.5700064226075786	0.5713422413214261	0.4020618556701031	0.41304347826086957	0.5566565612819402	0.0	0.0	0.0	0.0	0.0	0.0	0.0
2016-04-01	0.10897435897435896	0.35416666666666663	0.8019526135529373	0.8197387300407529	0.2540205388020049	0.36190225423851713	0.5600276253743403	0.5670467174847416	0.5700064226075786	0.5713422413214261	0.4020618556701031	0.41304347826086957	0.5566565612819402	0.0	0.0	0.0	0.0	0.0	0.0	0.0
2016-05-01	0.11538461538461535	0.35416666666666663	0.8089540979698909	0.8141278214900715	0.38388787607928837	0.47947963058374554	0.49112913535167235	0.4474101839558776	0.5700064226075786	0.5713422413214261	0.4020618556701031	0.41304347826086957	0.5566565612819402	0.0	0.0	0.0	0.0	0.0	0.0	0.0
2016-06-01	0.10683760683760682	0.30357142857142855	0.8100965821959163	0.8220806842831399	0.3537893747058941	0.4521686839644496	0.5104932049111612	0.47507987247938943	0.5700064226075786	0.5713422413214261	0.4020618556701031	0.41304347826086957	0.5566565612819402	0.0	0.0	0.0	0.0	0.0	0.0	0.0
2016-07-01	0.09829059829059827	0.26190476190476186	0.8183967831948311	0.8263757316783266	0.460241072316787	0.5485377443261245	0.3560972505717873	0.3770002146735688	0.5700064226075786	0.5713422413214261	0.4020618556701031	0.41304347826086957	0.5566565612819402	0.0	0.0	0.0	0.0	0.0	0.0	0.0
2016-08-01	0.11111111111111108	0.27976190476190477	0.8147146482922014	0.818119570113392	0.3827586585893418	0.4783093016864084	0.4669182200412889	0.4483057036224152	0.5700064226075786	0.5713422413214261	0.4020618556701031	0.41304347826086957	0.5566565612819402	0.0	0.0	0.0	0.0	0.0	0.0	0.0
2016-09-01	0.11538461538461535	0.300595238095238	0.8063220843276583	0.8237947186483667	0.3657688881733838	0.4628720071736616	0.5033182562553414	0.4639043941577581	0.5700064226075786	0.5713422413214261	0.4020618556701031	0.41304347826086957	0.5566565612819402	0.0	0.0	0.0	0.0	0.0	0.0	0.0
2016-10-01	0.13034188034188032	0.3392857142857143	0.8080478076572463	0.8165303388546008	0.33180895389444814	0.432064201548115	0.4901319569909405	0.4951326378303469	0.5700064226075786	0.5713422413214261	0.4020618556701031	0.41304347826086957	0.5566565612819402	0.0	0.0	0.0	0.0	0.0	0.0	0.0
2016-11-01	0.1474358974358974	0.45238095238095244	0.8124965697135286	0.8169869428260327	0.4622457736221469	0.5501583228779666	0.4353786391004341	0.3749590851079466	0.5700064226075786	0.5713422413214261	0.4020618556701031	0.41304347826086957	0.5566565612819402	0.0	0.0	0.0	0.0	0.0	0.0	0.0
2016-12-01	0.1752136752136752	0.5565476190476191	0.8139368519997429	0.8207709777432542	0.35933514682942896	0.4568989798573033	0.49868561647554843	0.46968744001299506	0.5700064226075786	0.5713422413214261	0.4020618556701031	0.41304347826086957	0.5566565612819402	0.0	0.0	0.0	0.0	0.0	0.0	0.0
2017-01-01	0.16666666666666663	0.5386904761904763	0.8067712217436585	0.8212166282063189	0.35674846395311427	0.4404032576280709	0.5700337409100718	0.5945197158673194	0.5700064226075786	0.5713422413214261	0.4020618556701031	0.41304347826086957	0.5566565612819402	0.0	0.0	0.0	0.0	0.0	0.0	0.0
2017-02-01	0.1645299145299145	0.5357142857142857	0.8182238647215494	0.8202493854314398	0.5121125800188089	0.5810733367990469	0.454856946818932	0.45094755085629534	0.5700064226075786	0.5713422413214261	0.4020618556701031	0.41304347826086957	0.5566565612819402	0.0	0.0	0.0	0.0	0.0	0.0	0.0
2017-03-01	0.2051282051282051	0.5535714285714286	0.8270024494154147	0.8173434920035634	0.6606641828413803	0.7155734368379001	0.3578150554331625	0.31364622319829016	0.5700064226075786	0.5713422413214261	0.4020618556701031	0.41304347826086957	0.5566565612819402	0.0	0.0	0.0	0.0	0.0	0.0	0.0
2017-04-01	0.2115384615384615	0.4999999999999999	0.813441790037817	0.8198888825138224	0.4638326221602149	0.537244359137158	0.4379823293781138	0.49445121729021796	0.5700064226075786	0.5713422413214261	0.4020618556701031	0.41304347826086957	0.5566565612819402	0.0	0.0	0.0	0.0	0.0	0.0	0.0
2017-05-01	0.22863247863247863	0.4999999999999999	0.8005818281819526	0.8206386649315868	0.640620016855682	0.6973197632888248	0.3433451879440547	0.33114762256459696	0.5700064226075786	0.5713422413214261	0.4020618556701031	0.41304347826086957	0.5566565612819402	0.0	0.0	0.0	0.0	0.0	0.0	0.0
2017-06-01	0.24572649572649566	0.46726190476190477	0.8154578610815599	0.8199435654468733	0.5515480064033538	0.6165943343154118	0.410549347079741	0.41271005268452743	0.5700064226075786	0.5713422413214261	0.4020618556701031	0.41304347826086957	0.5566565612819402	0.0	0.0	0.0	0.0	0.0	0.0	0.0
2017-07-01	0.24999999999999997	0.5059523809523809	0.8155122669478176	0.8193649578410942	0.6010650781925951	0.6613958950901487	0.3952852113377378	0.36663005593812803	0.5700064226075786	0.5713422413214261	0.4020618556701031	0.41304347826086957	0.5566565612819402	0.0	0.0	0.0	0.0	0.0	0.0	0.0
2017-08-01	0.2521367521367521	0.4732142857142857	0.8046915430680994	0.8175015014051229	0.4494564972739691	0.524028962480651	0.5609150233935125	0.5057985423575317	0.5700064226075786	0.5713422413214261	0.4020618556701031	0.41304347826086957	0.5566565612819402	0.0	0.0	0.0	0.0	0.0	0.0	0.0
2017-09-01	0.2628205128205128	0.47023809523809523	0.8335959615893236	0.815870182421989	0.3505942563821775	0.4344372387252653	0.6199503001817661	0.5963943696088615	0.5700064226075786	0.5713422413214261	0.4020618556701031	0.41304347826086957	0.5566565612819402	0.0	0.0	0.0	0.0	0.0	0.0	0.0
2017-10-01	0.2884615384615384	0.5178571428571428	0.7839068529739605	0.8179849777581502	0.5124578779935095	0.5809974870912419	0.41636650913991835	0.4468423272355074	0.5700064226075786	0.5713422413214261	0.4020618556701031	0.41304347826086957	0.5566565612819402	0.0	0.0	0.0	0.0	0.0	0.0	0.0
2017-11-01	0.32264957264957256	0.5148809523809524	0.8136231473531693	0.8210746405241639	0.4987239180079238	0.5685111950663827	0.5054531287823583	0.4590309533742618	0.5700064226075786	0.5713422413214261	0.4020618556701031	0.41304347826086957	0.5566565612819402	0.0	0.0	0.0	0.0	0.0	0.0	0.0
2017-12-01	0.3525641025641025	0.5297619047619048	0.8103141008001655	0.817819832281291	0.5131201656447221	0.5815041257334588	0.47906554039471794	0.4453109362670312	0.5700064226075786	0.5713422413214261	0.4020618556701031	0.41304347826086957	0.5566565612819402	0.0	0.0	0.0	0.0	0.0	0.0	0.0
2018-01-01	0.3739316239316239	0.5833333333333334	0.8246466423312068	0.8180028465074485	0.5018920551181164	0.586757466608512	0.5579617292651852	0.5845592073605441	0.5700064226075786	0.5713422413214261	0.4020618556701031	0.41304347826086957	0.5566565612819402	0.0	0.0	0.0	0.0	0.0	0.0	0.0
2018-02-01	0.408119658119658	0.6666666666666666	0.8330659605477557	0.8269820793430065	0.580294864811973	0.6575429265741727	0.5115782435314746	0.5109565490996958	0.5700064226075786	0.5713422413214261	0.4020618556701031	0.41304347826086957	0.5566565612819402	0.0	0.0	0.0	0.0	0.0	0.0	0.0
2018-03-01	0.4294871794871794	0.6607142857142857	0.8075171382937057	0.8207586939303975	0.6528209821106146	0.723008832667255	0.4066752155894716	0.44277512705768074	0.5700064226075786	0.5713422413214261	0.4020618556701031	0.41304347826086957	0.5566565612819402	0.0	0.0	0.0	0.0	0.0	0.0	0.0
2018-04-01	0.4487179487179486	0.6696428571428572	0.8102497836714794	0.8178242058172626	0.6124148296205407	0.6861898622129208	0.48645557984218946	0.4786371387610173	0.5700064226075786	0.5713422413214261	0.4020618556701031	0.41304347826086957	0.5566565612819402	0.0	0.0	0.0	0.0	0.0	0.0	0.0
2018-05-01	0.4743589743589743	0.7023809523809523	0.8183984649936918	0.824702428264898	0.6151875079320799	0.68848309120349	0.49900373877589527	0.4747357898329815	0.5700064226075786	0.5713422413214261	0.4020618556701031	0.41304347826086957	0.5566565612819402	0.0	0.0	0.0	0.0	0.0	0.0	0.0
2018-06-01	0.4871794871794871	0.6815476190476191	0.8106440688255686	0.8202715092558686	0.6674338398194541	0.7355899890449924	0.443536424040789	0.4252693290014958	0.5700064226075786	0.5713422413214261	0.4020618556701031	0.41304347826086957	0.5566565612819402	0.0	0.0	0.0	0.0	0.0	0.0	0.0
2018-07-01	0.49999999999999994	0.6755952380952381	0.8198417357191273	0.8144787013520314	0.6819129404127007	0.7484923305302467	0.4183183667114636	0.4106060248146821	0.5700064226075786	0.5713422413214261	0.4020618556701031	0.41304347826086957	0.5566565612819402	0.0	0.0	0.0	0.0	0.0	0.0	0.0
2018-08-01	0.5128205128205128	0.6755952380952381	0.7853610245878195	0.8217106416119848	0.6904306540175605	0.7559981050314828	0.4596972479140294	0.4014460896849275	0.5700064226075786	0.5713422413214261	0.4020618556701031	0.41304347826086957	0.5566565612819402	0.0	0.0	0.0	0.0	0.0	0.0	0.0
2018-09-01	0.5363247863247863	0.7083333333333333	0.824129043682934	0.8157033295949545	0.5897158804072086	0.6645697393889574	0.4715287686595205	0.4929293032856058	0.5700064226075786	0.5713422413214261	0.4020618556701031	0.41304347826086957	0.5566565612819402	0.0	0.0	0.0	0.0	0.0	0.0	0.0
2018-10-01	0.5555555555555555	0.7529761904761905	0.819552886792289	0.818528860816482	0.6214613269629526	0.6931196788351045	0.49616031521178283	0.4623951462855568	0.5700064226075786	0.5713422413214261	0.4020618556701031	0.41304347826086957	0.5566565612819402	0.0	0.0	0.0	0.0	0.0	0.0	0.0
2018-11-01	0.5662393162393162	0.7440476190476191	0.8179852778074733	0.8159579012005663	0.7127270728114635	0.775582760229262	0.3415997683456339	0.3770355175799077	0.5700064226075786	0.5713422413214261	0.4020618556701031	0.41304347826086957	0.5566565612819402	0.0	0.0	0.0	0.0	0.0	0.0	0.0
2018-12-01	0.5576923076923077	0.6577380952380952	0.8101511910185669	0.8191864508538729	0.726448000812352	0.7878125693033436	0.36005642172501207	0.363126848302969	0.5700064226075786	0.5713422413214261	0.4020618556701031	0.41304347826086957	0.5566565612819402	0.0	0.0	0.0	0.0	0.0	0.0	0.0
2019-01-01	0.5405982905982906	0.6220238095238095	0.7973139801202804	0.8238482704331076	0.5655673503097538	0.6448614867529902	0.3647174717258458	0.34137003573526753	0.5700064226075786	0.5713422413214261	0.4020618556701031	0.41304347826086957	0.5566565612819402	0.0	0.0	0.0	0.0	0.0	0.0	0.0
2019-02-01	0.5341880341880341	0.6130952380952381	0.8196116871088801	0.8115732332084368	0.4453718852215299	0.5358981791976605	0.503879271084192	0.45189281021181027	0.5700064226075786	0.5713422413214261	0.4020618556701031	0.41304347826086957	0.5566565612819402	0.0	0.0	0.0	0.0	0.0	0.0	0.0
2019-03-01	0.5213675213675214	0.5803571428571428	0.8018329244093183	0.820830340412487	0.36165181591656137	0.45997293794192806	0.5913563343395413	0.5288153546383316	0.5700064226075786	0.5713422413214261	0.4020618556701031	0.41304347826086957	0.5566565612819402	0.0	0.0	0.0	0.0	0.0	0.0	0.0
2019-04-01	0.5064102564102564	0.5684523809523809	0.8045367245601444	0.8213716492306352	0.3358959061857334	0.4365491597306493	0.5446092017417534	0.5523390153470887	0.5700064226075786	0.5713422413214261	0.4020618556701031	0.41304347826086957	0.5566565612819402	0.0	0.0	0.0	0.0	0.0	0.0	0.0
2019-05-01	0.4893162393162392	0.5297619047619048	0.8113212842232385	0.8148626901969781	0.5059910299388622	0.5905175409180499	0.4097728513891348	0.3954151972617328	0.5700064226075786	0.5713422413214261	0.4020618556701031	0.41304347826086957	0.5566565612819402	0.0	0.0	0.0	0.0	0.0	0.0	0.0
2019-06-01	0.4166666666666666	0.43154761904761896	0.8186221843914154	0.8185509208111434	0.5038471006318102	0.5884813867259506	0.38649153885635995	0.39718146588919184	0.5700064226075786	0.5713422413214261	0.4020618556701031	0.41304347826086957	0.5566565612819402	0.0	0.0	0.0	0.0	0.0	0.0	0.0
2019-07-01	0.408119658119658	0.4285714285714286	0.8189620174086807	0.8154117944889092	0.4516896929241764	0.5411461987692544	0.47927525370251906	0.4450293330044859	0.5700064226075786	0.5713422413214261	0.4020618556701031	0.41304347826086957	0.5566565612819402	0.0	0.0	0.0	0.0	0.0	0.0	0.0
2019-08-01	0.36752136752136744	0.300595238095238	0.8154828077055877	0.8209335594642065	0.5301158958112012	0.6120873577744924	0.4312301472581591	0.3725625009123246	0.5700064226075786	0.5713422413214261	0.4020618556701031	0.41304347826086957	0.5566565612819402	0.0	0.0	0.0	0.0	0.0	0.0	0.0
2019-09-01	0.3739316239316239	0.3214285714285714	0.8241791552854203	0.8200016738212278	0.5058937814945899	0.5900555949789463	0.4565441355295847	0.39467316895180415	0.5700064226075786	0.5713422413214261	0.4020618556701031	0.41304347826086957	0.5566565612819402	0.0	0.0	0.0	0.0	0.0	0.0	0.0
2019-10-01	0.33333333333333326	0.32440476190476186	0.8126319742663987	0.8171276262622229	0.4143571652152094	0.5070544163022199	0.5099701165816628	0.47880799428138376	0.5700064226075786	0.5713422413214261	0.4020618556701031	0.41304347826086957	0.5566565612819402	0.0	0.0	0.0	0.0	0.0	0.0	0.0
2019-11-01	0.32478632478632474	0.35416666666666663	0.8124937237162303	0.8202781681486746	0.5243399101616559	0.6065794761741026	0.46828758107447965	0.3772658944031694	0.5700064226075786	0.5713422413214261	0.4020618556701031	0.41304347826086957	0.5566565612819402	0.0	0.0	0.0	0.0	0.0	0.0	0.0
2019-12-01	0.32051282051282043	0.36904761904761907	0.8132794396938479	0.8161275251408611	0.38131008786453296	0.47693951125604767	0.4666626050633214	0.5088502526824112	0.5700064226075786	0.5713422413214261	0.4020618556701031	0.41304347826086957	0.5566565612819402	0.0	0.0	0.0	0.0	0.0	0.0	0.0
2020-01-01	0.31623931623931617	0.3392857142857143	0.7973372499006984	0.8246147103723622	0.17716786307629856	0.16616630060008464	0.45629575162502173	0.4734480376515848	0.5700064226075786	0.5713422413214261	0.4020618556701031	0.41304347826086957	0.5566565612819402	0.0	0.0	0.0	0.0	0.0	0.0	0.0
2020-02-01	0.2905982905982905	0.26190476190476186	0.8137453876417202	0.8223618312985181	0.2299891611989959	0.21351063294526934	0.43905955579740796	0.42460266758521104	0.5700064226075786	0.5713422413214261	0.4020618556701031	0.41304347826086957	0.5566565612819402	0.43434343434343436	0.5262525810121782	0.6015625	0.52574733468051	0.6015625	0.5	0.5
2020-03-01	0.05982905982905982	0.07440476190476192	0.6969692592429803	0.7600573027159682	0.4694601054620354	0.42990860897496874	0.22627436428761966	0.20376943388684635	0.5754857096981374	0.5774524944604847	0.5670103092783505	0.5869565217391304	0.5617323516673884	0.5656565656565657	0.5378829379292909	0.92578125	0.5380577427821522	0.92578125	0.5	0.5
2020-04-01	0.027777777777777776	0.01190476190476189	0.0	0.0	0.6904248936414938	0.6295408181654635	0.0	0.0	0.5750240847784199	0.576937711228989	0.5670103092783505	0.5869565217391304	0.5615071459506279	0.6666666666666667	0.5213223210147065	0.3828125	0.5206605811441711	0.3828125	0.8552631578947368	0.8611111111111112
2020-05-01	0.023504273504273504	0.014880952380952384	0.9569070071883189	0.9232072175524301	0.23537215654035704	0.21686805376441215	0.35221328254308387	0.4191087760340794	0.5616771034039819	0.5620537612748717	0.13402061855670105	0.13043478260869568	0.5487223906453009	0.13131313131313133	0.521522481142809	0.51171875	0.5204515364782942	0.51171875	0.14473684210526316	0.1388888888888889
2020-06-01	0.027777777777777776	0.03273809523809523	1.0	1.0	0.056219732767713415	0.05408746889459465	0.6138188260274466	0.584004465612227	0.5719332048811817	0.5734909017659302	0.3505154639175258	0.358695652173913	0.5585967951494153	0.38383838383838387	0.5289389406261852	0.62109375	0.528929459038859	0.62109375	0.5	0.5
2020-07-01	0.02136752136752136	0.0	0.8619915693855537	0.8704398225170659	0.10003775807074711	0.09325784356865174	0.6223428498919439	0.5434576528203223	0.5697856454720616	0.5710960406454934	0.4123711340206186	0.42391304347826086	0.5562927674317886	0.43434343434343436	0.5254940794741056	0.5859375	0.5249343832020997	0.5859375	0.5	0.5
2020-08-01	0.01709401709401709	0.008928571428571425	0.9301592416903756	0.8813465190089401	0.09211707249368595	0.0855620458529121	0.568632768710604	0.5505825123141614	0.5698057161207449	0.5711184225251236	0.3814432989690722	0.391304347826087	0.5567258553486357	0.43434343434343436	0.526400067422359	0.59765625	0.5258402434208997	0.59765625	0.5	0.5
2020-09-01	0.01709401709401709	0.01785714285714285	0.8220104815944788	0.8502188608049476	0.18028231652544333	0.16489174722516925	0.49054686071319187	0.4691651242231111	0.5688623956326267	0.569999328543611	0.4020618556701031	0.41304347826086957	0.5552360329146816	0.42424242424242425	0.5247145084488644	0.59375	0.5240749773534945	0.59375	0.5	0.5
2020-10-01	0.01709401709401709	0.05059523809523808	0.8854473545587337	0.8405250090915963	0.2871752750939934	0.26117991453300726	0.4091997879257664	0.37048580478712045	0.5757867694283879	0.5776763132567873	0.4020618556701031	0.41304347826086957	0.5618362927674317	0.43434343434343436	0.5353335299818803	0.65234375	0.5354562980512392	0.65234375	0.5	0.5
2020-11-01	0.014957264957264954	0.07440476190476192	0.809529527014256	0.8226838610176903	0.29786911712939834	0.2703319244056791	0.44664371113737744	0.3604508898478792	0.60209938985228	0.6055417533964501	0.5567010309278351	0.5760869565217391	0.5837851883932438	0.5454545454545455	0.5657157304791202	0.89453125	0.5673936775602164	0.88671875	0.5	0.5
2020-12-01	0.010683760683760682	0.09226190476190477	0.8080962408847309	0.801936736537891	0.0	0.0	0.5321018246348093	0.6347580487982594	0.5884714193962748	0.5917321336645851	1.0	1.0	0.5782589865742745	1.0	0.5384518140828453	0.68359375	0.5391494204817318	0.69140625	1.0	1.0
2021-01-01	0.010683760683760682	0.13690476190476192	0.8037985530107958	0.8316384498028809	0.7003153759411617	0.6924851605257484	0.49439281319093153	0.6037037115663818	0.5936897880539498	0.5973499854517782	0.0	0.0	0.5794023386747509	0.14141414141414144	0.5468901436939025	0.79296875	0.5483241585952199	0.78125	0.0	0.0
2021-02-01	0.004273504273504274	0.19047619047619047	0.8186046173234472	0.8347112478477754	0.7320057606099772	0.7219089716087894	0.5855552089591999	0.5706666070314782	0.5471058124598587	0.5464983549318471	0.30927835051546393	0.34782608695652173	0.5337895192724122	0.35353535353535354	0.5022439003834647	0.3203125	0.5004297029243026	0.328125	0.5	0.5
2021-03-01	0.00641025641025641	0.29464285714285715	0.8259506443671929	0.8426814771918714	0.5441247574116869	0.5524413317916096	0.6801679785195373	0.7400453832541867	0.5891337508028259	0.5926721726090556	0.3402061855670103	0.34782608695652173	0.571277609354699	0.36363636363636365	0.5583203404829127	0.6875	0.5604022948458875	0.6875	0.5	0.5
2021-04-01	0.002136752136752136	0.30357142857142855	0.8215175625321907	0.8233982244678987	0.5832407642892277	0.5885603906970505	0.681290936005489	0.7002871988514806	0.5615767501605651	0.5612927773674432	0.4020618556701031	0.41304347826086957	0.5497271546123863	0.393939393939394	0.49736631410391474	0.4921875	0.4933686386546814	0.49609375	0.5	0.5
2021-05-01	0.0	0.2976190476190476	0.8177091421539534	0.8308942638373007	0.596834234441693	0.6015479078758651	0.7097890436050871	0.6841032456783056	0.5234625883108541	0.5202891738848228	0.2680412371134021	0.2717391304347826	0.5149242096145517	0.33333333333333337	0.48331296616240366	0.41015625	0.4797342810024853	0.41015625	0.5	0.5
2021-06-01	0.004273504273504274	0.26785714285714285	0.8139240932155383	0.8388879424853678	0.5588186636219713	0.567776536367405	0.7918698206865462	0.715542120094006	0.5495544315992292	0.5496765818393428	0.36082474226804123	0.3695652173913043	0.5379818103074924	0.35353535353535354	0.509354852302895	0.5078125	0.5080714468213597	0.5078125	0.5	0.5
2021-07-01	0.00641025641025641	0.20833333333333331	0.8447262678280361	0.8416470585126722	0.6255271347225283	0.6288447937872212	0.593367654943383	0.6505039259497141	0.576067758509955	0.5780568052105015	0.4020618556701031	0.40217391304347827	0.5616630576006929	0.46464646464646464	0.5370612279297122	0.65625	0.5371751097484496	0.65625	0.5	0.5
2021-08-01	0.004273504273504274	0.1964285714285714	0.8216318148412766	0.8374910264999796	0.6661622721362178	0.6662838142159199	0.5369842896455852	0.6095448924487573	0.6214876364804109	0.627610286711878	0.5567010309278351	0.5760869565217391	0.6057167605023819	0.5555555555555556	0.5862584804685854	1.0	0.5906208626576545	1.0	0.5	0.5
2021-09-01	0.00641025641025641	0.22321428571428575	0.829324685465715	0.8333904031509844	0.7210216728773675	0.7165933701035588	0.5733056891296506	0.5555198119347867	0.6074582530507385	0.6119205890910717	0.6804123711340206	0.7065217391304348	0.5939194456474663	0.6868686868686869	0.5572668661244786	0.6796875	0.5592177084059182	0.67578125	0.5	0.5
2021-10-01	0.012820512820512818	0.2857142857142857	0.8248883981973458	0.841703535819815	0.5309476522085754	0.5450426694200321	0.7869501147721993	0.727339110023481	0.5938904945407835	0.5977304774054925	0.4329896907216495	0.43478260869565216	0.5751407535729752	0.494949494949495	0.5523366061270069	0.66015625	0.5535735024272408	0.65625	0.5	0.5
2021-11-01	0.027777777777777776	0.27976190476190477	0.8454799427581161	0.8353271160933808	0.4993834930279166	0.5170493647240084	0.7086646182002438	0.7530938587693652	0.6283116570327553	0.6330043197027685	0.30927835051546393	0.32608695652173914	0.6137202252057167	0.42424242424242425	0.6047258859719354	0.8046875	0.6090632476250203	0.80859375	0.5	0.5
2021-12-01	0.0534188034188034	0.25297619047619047	0.8253004314759759	0.833561803676217	0.5465558848165094	0.5603593966095858	0.6505070675988471	0.7063060091136275	0.6797326589595375	0.6799838850466661	0.5773195876288659	0.5978260869565217	0.6365179731485491	0.5858585858585859	0.5181197589650668	0.43359375	0.509465077927206	0.43359375	0.5	0.5
2022-01-01	0.10683760683760682	0.3392857142857143	0.8417655800512969	0.8258912572247243	0.57901092326635	0.6174470946313719	0.6833060359507753	0.697232107646172	0.9999999999999999	0.9999999999999999	0.4329896907216495	0.31521739130434784	1.0	0.47474747474747475	1.0	0.8125	1.0	0.8125	0.6447368421052632	0.6527777777777778
2022-02-01	0.20299145299145296	0.38988095238095233	0.8225231991975527	0.8457818859679205	0.5289156743461311	0.572292026689651	0.7548506731960245	0.7398704241936578	0.0	0.0	0.3917525773195876	0.5	0.0	0.4040404040404041	0.0	0.0	0.0	0.0	0.35526315789473684	0.3472222222222222
2022-03-01	0.2756410256410256	0.44940476190476186	0.8314178054745589	0.8276147347747844	0.2713885124167974	0.3392515688910916	0.9618970566512602	0.9738455872944172	0.5018264290301861	0.49510955930079	0.010309278350515483	0.02173913043478265	0.4939974014724989	0.0	0.45660739117609883	0.4296875	0.45139711518361086	0.43359375	0.5	0.5
2022-04-01	0.39316239316239304	0.6339285714285714	0.7954831318683658	0.8217095570311057	0.8018986840806825	0.8199685495838529	0.5362716851339961	0.48120128978644616	0.6195006422607579	0.6227758007117437	0.3814432989690722	0.391304347826087	0.6073798181030748	0.4444444444444445	0.7231996123214361	0.91796875	0.7262211692564977	0.9140625	0.5	0.5
2022-05-01	0.4294871794871794	0.6785714285714285	0.8174440166948352	0.8257191154752621	0.5085363246022199	0.5544615237089424	0.8373213481418396	0.7483215705549733	0.6074181117533718	0.6070861030909375	0.5463917525773196	0.4673913043478261	0.5638458207016024	0.47474747474747475	0.41622771901731914	0.5859375	0.4089378208254941	0.58203125	0.5	0.5
2022-06-01	0.5555555555555555	0.75	0.7989289927695611	0.8259061849629872	0.23201244365025847	0.30420158801502867	1.0	0.9999999999999998	0.4613640012845215	0.45990286264240465	0.2371134020618557	0.32608695652173914	0.497583369423993	0.41414141414141414	0.4271733176014496	0.375	0.4271595475344343	0.3828125	0.5	0.5
2022-07-01	0.6346153846153846	0.6785714285714285	0.8140641755195509	0.8330763197266476	1.0	1.0	0.37072962199296844	0.28841223310183794	0.5444163455362877	0.5449092414780993	0.3505154639175258	0.358695652173913	0.5180770896491987	0.31313131313131315	0.49895706038515025	0.4921875	0.49796762130397415	0.48828125	0.5	0.5
2022-08-01	0.69017094017094	0.6785714285714285	0.8208919451701608	0.8251705550787586	0.738345077188588	0.7631993488836029	0.43561502553838133	0.5264563935012007	0.5805435131663454	0.5803173750531568	0.4329896907216495	0.44565217391304346	0.5684019055868341	0.47474747474747475	0.5236083603725086	0.5625	0.5218916219543354	0.5625	0.5	0.5
2022-09-01	0.8205128205128205	0.8630952380952381	0.8120903226948355	0.8250688681905269	0.6806326532204072	0.7111149280338765	0.5617259035703712	0.5764609710971633	0.5668553307642903	0.5654558069786699	0.3917525773195876	0.391304347826087	0.5475790385448246	0.41414141414141414	0.5095971514053348	0.578125	0.5087798759668316	0.58203125	0.5	0.5
2022-10-01	0.9358974358974357	1.0	0.7984613780182788	0.8241011740306265	0.653351498785629	0.6865896780148558	0.5863861258720136	0.5984463686739868	0.5388367052023121	0.5440139662928892	0.3711340206185567	0.391304347826087	0.5196708531831962	0.31313131313131315	0.5351017656230248	0.6015625	0.5308573154019465	0.6015625	0.5	0.5
2022-11-01	1.0	0.9732142857142858	0.8047628919116875	0.8228511729719241	0.850122034853146	0.8649947694550155	0.42528580226541063	0.41382195805971006	0.559047848426461	0.5615389780433759	0.30927835051546393	0.34782608695652173	0.5566565612819402	0.0	0.5114407315325945	0.6015625	0.5151325110909809	0.6015625	0.5	0.5
2022-12-01	0.0	0.0	0.8305827208491328	0.8209963916862013	0.878901848270649	0.8912392035405787	0.0	0.3841808102347977	0.5700064226075786	0.5713422413214261	0.4020618556701031	0.41304347826086957	0.5566565612819402	0.0	0.5287282457544984	0.6015625	0.5282558706710334	0.6015625	0.5	0.5
