Time,State
2012-01-01,AK
2012-02-01,AK
2012-03-01,AK
2012-04-01,AK
2012-05-01,AK
2012-06-01,AK
2012-07-01,AK
2012-08-01,AK
2012-09-01,AK
2012-10-01,AK
2012-11-01,AK
2012-12-01,AK
2013-01-01,AK
2013-02-01,AK
2013-03-01,AK
2013-04-01,AK
2013-05-01,AK
2013-06-01,AK
2013-07-01,AK
2013-08-01,AK
2013-09-01,AK
2013-10-01,AK
2013-11-01,AK
2013-12-01,AK
2014-01-01,AK
2014-02-01,AK
2014-03-01,AK
2014-04-01,AK
2014-05-01,AK
2014-06-01,AK
2014-07-01,AK
2014-08-01,AK
2014-09-01,AK
2014-10-01,AK
2014-11-01,AK
2014-12-01,AK
2015-01-01,AK
2015-02-01,AK
2015-03-01,AK
2015-04-01,AK
2015-05-01,AK
2015-06-01,AK
2015-07-01,AK
2015-08-01,AK
2015-09-01,AK
2015-10-01,AK
2015-11-01,AK
2015-12-01,AK
2016-01-01,AK
2016-02-01,AK
2016-03-01,AK
2016-04-01,AK
2016-05-01,AK
2016-06-01,AK
2016-07-01,AK
2016-08-01,AK
2016-09-01,AK
2016-10-01,AK
2016-11-01,AK
2016-12-01,AK
2017-01-01,AK
2017-02-01,AK
2017-03-01,AK
2017-04-01,AK
2017-05-01,AK
2017-06-01,AK
2017-07-01,AK
2017-08-01,AK
2017-09-01,AK
2017-10-01,AK
2017-11-01,AK
2017-12-01,AK
2018-01-01,AK
2018-02-01,AK
2018-03-01,AK
2018-04-01,AK
2018-05-01,AK
2018-06-01,AK
2018-07-01,AK
2018-08-01,AK
2018-09-01,AK
2018-10-01,AK
2018-11-01,AK
2018-12-01,AK
2019-01-01,AK
2019-02-01,AK
2019-03-01,AK
2019-04-01,AK
2019-05-01,AK
2019-06-01,AK
2019-07-01,AK
2019-08-01,AK
2019-09-01,AK
2019-10-01,AK
2019-11-01,AK
2019-12-01,AK
2020-01-01,AK
2020-02-01,AK
2020-03-01,AK
2020-04-01,AK
2020-05-01,AK
2020-06-01,AK
2020-07-01,AK
2020-08-01,AK
2020-09-01,AK
2020-10-01,AK
2020-11-01,AK
2020-12-01,AK
2021-01-01,AK
2021-02-01,AK
2021-03-01,AK
2021-04-01,AK
2021-05-01,AK
2021-06-01,AK
2021-07-01,AK
2021-08-01,AK
2021-09-01,AK
2021-10-01,AK
2021-11-01,AK
2021-12-01,AK
2022-01-01,AK
2022-02-01,AK
2022-03-01,AK
2022-04-01,AK
2022-05-01,AK
2022-06-01,AK
2022-07-01,AK
2022-08-01,AK
2022-09-01,AK
2022-10-01,AK
2022-11-01,AK
2022-12-01,AK
2012-01-01,AL
2012-02-01,AL
2012-03-01,AL
2012-04-01,AL
2012-05-01,AL
2012-06-01,AL
2012-07-01,AL
2012-08-01,AL
2012-09-01,AL
2012-10-01,AL
2012-11-01,AL
2012-12-01,AL
2013-01-01,AL
2013-02-01,AL
2013-03-01,AL
2013-04-01,AL
2013-05-01,AL
2013-06-01,AL
2013-07-01,AL
2013-08-01,AL
2013-09-01,AL
2013-10-01,AL
2013-11-01,AL
2013-12-01,AL
2014-01-01,AL
2014-02-01,AL
2014-03-01,AL
2014-04-01,AL
2014-05-01,AL
2014-06-01,AL
2014-07-01,AL
2014-08-01,AL
2014-09-01,AL
2014-10-01,AL
2014-11-01,AL
2014-12-01,AL
2015-01-01,AL
2015-02-01,AL
2015-03-01,AL
2015-04-01,AL
2015-05-01,AL
2015-06-01,AL
2015-07-01,AL
2015-08-01,AL
2015-09-01,AL
2015-10-01,AL
2015-11-01,AL
2015-12-01,AL
2016-01-01,AL
2016-02-01,AL
2016-03-01,AL
2016-04-01,AL
2016-05-01,AL
2016-06-01,AL
2016-07-01,AL
2016-08-01,AL
2016-09-01,AL
2016-10-01,AL
2016-11-01,AL
2016-12-01,AL
2017-01-01,AL
2017-02-01,AL
2017-03-01,AL
2017-04-01,AL
2017-05-01,AL
2017-06-01,AL
2017-07-01,AL
2017-08-01,AL
2017-09-01,AL
2017-10-01,AL
2017-11-01,AL
2017-12-01,AL
2018-01-01,AL
2018-02-01,AL
2018-03-01,AL
2018-04-01,AL
2018-05-01,AL
2018-06-01,AL
2018-07-01,AL
2018-08-01,AL
2018-09-01,AL
2018-10-01,AL
2018-11-01,AL
2018-12-01,AL
2019-01-01,AL
2019-02-01,AL
2019-03-01,AL
2019-04-01,AL
2019-05-01,AL
2019-06-01,AL
2019-07-01,AL
2019-08-01,AL
2019-09-01,AL
2019-10-01,AL
2019-11-01,AL
2019-12-01,AL
2020-01-01,AL
2020-02-01,AL
2020-03-01,AL
2020-04-01,AL
2020-05-01,AL
2020-06-01,AL
2020-07-01,AL
2020-08-01,AL
2020-09-01,AL
2020-10-01,AL
2020-11-01,AL
2020-12-01,AL
2021-01-01,AL
2021-02-01,AL
2021-03-01,AL
2021-04-01,AL
2021-05-01,AL
2021-06-01,AL
2021-07-01,AL
2021-08-01,AL
2021-09-01,AL
2021-10-01,AL
2021-11-01,AL
2021-12-01,AL
2022-01-01,AL
2022-02-01,AL
2022-03-01,AL
2022-04-01,AL
2022-05-01,AL
2022-06-01,AL
2022-07-01,AL
2022-08-01,AL
2022-09-01,AL
2022-10-01,AL
2022-11-01,AL
2022-12-01,AL
2012-01-01,AR
2012-02-01,AR
2012-03-01,AR
2012-04-01,AR
2012-05-01,AR
2012-06-01,AR
2012-07-01,AR
2012-08-01,AR
2012-09-01,AR
2012-10-01,AR
2012-11-01,AR
2012-12-01,AR
2013-01-01,AR
2013-02-01,AR
2013-03-01,AR
2013-04-01,AR
2013-05-01,AR
2013-06-01,AR
2013-07-01,AR
2013-08-01,AR
2013-09-01,AR
2013-10-01,AR
2013-11-01,AR
2013-12-01,AR
2014-01-01,AR
2014-02-01,AR
2014-03-01,AR
2014-04-01,AR
2014-05-01,AR
2014-06-01,AR
2014-07-01,AR
2014-08-01,AR
2014-09-01,AR
2014-10-01,AR
2014-11-01,AR
2014-12-01,AR
2015-01-01,AR
2015-02-01,AR
2015-03-01,AR
2015-04-01,AR
2015-05-01,AR
2015-06-01,AR
2015-07-01,AR
2015-08-01,AR
2015-09-01,AR
2015-10-01,AR
2015-11-01,AR
2015-12-01,AR
2016-01-01,AR
2016-02-01,AR
2016-03-01,AR
2016-04-01,AR
2016-05-01,AR
2016-06-01,AR
2016-07-01,AR
2016-08-01,AR
2016-09-01,AR
2016-10-01,AR
2016-11-01,AR
2016-12-01,AR
2017-01-01,AR
2017-02-01,AR
2017-03-01,AR
2017-04-01,AR
2017-05-01,AR
2017-06-01,AR
2017-07-01,AR
2017-08-01,AR
2017-09-01,AR
2017-10-01,AR
2017-11-01,AR
2017-12-01,AR
2018-01-01,AR
2018-02-01,AR
2018-03-01,AR
2018-04-01,AR
2018-05-01,AR
2018-06-01,AR
2018-07-01,AR
2018-08-01,AR
2018-09-01,AR
2018-10-01,AR
2018-11-01,AR
2018-12-01,AR
2019-01-01,AR
2019-02-01,AR
2019-03-01,AR
2019-04-01,AR
2019-05-01,AR
2019-06-01,AR
2019-07-01,AR
2019-08-01,AR
2019-09-01,AR
2019-10-01,AR
2019-11-01,AR
2019-12-01,AR
2020-01-01,AR
2020-02-01,AR
2020-03-01,AR
2020-04-01,AR
2020-05-01,AR
2020-06-01,AR
2020-07-01,AR
2020-08-01,AR
2020-09-01,AR
2020-10-01,AR
2020-11-01,AR
2020-12-01,AR
2021-01-01,AR
2021-02-01,AR
2021-03-01,AR
2021-04-01,AR
2021-05-01,AR
2021-06-01,AR
2021-07-01,AR
2021-08-01,AR
2021-09-01,AR
2021-10-01,AR
2021-11-01,AR
2021-12-01,AR
2022-01-01,AR
2022-02-01,AR
2022-03-01,AR
2022-04-01,AR
2022-05-01,AR
2022-06-01,AR
2022-07-01,AR
2022-08-01,AR
2022-09-01,AR
2022-10-01,AR
2022-11-01,AR
2022-12-01,AR
2012-01-01,AZ
2012-02-01,AZ
2012-03-01,AZ
2012-04-01,AZ
2012-05-01,AZ
2012-06-01,AZ
2012-07-01,AZ
2012-08-01,AZ
2012-09-01,AZ
2012-10-01,AZ
2012-11-01,AZ
2012-12-01,AZ
2013-01-01,AZ
2013-02-01,AZ
2013-03-01,AZ
2013-04-01,AZ
2013-05-01,AZ
2013-06-01,AZ
2013-07-01,AZ
2013-08-01,AZ
2013-09-01,AZ
2013-10-01,AZ
2013-11-01,AZ
2013-12-01,AZ
2014-01-01,AZ
2014-02-01,AZ
2014-03-01,AZ
2014-04-01,AZ
2014-05-01,AZ
2014-06-01,AZ
2014-07-01,AZ
2014-08-01,AZ
2014-09-01,AZ
2014-10-01,AZ
2014-11-01,AZ
2014-12-01,AZ
2015-01-01,AZ
2015-02-01,AZ
2015-03-01,AZ
2015-04-01,AZ
2015-05-01,AZ
2015-06-01,AZ
2015-07-01,AZ
2015-08-01,AZ
2015-09-01,AZ
2015-10-01,AZ
2015-11-01,AZ
2015-12-01,AZ
2016-01-01,AZ
2016-02-01,AZ
2016-03-01,AZ
2016-04-01,AZ
2016-05-01,AZ
2016-06-01,AZ
2016-07-01,AZ
2016-08-01,AZ
2016-09-01,AZ
2016-10-01,AZ
2016-11-01,AZ
2016-12-01,AZ
2017-01-01,AZ
2017-02-01,AZ
2017-03-01,AZ
2017-04-01,AZ
2017-05-01,AZ
2017-06-01,AZ
2017-07-01,AZ
2017-08-01,AZ
2017-09-01,AZ
2017-10-01,AZ
2017-11-01,AZ
2017-12-01,AZ
2018-01-01,AZ
2018-02-01,AZ
2018-03-01,AZ
2018-04-01,AZ
2018-05-01,AZ
2018-06-01,AZ
2018-07-01,AZ
2018-08-01,AZ
2018-09-01,AZ
2018-10-01,AZ
2018-11-01,AZ
2018-12-01,AZ
2019-01-01,AZ
2019-02-01,AZ
2019-03-01,AZ
2019-04-01,AZ
2019-05-01,AZ
2019-06-01,AZ
2019-07-01,AZ
2019-08-01,AZ
2019-09-01,AZ
2019-10-01,AZ
2019-11-01,AZ
2019-12-01,AZ
2020-01-01,AZ
2020-02-01,AZ
2020-03-01,AZ
2020-04-01,AZ
2020-05-01,AZ
2020-06-01,AZ
2020-07-01,AZ
2020-08-01,AZ
2020-09-01,AZ
2020-10-01,AZ
2020-11-01,AZ
2020-12-01,AZ
2021-01-01,AZ
2021-02-01,AZ
2021-03-01,AZ
2021-04-01,AZ
2021-05-01,AZ
2021-06-01,AZ
2021-07-01,AZ
2021-08-01,AZ
2021-09-01,AZ
2021-10-01,AZ
2021-11-01,AZ
2021-12-01,AZ
2022-01-01,AZ
2022-02-01,AZ
2022-03-01,AZ
2022-04-01,AZ
2022-05-01,AZ
2022-06-01,AZ
2022-07-01,AZ
2022-08-01,AZ
2022-09-01,AZ
2022-10-01,AZ
2022-11-01,AZ
2022-12-01,AZ
2012-01-01,CA
2012-02-01,CA
2012-03-01,CA
2012-04-01,CA
2012-05-01,CA
2012-06-01,CA
2012-07-01,CA
2012-08-01,CA
2012-09-01,CA
2012-10-01,CA
2012-11-01,CA
2012-12-01,CA
2013-01-01,CA
2013-02-01,CA
2013-03-01,CA
2013-04-01,CA
2013-05-01,CA
2013-06-01,CA
2013-07-01,CA
2013-08-01,CA
2013-09-01,CA
2013-10-01,CA
2013-11-01,CA
2013-12-01,CA
2014-01-01,CA
2014-02-01,CA
2014-03-01,CA
2014-04-01,CA
2014-05-01,CA
2014-06-01,CA
2014-07-01,CA
2014-08-01,CA
2014-09-01,CA
2014-10-01,CA
2014-11-01,CA
2014-12-01,CA
2015-01-01,CA
2015-02-01,CA
2015-03-01,CA
2015-04-01,CA
2015-05-01,CA
2015-06-01,CA
2015-07-01,CA
2015-08-01,CA
2015-09-01,CA
2015-10-01,CA
2015-11-01,CA
2015-12-01,CA
2016-01-01,CA
2016-02-01,CA
2016-03-01,CA
2016-04-01,CA
2016-05-01,CA
2016-06-01,CA
2016-07-01,CA
2016-08-01,CA
2016-09-01,CA
2016-10-01,CA
2016-11-01,CA
2016-12-01,CA
2017-01-01,CA
2017-02-01,CA
2017-03-01,CA
2017-04-01,CA
2017-05-01,CA
2017-06-01,CA
2017-07-01,CA
2017-08-01,CA
2017-09-01,CA
2017-10-01,CA
2017-11-01,CA
2017-12-01,CA
2018-01-01,CA
2018-02-01,CA
2018-03-01,CA
2018-04-01,CA
2018-05-01,CA
2018-06-01,CA
2018-07-01,CA
2018-08-01,CA
2018-09-01,CA
2018-10-01,CA
2018-11-01,CA
2018-12-01,CA
2019-01-01,CA
2019-02-01,CA
2019-03-01,CA
2019-04-01,CA
2019-05-01,CA
2019-06-01,CA
2019-07-01,CA
2019-08-01,CA
2019-09-01,CA
2019-10-01,CA
2019-11-01,CA
2019-12-01,CA
2020-01-01,CA
2020-02-01,CA
2020-03-01,CA
2020-04-01,CA
2020-05-01,CA
2020-06-01,CA
2020-07-01,CA
2020-08-01,CA
2020-09-01,CA
2020-10-01,CA
2020-11-01,CA
2020-12-01,CA
2021-01-01,CA
2021-02-01,CA
2021-03-01,CA
2021-04-01,CA
2021-05-01,CA
2021-06-01,CA
2021-07-01,CA
2021-08-01,CA
2021-09-01,CA
2021-10-01,CA
2021-11-01,CA
2021-12-01,CA
2022-01-01,CA
2022-02-01,CA
2022-03-01,CA
2022-04-01,CA
2022-05-01,CA
2022-06-01,CA
2022-07-01,CA
2022-08-01,CA
2022-09-01,CA
2022-10-01,CA
2022-11-01,CA
2022-12-01,CA
2012-01-01,CO
2012-02-01,CO
2012-03-01,CO
2012-04-01,CO
2012-05-01,CO
2012-06-01,CO
2012-07-01,CO
2012-08-01,CO
2012-09-01,CO
2012-10-01,CO
2012-11-01,CO
2012-12-01,CO
2013-01-01,CO
2013-02-01,CO
2013-03-01,CO
2013-04-01,CO
2013-05-01,CO
2013-06-01,CO
2013-07-01,CO
2013-08-01,CO
2013-09-01,CO
2013-10-01,CO
2013-11-01,CO
2013-12-01,CO
2014-01-01,CO
2014-02-01,CO
2014-03-01,CO
2014-04-01,CO
2014-05-01,CO
2014-06-01,CO
2014-07-01,CO
2014-08-01,CO
2014-09-01,CO
2014-10-01,CO
2014-11-01,CO
2014-12-01,CO
2015-01-01,CO
2015-02-01,CO
2015-03-01,CO
2015-04-01,CO
2015-05-01,CO
2015-06-01,CO
2015-07-01,CO
2015-08-01,CO
2015-09-01,CO
2015-10-01,CO
2015-11-01,CO
2015-12-01,CO
2016-01-01,CO
2016-02-01,CO
2016-03-01,CO
2016-04-01,CO
2016-05-01,CO
2016-06-01,CO
2016-07-01,CO
2016-08-01,CO
2016-09-01,CO
2016-10-01,CO
2016-11-01,CO
2016-12-01,CO
2017-01-01,CO
2017-02-01,CO
2017-03-01,CO
2017-04-01,CO
2017-05-01,CO
2017-06-01,CO
2017-07-01,CO
2017-08-01,CO
2017-09-01,CO
2017-10-01,CO
2017-11-01,CO
2017-12-01,CO
2018-01-01,CO
2018-02-01,CO
2018-03-01,CO
2018-04-01,CO
2018-05-01,CO
2018-06-01,CO
2018-07-01,CO
2018-08-01,CO
2018-09-01,CO
2018-10-01,CO
2018-11-01,CO
2018-12-01,CO
2019-01-01,CO
2019-02-01,CO
2019-03-01,CO
2019-04-01,CO
2019-05-01,CO
2019-06-01,CO
2019-07-01,CO
2019-08-01,CO
2019-09-01,CO
2019-10-01,CO
2019-11-01,CO
2019-12-01,CO
2020-01-01,CO
2020-02-01,CO
2020-03-01,CO
2020-04-01,CO
2020-05-01,CO
2020-06-01,CO
2020-07-01,CO
2020-08-01,CO
2020-09-01,CO
2020-10-01,CO
2020-11-01,CO
2020-12-01,CO
2021-01-01,CO
2021-02-01,CO
2021-03-01,CO
2021-04-01,CO
2021-05-01,CO
2021-06-01,CO
2021-07-01,CO
2021-08-01,CO
2021-09-01,CO
2021-10-01,CO
2021-11-01,CO
2021-12-01,CO
2022-01-01,CO
2022-02-01,CO
2022-03-01,CO
2022-04-01,CO
2022-05-01,CO
2022-06-01,CO
2022-07-01,CO
2022-08-01,CO
2022-09-01,CO
2022-10-01,CO
2022-11-01,CO
2022-12-01,CO
2012-01-01,CT
2012-02-01,CT
2012-03-01,CT
2012-04-01,CT
2012-05-01,CT
2012-06-01,CT
2012-07-01,CT
2012-08-01,CT
2012-09-01,CT
2012-10-01,CT
2012-11-01,CT
2012-12-01,CT
2013-01-01,CT
2013-02-01,CT
2013-03-01,CT
2013-04-01,CT
2013-05-01,CT
2013-06-01,CT
2013-07-01,CT
2013-08-01,CT
2013-09-01,CT
2013-10-01,CT
2013-11-01,CT
2013-12-01,CT
2014-01-01,CT
2014-02-01,CT
2014-03-01,CT
2014-04-01,CT
2014-05-01,CT
2014-06-01,CT
2014-07-01,CT
2014-08-01,CT
2014-09-01,CT
2014-10-01,CT
2014-11-01,CT
2014-12-01,CT
2015-01-01,CT
2015-02-01,CT
2015-03-01,CT
2015-04-01,CT
2015-05-01,CT
2015-06-01,CT
2015-07-01,CT
2015-08-01,CT
2015-09-01,CT
2015-10-01,CT
2015-11-01,CT
2015-12-01,CT
2016-01-01,CT
2016-02-01,CT
2016-03-01,CT
2016-04-01,CT
2016-05-01,CT
2016-06-01,CT
2016-07-01,CT
2016-08-01,CT
2016-09-01,CT
2016-10-01,CT
2016-11-01,CT
2016-12-01,CT
2017-01-01,CT
2017-02-01,CT
2017-03-01,CT
2017-04-01,CT
2017-05-01,CT
2017-06-01,CT
2017-07-01,CT
2017-08-01,CT
2017-09-01,CT
2017-10-01,CT
2017-11-01,CT
2017-12-01,CT
2018-01-01,CT
2018-02-01,CT
2018-03-01,CT
2018-04-01,CT
2018-05-01,CT
2018-06-01,CT
2018-07-01,CT
2018-08-01,CT
2018-09-01,CT
2018-10-01,CT
2018-11-01,CT
2018-12-01,CT
2019-01-01,CT
2019-02-01,CT
2019-03-01,CT
2019-04-01,CT
2019-05-01,CT
2019-06-01,CT
2019-07-01,CT
2019-08-01,CT
2019-09-01,CT
2019-10-01,CT
2019-11-01,CT
2019-12-01,CT
2020-01-01,CT
2020-02-01,CT
2020-03-01,CT
2020-04-01,CT
2020-05-01,CT
2020-06-01,CT
2020-07-01,CT
2020-08-01,CT
2020-09-01,CT
2020-10-01,CT
2020-11-01,CT
2020-12-01,CT
2021-01-01,CT
2021-02-01,CT
2021-03-01,CT
2021-04-01,CT
2021-05-01,CT
2021-06-01,CT
2021-07-01,CT
2021-08-01,CT
2021-09-01,CT
2021-10-01,CT
2021-11-01,CT
2021-12-01,CT
2022-01-01,CT
2022-02-01,CT
2022-03-01,CT
2022-04-01,CT
2022-05-01,CT
2022-06-01,CT
2022-07-01,CT
2022-08-01,CT
2022-09-01,CT
2022-10-01,CT
2022-11-01,CT
2022-12-01,CT
2012-01-01,DE
2012-02-01,DE
2012-03-01,DE
2012-04-01,DE
2012-05-01,DE
2012-06-01,DE
2012-07-01,DE
2012-08-01,DE
2012-09-01,DE
2012-10-01,DE
2012-11-01,DE
2012-12-01,DE
2013-01-01,DE
2013-02-01,DE
2013-03-01,DE
2013-04-01,DE
2013-05-01,DE
2013-06-01,DE
2013-07-01,DE
2013-08-01,DE
2013-09-01,DE
2013-10-01,DE
2013-11-01,DE
2013-12-01,DE
2014-01-01,DE
2014-02-01,DE
2014-03-01,DE
2014-04-01,DE
2014-05-01,DE
2014-06-01,DE
2014-07-01,DE
2014-08-01,DE
2014-09-01,DE
2014-10-01,DE
2014-11-01,DE
2014-12-01,DE
2015-01-01,DE
2015-02-01,DE
2015-03-01,DE
2015-04-01,DE
2015-05-01,DE
2015-06-01,DE
2015-07-01,DE
2015-08-01,DE
2015-09-01,DE
2015-10-01,DE
2015-11-01,DE
2015-12-01,DE
2016-01-01,DE
2016-02-01,DE
2016-03-01,DE
2016-04-01,DE
2016-05-01,DE
2016-06-01,DE
2016-07-01,DE
2016-08-01,DE
2016-09-01,DE
2016-10-01,DE
2016-11-01,DE
2016-12-01,DE
2017-01-01,DE
2017-02-01,DE
2017-03-01,DE
2017-04-01,DE
2017-05-01,DE
2017-06-01,DE
2017-07-01,DE
2017-08-01,DE
2017-09-01,DE
2017-10-01,DE
2017-11-01,DE
2017-12-01,DE
2018-01-01,DE
2018-02-01,DE
2018-03-01,DE
2018-04-01,DE
2018-05-01,DE
2018-06-01,DE
2018-07-01,DE
2018-08-01,DE
2018-09-01,DE
2018-10-01,DE
2018-11-01,DE
2018-12-01,DE
2019-01-01,DE
2019-02-01,DE
2019-03-01,DE
2019-04-01,DE
2019-05-01,DE
2019-06-01,DE
2019-07-01,DE
2019-08-01,DE
2019-09-01,DE
2019-10-01,DE
2019-11-01,DE
2019-12-01,DE
2020-01-01,DE
2020-02-01,DE
2020-03-01,DE
2020-04-01,DE
2020-05-01,DE
2020-06-01,DE
2020-07-01,DE
2020-08-01,DE
2020-09-01,DE
2020-10-01,DE
2020-11-01,DE
2020-12-01,DE
2021-01-01,DE
2021-02-01,DE
2021-03-01,DE
2021-04-01,DE
2021-05-01,DE
2021-06-01,DE
2021-07-01,DE
2021-08-01,DE
2021-09-01,DE
2021-10-01,DE
2021-11-01,DE
2021-12-01,DE
2022-01-01,DE
2022-02-01,DE
2022-03-01,DE
2022-04-01,DE
2022-05-01,DE
2022-06-01,DE
2022-07-01,DE
2022-08-01,DE
2022-09-01,DE
2022-10-01,DE
2022-11-01,DE
2022-12-01,DE
2012-01-01,FL
2012-02-01,FL
2012-03-01,FL
2012-04-01,FL
2012-05-01,FL
2012-06-01,FL
2012-07-01,FL
2012-08-01,FL
2012-09-01,FL
2012-10-01,FL
2012-11-01,FL
2012-12-01,FL
2013-01-01,FL
2013-02-01,FL
2013-03-01,FL
2013-04-01,FL
2013-05-01,FL
2013-06-01,FL
2013-07-01,FL
2013-08-01,FL
2013-09-01,FL
2013-10-01,FL
2013-11-01,FL
2013-12-01,FL
2014-01-01,FL
2014-02-01,FL
2014-03-01,FL
2014-04-01,FL
2014-05-01,FL
2014-06-01,FL
2014-07-01,FL
2014-08-01,FL
2014-09-01,FL
2014-10-01,FL
2014-11-01,FL
2014-12-01,FL
2015-01-01,FL
2015-02-01,FL
2015-03-01,FL
2015-04-01,FL
2015-05-01,FL
2015-06-01,FL
2015-07-01,FL
2015-08-01,FL
2015-09-01,FL
2015-10-01,FL
2015-11-01,FL
2015-12-01,FL
2016-01-01,FL
2016-02-01,FL
2016-03-01,FL
2016-04-01,FL
2016-05-01,FL
2016-06-01,FL
2016-07-01,FL
2016-08-01,FL
2016-09-01,FL
2016-10-01,FL
2016-11-01,FL
2016-12-01,FL
2017-01-01,FL
2017-02-01,FL
2017-03-01,FL
2017-04-01,FL
2017-05-01,FL
2017-06-01,FL
2017-07-01,FL
2017-08-01,FL
2017-09-01,FL
2017-10-01,FL
2017-11-01,FL
2017-12-01,FL
2018-01-01,FL
2018-02-01,FL
2018-03-01,FL
2018-04-01,FL
2018-05-01,FL
2018-06-01,FL
2018-07-01,FL
2018-08-01,FL
2018-09-01,FL
2018-10-01,FL
2018-11-01,FL
2018-12-01,FL
2019-01-01,FL
2019-02-01,FL
2019-03-01,FL
2019-04-01,FL
2019-05-01,FL
2019-06-01,FL
2019-07-01,FL
2019-08-01,FL
2019-09-01,FL
2019-10-01,FL
2019-11-01,FL
2019-12-01,FL
2020-01-01,FL
2020-02-01,FL
2020-03-01,FL
2020-04-01,FL
2020-05-01,FL
2020-06-01,FL
2020-07-01,FL
2020-08-01,FL
2020-09-01,FL
2020-10-01,FL
2020-11-01,FL
2020-12-01,FL
2021-01-01,FL
2021-02-01,FL
2021-03-01,FL
2021-04-01,FL
2021-05-01,FL
2021-06-01,FL
2021-07-01,FL
2021-08-01,FL
2021-09-01,FL
2021-10-01,FL
2021-11-01,FL
2021-12-01,FL
2022-01-01,FL
2022-02-01,FL
2022-03-01,FL
2022-04-01,FL
2022-05-01,FL
2022-06-01,FL
2022-07-01,FL
2022-08-01,FL
2022-09-01,FL
2022-10-01,FL
2022-11-01,FL
2022-12-01,FL
2012-01-01,GA
2012-02-01,GA
2012-03-01,GA
2012-04-01,GA
2012-05-01,GA
2012-06-01,GA
2012-07-01,GA
2012-08-01,GA
2012-09-01,GA
2012-10-01,GA
2012-11-01,GA
2012-12-01,GA
2013-01-01,GA
2013-02-01,GA
2013-03-01,GA
2013-04-01,GA
2013-05-01,GA
2013-06-01,GA
2013-07-01,GA
2013-08-01,GA
2013-09-01,GA
2013-10-01,GA
2013-11-01,GA
2013-12-01,GA
2014-01-01,GA
2014-02-01,GA
2014-03-01,GA
2014-04-01,GA
2014-05-01,GA
2014-06-01,GA
2014-07-01,GA
2014-08-01,GA
2014-09-01,GA
2014-10-01,GA
2014-11-01,GA
2014-12-01,GA
2015-01-01,GA
2015-02-01,GA
2015-03-01,GA
2015-04-01,GA
2015-05-01,GA
2015-06-01,GA
2015-07-01,GA
2015-08-01,GA
2015-09-01,GA
2015-10-01,GA
2015-11-01,GA
2015-12-01,GA
2016-01-01,GA
2016-02-01,GA
2016-03-01,GA
2016-04-01,GA
2016-05-01,GA
2016-06-01,GA
2016-07-01,GA
2016-08-01,GA
2016-09-01,GA
2016-10-01,GA
2016-11-01,GA
2016-12-01,GA
2017-01-01,GA
2017-02-01,GA
2017-03-01,GA
2017-04-01,GA
2017-05-01,GA
2017-06-01,GA
2017-07-01,GA
2017-08-01,GA
2017-09-01,GA
2017-10-01,GA
2017-11-01,GA
2017-12-01,GA
2018-01-01,GA
2018-02-01,GA
2018-03-01,GA
2018-04-01,GA
2018-05-01,GA
2018-06-01,GA
2018-07-01,GA
2018-08-01,GA
2018-09-01,GA
2018-10-01,GA
2018-11-01,GA
2018-12-01,GA
2019-01-01,GA
2019-02-01,GA
2019-03-01,GA
2019-04-01,GA
2019-05-01,GA
2019-06-01,GA
2019-07-01,GA
2019-08-01,GA
2019-09-01,GA
2019-10-01,GA
2019-11-01,GA
2019-12-01,GA
2020-01-01,GA
2020-02-01,GA
2020-03-01,GA
2020-04-01,GA
2020-05-01,GA
2020-06-01,GA
2020-07-01,GA
2020-08-01,GA
2020-09-01,GA
2020-10-01,GA
2020-11-01,GA
2020-12-01,GA
2021-01-01,GA
2021-02-01,GA
2021-03-01,GA
2021-04-01,GA
2021-05-01,GA
2021-06-01,GA
2021-07-01,GA
2021-08-01,GA
2021-09-01,GA
2021-10-01,GA
2021-11-01,GA
2021-12-01,GA
2022-01-01,GA
2022-02-01,GA
2022-03-01,GA
2022-04-01,GA
2022-05-01,GA
2022-06-01,GA
2022-07-01,GA
2022-08-01,GA
2022-09-01,GA
2022-10-01,GA
2022-11-01,GA
2022-12-01,GA
2012-01-01,HI
2012-02-01,HI
2012-03-01,HI
2012-04-01,HI
2012-05-01,HI
2012-06-01,HI
2012-07-01,HI
2012-08-01,HI
2012-09-01,HI
2012-10-01,HI
2012-11-01,HI
2012-12-01,HI
2013-01-01,HI
2013-02-01,HI
2013-03-01,HI
2013-04-01,HI
2013-05-01,HI
2013-06-01,HI
2013-07-01,HI
2013-08-01,HI
2013-09-01,HI
2013-10-01,HI
2013-11-01,HI
2013-12-01,HI
2014-01-01,HI
2014-02-01,HI
2014-03-01,HI
2014-04-01,HI
2014-05-01,HI
2014-06-01,HI
2014-07-01,HI
2014-08-01,HI
2014-09-01,HI
2014-10-01,HI
2014-11-01,HI
2014-12-01,HI
2015-01-01,HI
2015-02-01,HI
2015-03-01,HI
2015-04-01,HI
2015-05-01,HI
2015-06-01,HI
2015-07-01,HI
2015-08-01,HI
2015-09-01,HI
2015-10-01,HI
2015-11-01,HI
2015-12-01,HI
2016-01-01,HI
2016-02-01,HI
2016-03-01,HI
2016-04-01,HI
2016-05-01,HI
2016-06-01,HI
2016-07-01,HI
2016-08-01,HI
2016-09-01,HI
2016-10-01,HI
2016-11-01,HI
2016-12-01,HI
2017-01-01,HI
2017-02-01,HI
2017-03-01,HI
2017-04-01,HI
2017-05-01,HI
2017-06-01,HI
2017-07-01,HI
2017-08-01,HI
2017-09-01,HI
2017-10-01,HI
2017-11-01,HI
2017-12-01,HI
2018-01-01,HI
2018-02-01,HI
2018-03-01,HI
2018-04-01,HI
2018-05-01,HI
2018-06-01,HI
2018-07-01,HI
2018-08-01,HI
2018-09-01,HI
2018-10-01,HI
2018-11-01,HI
2018-12-01,HI
2019-01-01,HI
2019-02-01,HI
2019-03-01,HI
2019-04-01,HI
2019-05-01,HI
2019-06-01,HI
2019-07-01,HI
2019-08-01,HI
2019-09-01,HI
2019-10-01,HI
2019-11-01,HI
2019-12-01,HI
2020-01-01,HI
2020-02-01,HI
2020-03-01,HI
2020-04-01,HI
2020-05-01,HI
2020-06-01,HI
2020-07-01,HI
2020-08-01,HI
2020-09-01,HI
2020-10-01,HI
2020-11-01,HI
2020-12-01,HI
2021-01-01,HI
2021-02-01,HI
2021-03-01,HI
2021-04-01,HI
2021-05-01,HI
2021-06-01,HI
2021-07-01,HI
2021-08-01,HI
2021-09-01,HI
2021-10-01,HI
2021-11-01,HI
2021-12-01,HI
2022-01-01,HI
2022-02-01,HI
2022-03-01,HI
2022-04-01,HI
2022-05-01,HI
2022-06-01,HI
2022-07-01,HI
2022-08-01,HI
2022-09-01,HI
2022-10-01,HI
2022-11-01,HI
2022-12-01,HI
2012-01-01,IA
2012-02-01,IA
2012-03-01,IA
2012-04-01,IA
2012-05-01,IA
2012-06-01,IA
2012-07-01,IA
2012-08-01,IA
2012-09-01,IA
2012-10-01,IA
2012-11-01,IA
2012-12-01,IA
2013-01-01,IA
2013-02-01,IA
2013-03-01,IA
2013-04-01,IA
2013-05-01,IA
2013-06-01,IA
2013-07-01,IA
2013-08-01,IA
2013-09-01,IA
2013-10-01,IA
2013-11-01,IA
2013-12-01,IA
2014-01-01,IA
2014-02-01,IA
2014-03-01,IA
2014-04-01,IA
2014-05-01,IA
2014-06-01,IA
2014-07-01,IA
2014-08-01,IA
2014-09-01,IA
2014-10-01,IA
2014-11-01,IA
2014-12-01,IA
2015-01-01,IA
2015-02-01,IA
2015-03-01,IA
2015-04-01,IA
2015-05-01,IA
2015-06-01,IA
2015-07-01,IA
2015-08-01,IA
2015-09-01,IA
2015-10-01,IA
2015-11-01,IA
2015-12-01,IA
2016-01-01,IA
2016-02-01,IA
2016-03-01,IA
2016-04-01,IA
2016-05-01,IA
2016-06-01,IA
2016-07-01,IA
2016-08-01,IA
2016-09-01,IA
2016-10-01,IA
2016-11-01,IA
2016-12-01,IA
2017-01-01,IA
2017-02-01,IA
2017-03-01,IA
2017-04-01,IA
2017-05-01,IA
2017-06-01,IA
2017-07-01,IA
2017-08-01,IA
2017-09-01,IA
2017-10-01,IA
2017-11-01,IA
2017-12-01,IA
2018-01-01,IA
2018-02-01,IA
2018-03-01,IA
2018-04-01,IA
2018-05-01,IA
2018-06-01,IA
2018-07-01,IA
2018-08-01,IA
2018-09-01,IA
2018-10-01,IA
2018-11-01,IA
2018-12-01,IA
2019-01-01,IA
2019-02-01,IA
2019-03-01,IA
2019-04-01,IA
2019-05-01,IA
2019-06-01,IA
2019-07-01,IA
2019-08-01,IA
2019-09-01,IA
2019-10-01,IA
2019-11-01,IA
2019-12-01,IA
2020-01-01,IA
2020-02-01,IA
2020-03-01,IA
2020-04-01,IA
2020-05-01,IA
2020-06-01,IA
2020-07-01,IA
2020-08-01,IA
2020-09-01,IA
2020-10-01,IA
2020-11-01,IA
2020-12-01,IA
2021-01-01,IA
2021-02-01,IA
2021-03-01,IA
2021-04-01,IA
2021-05-01,IA
2021-06-01,IA
2021-07-01,IA
2021-08-01,IA
2021-09-01,IA
2021-10-01,IA
2021-11-01,IA
2021-12-01,IA
2022-01-01,IA
2022-02-01,IA
2022-03-01,IA
2022-04-01,IA
2022-05-01,IA
2022-06-01,IA
2022-07-01,IA
2022-08-01,IA
2022-09-01,IA
2022-10-01,IA
2022-11-01,IA
2022-12-01,IA
2012-01-01,ID
2012-02-01,ID
2012-03-01,ID
2012-04-01,ID
2012-05-01,ID
2012-06-01,ID
2012-07-01,ID
2012-08-01,ID
2012-09-01,ID
2012-10-01,ID
2012-11-01,ID
2012-12-01,ID
2013-01-01,ID
2013-02-01,ID
2013-03-01,ID
2013-04-01,ID
2013-05-01,ID
2013-06-01,ID
2013-07-01,ID
2013-08-01,ID
2013-09-01,ID
2013-10-01,ID
2013-11-01,ID
2013-12-01,ID
2014-01-01,ID
2014-02-01,ID
2014-03-01,ID
2014-04-01,ID
2014-05-01,ID
2014-06-01,ID
2014-07-01,ID
2014-08-01,ID
2014-09-01,ID
2014-10-01,ID
2014-11-01,ID
2014-12-01,ID
2015-01-01,ID
2015-02-01,ID
2015-03-01,ID
2015-04-01,ID
2015-05-01,ID
2015-06-01,ID
2015-07-01,ID
2015-08-01,ID
2015-09-01,ID
2015-10-01,ID
2015-11-01,ID
2015-12-01,ID
2016-01-01,ID
2016-02-01,ID
2016-03-01,ID
2016-04-01,ID
2016-05-01,ID
2016-06-01,ID
2016-07-01,ID
2016-08-01,ID
2016-09-01,ID
2016-10-01,ID
2016-11-01,ID
2016-12-01,ID
2017-01-01,ID
2017-02-01,ID
2017-03-01,ID
2017-04-01,ID
2017-05-01,ID
2017-06-01,ID
2017-07-01,ID
2017-08-01,ID
2017-09-01,ID
2017-10-01,ID
2017-11-01,ID
2017-12-01,ID
2018-01-01,ID
2018-02-01,ID
2018-03-01,ID
2018-04-01,ID
2018-05-01,ID
2018-06-01,ID
2018-07-01,ID
2018-08-01,ID
2018-09-01,ID
2018-10-01,ID
2018-11-01,ID
2018-12-01,ID
2019-01-01,ID
2019-02-01,ID
2019-03-01,ID
2019-04-01,ID
2019-05-01,ID
2019-06-01,ID
2019-07-01,ID
2019-08-01,ID
2019-09-01,ID
2019-10-01,ID
2019-11-01,ID
2019-12-01,ID
2020-01-01,ID
2020-02-01,ID
2020-03-01,ID
2020-04-01,ID
2020-05-01,ID
2020-06-01,ID
2020-07-01,ID
2020-08-01,ID
2020-09-01,ID
2020-10-01,ID
2020-11-01,ID
2020-12-01,ID
2021-01-01,ID
2021-02-01,ID
2021-03-01,ID
2021-04-01,ID
2021-05-01,ID
2021-06-01,ID
2021-07-01,ID
2021-08-01,ID
2021-09-01,ID
2021-10-01,ID
2021-11-01,ID
2021-12-01,ID
2022-01-01,ID
2022-02-01,ID
2022-03-01,ID
2022-04-01,ID
2022-05-01,ID
2022-06-01,ID
2022-07-01,ID
2022-08-01,ID
2022-09-01,ID
2022-10-01,ID
2022-11-01,ID
2022-12-01,ID
2012-01-01,IL
2012-02-01,IL
2012-03-01,IL
2012-04-01,IL
2012-05-01,IL
2012-06-01,IL
2012-07-01,IL
2012-08-01,IL
2012-09-01,IL
2012-10-01,IL
2012-11-01,IL
2012-12-01,IL
2013-01-01,IL
2013-02-01,IL
2013-03-01,IL
2013-04-01,IL
2013-05-01,IL
2013-06-01,IL
2013-07-01,IL
2013-08-01,IL
2013-09-01,IL
2013-10-01,IL
2013-11-01,IL
2013-12-01,IL
2014-01-01,IL
2014-02-01,IL
2014-03-01,IL
2014-04-01,IL
2014-05-01,IL
2014-06-01,IL
2014-07-01,IL
2014-08-01,IL
2014-09-01,IL
2014-10-01,IL
2014-11-01,IL
2014-12-01,IL
2015-01-01,IL
2015-02-01,IL
2015-03-01,IL
2015-04-01,IL
2015-05-01,IL
2015-06-01,IL
2015-07-01,IL
2015-08-01,IL
2015-09-01,IL
2015-10-01,IL
2015-11-01,IL
2015-12-01,IL
2016-01-01,IL
2016-02-01,IL
2016-03-01,IL
2016-04-01,IL
2016-05-01,IL
2016-06-01,IL
2016-07-01,IL
2016-08-01,IL
2016-09-01,IL
2016-10-01,IL
2016-11-01,IL
2016-12-01,IL
2017-01-01,IL
2017-02-01,IL
2017-03-01,IL
2017-04-01,IL
2017-05-01,IL
2017-06-01,IL
2017-07-01,IL
2017-08-01,IL
2017-09-01,IL
2017-10-01,IL
2017-11-01,IL
2017-12-01,IL
2018-01-01,IL
2018-02-01,IL
2018-03-01,IL
2018-04-01,IL
2018-05-01,IL
2018-06-01,IL
2018-07-01,IL
2018-08-01,IL
2018-09-01,IL
2018-10-01,IL
2018-11-01,IL
2018-12-01,IL
2019-01-01,IL
2019-02-01,IL
2019-03-01,IL
2019-04-01,IL
2019-05-01,IL
2019-06-01,IL
2019-07-01,IL
2019-08-01,IL
2019-09-01,IL
2019-10-01,IL
2019-11-01,IL
2019-12-01,IL
2020-01-01,IL
2020-02-01,IL
2020-03-01,IL
2020-04-01,IL
2020-05-01,IL
2020-06-01,IL
2020-07-01,IL
2020-08-01,IL
2020-09-01,IL
2020-10-01,IL
2020-11-01,IL
2020-12-01,IL
2021-01-01,IL
2021-02-01,IL
2021-03-01,IL
2021-04-01,IL
2021-05-01,IL
2021-06-01,IL
2021-07-01,IL
2021-08-01,IL
2021-09-01,IL
2021-10-01,IL
2021-11-01,IL
2021-12-01,IL
2022-01-01,IL
2022-02-01,IL
2022-03-01,IL
2022-04-01,IL
2022-05-01,IL
2022-06-01,IL
2022-07-01,IL
2022-08-01,IL
2022-09-01,IL
2022-10-01,IL
2022-11-01,IL
2022-12-01,IL
2012-01-01,IN
2012-02-01,IN
2012-03-01,IN
2012-04-01,IN
2012-05-01,IN
2012-06-01,IN
2012-07-01,IN
2012-08-01,IN
2012-09-01,IN
2012-10-01,IN
2012-11-01,IN
2012-12-01,IN
2013-01-01,IN
2013-02-01,IN
2013-03-01,IN
2013-04-01,IN
2013-05-01,IN
2013-06-01,IN
2013-07-01,IN
2013-08-01,IN
2013-09-01,IN
2013-10-01,IN
2013-11-01,IN
2013-12-01,IN
2014-01-01,IN
2014-02-01,IN
2014-03-01,IN
2014-04-01,IN
2014-05-01,IN
2014-06-01,IN
2014-07-01,IN
2014-08-01,IN
2014-09-01,IN
2014-10-01,IN
2014-11-01,IN
2014-12-01,IN
2015-01-01,IN
2015-02-01,IN
2015-03-01,IN
2015-04-01,IN
2015-05-01,IN
2015-06-01,IN
2015-07-01,IN
2015-08-01,IN
2015-09-01,IN
2015-10-01,IN
2015-11-01,IN
2015-12-01,IN
2016-01-01,IN
2016-02-01,IN
2016-03-01,IN
2016-04-01,IN
2016-05-01,IN
2016-06-01,IN
2016-07-01,IN
2016-08-01,IN
2016-09-01,IN
2016-10-01,IN
2016-11-01,IN
2016-12-01,IN
2017-01-01,IN
2017-02-01,IN
2017-03-01,IN
2017-04-01,IN
2017-05-01,IN
2017-06-01,IN
2017-07-01,IN
2017-08-01,IN
2017-09-01,IN
2017-10-01,IN
2017-11-01,IN
2017-12-01,IN
2018-01-01,IN
2018-02-01,IN
2018-03-01,IN
2018-04-01,IN
2018-05-01,IN
2018-06-01,IN
2018-07-01,IN
2018-08-01,IN
2018-09-01,IN
2018-10-01,IN
2018-11-01,IN
2018-12-01,IN
2019-01-01,IN
2019-02-01,IN
2019-03-01,IN
2019-04-01,IN
2019-05-01,IN
2019-06-01,IN
2019-07-01,IN
2019-08-01,IN
2019-09-01,IN
2019-10-01,IN
2019-11-01,IN
2019-12-01,IN
2020-01-01,IN
2020-02-01,IN
2020-03-01,IN
2020-04-01,IN
2020-05-01,IN
2020-06-01,IN
2020-07-01,IN
2020-08-01,IN
2020-09-01,IN
2020-10-01,IN
2020-11-01,IN
2020-12-01,IN
2021-01-01,IN
2021-02-01,IN
2021-03-01,IN
2021-04-01,IN
2021-05-01,IN
2021-06-01,IN
2021-07-01,IN
2021-08-01,IN
2021-09-01,IN
2021-10-01,IN
2021-11-01,IN
2021-12-01,IN
2022-01-01,IN
2022-02-01,IN
2022-03-01,IN
2022-04-01,IN
2022-05-01,IN
2022-06-01,IN
2022-07-01,IN
2022-08-01,IN
2022-09-01,IN
2022-10-01,IN
2022-11-01,IN
2022-12-01,IN
2012-01-01,KS
2012-02-01,KS
2012-03-01,KS
2012-04-01,KS
2012-05-01,KS
2012-06-01,KS
2012-07-01,KS
2012-08-01,KS
2012-09-01,KS
2012-10-01,KS
2012-11-01,KS
2012-12-01,KS
2013-01-01,KS
2013-02-01,KS
2013-03-01,KS
2013-04-01,KS
2013-05-01,KS
2013-06-01,KS
2013-07-01,KS
2013-08-01,KS
2013-09-01,KS
2013-10-01,KS
2013-11-01,KS
2013-12-01,KS
2014-01-01,KS
2014-02-01,KS
2014-03-01,KS
2014-04-01,KS
2014-05-01,KS
2014-06-01,KS
2014-07-01,KS
2014-08-01,KS
2014-09-01,KS
2014-10-01,KS
2014-11-01,KS
2014-12-01,KS
2015-01-01,KS
2015-02-01,KS
2015-03-01,KS
2015-04-01,KS
2015-05-01,KS
2015-06-01,KS
2015-07-01,KS
2015-08-01,KS
2015-09-01,KS
2015-10-01,KS
2015-11-01,KS
2015-12-01,KS
2016-01-01,KS
2016-02-01,KS
2016-03-01,KS
2016-04-01,KS
2016-05-01,KS
2016-06-01,KS
2016-07-01,KS
2016-08-01,KS
2016-09-01,KS
2016-10-01,KS
2016-11-01,KS
2016-12-01,KS
2017-01-01,KS
2017-02-01,KS
2017-03-01,KS
2017-04-01,KS
2017-05-01,KS
2017-06-01,KS
2017-07-01,KS
2017-08-01,KS
2017-09-01,KS
2017-10-01,KS
2017-11-01,KS
2017-12-01,KS
2018-01-01,KS
2018-02-01,KS
2018-03-01,KS
2018-04-01,KS
2018-05-01,KS
2018-06-01,KS
2018-07-01,KS
2018-08-01,KS
2018-09-01,KS
2018-10-01,KS
2018-11-01,KS
2018-12-01,KS
2019-01-01,KS
2019-02-01,KS
2019-03-01,KS
2019-04-01,KS
2019-05-01,KS
2019-06-01,KS
2019-07-01,KS
2019-08-01,KS
2019-09-01,KS
2019-10-01,KS
2019-11-01,KS
2019-12-01,KS
2020-01-01,KS
2020-02-01,KS
2020-03-01,KS
2020-04-01,KS
2020-05-01,KS
2020-06-01,KS
2020-07-01,KS
2020-08-01,KS
2020-09-01,KS
2020-10-01,KS
2020-11-01,KS
2020-12-01,KS
2021-01-01,KS
2021-02-01,KS
2021-03-01,KS
2021-04-01,KS
2021-05-01,KS
2021-06-01,KS
2021-07-01,KS
2021-08-01,KS
2021-09-01,KS
2021-10-01,KS
2021-11-01,KS
2021-12-01,KS
2022-01-01,KS
2022-02-01,KS
2022-03-01,KS
2022-04-01,KS
2022-05-01,KS
2022-06-01,KS
2022-07-01,KS
2022-08-01,KS
2022-09-01,KS
2022-10-01,KS
2022-11-01,KS
2022-12-01,KS
2012-01-01,KY
2012-02-01,KY
2012-03-01,KY
2012-04-01,KY
2012-05-01,KY
2012-06-01,KY
2012-07-01,KY
2012-08-01,KY
2012-09-01,KY
2012-10-01,KY
2012-11-01,KY
2012-12-01,KY
2013-01-01,KY
2013-02-01,KY
2013-03-01,KY
2013-04-01,KY
2013-05-01,KY
2013-06-01,KY
2013-07-01,KY
2013-08-01,KY
2013-09-01,KY
2013-10-01,KY
2013-11-01,KY
2013-12-01,KY
2014-01-01,KY
2014-02-01,KY
2014-03-01,KY
2014-04-01,KY
2014-05-01,KY
2014-06-01,KY
2014-07-01,KY
2014-08-01,KY
2014-09-01,KY
2014-10-01,KY
2014-11-01,KY
2014-12-01,KY
2015-01-01,KY
2015-02-01,KY
2015-03-01,KY
2015-04-01,KY
2015-05-01,KY
2015-06-01,KY
2015-07-01,KY
2015-08-01,KY
2015-09-01,KY
2015-10-01,KY
2015-11-01,KY
2015-12-01,KY
2016-01-01,KY
2016-02-01,KY
2016-03-01,KY
2016-04-01,KY
2016-05-01,KY
2016-06-01,KY
2016-07-01,KY
2016-08-01,KY
2016-09-01,KY
2016-10-01,KY
2016-11-01,KY
2016-12-01,KY
2017-01-01,KY
2017-02-01,KY
2017-03-01,KY
2017-04-01,KY
2017-05-01,KY
2017-06-01,KY
2017-07-01,KY
2017-08-01,KY
2017-09-01,KY
2017-10-01,KY
2017-11-01,KY
2017-12-01,KY
2018-01-01,KY
2018-02-01,KY
2018-03-01,KY
2018-04-01,KY
2018-05-01,KY
2018-06-01,KY
2018-07-01,KY
2018-08-01,KY
2018-09-01,KY
2018-10-01,KY
2018-11-01,KY
2018-12-01,KY
2019-01-01,KY
2019-02-01,KY
2019-03-01,KY
2019-04-01,KY
2019-05-01,KY
2019-06-01,KY
2019-07-01,KY
2019-08-01,KY
2019-09-01,KY
2019-10-01,KY
2019-11-01,KY
2019-12-01,KY
2020-01-01,KY
2020-02-01,KY
2020-03-01,KY
2020-04-01,KY
2020-05-01,KY
2020-06-01,KY
2020-07-01,KY
2020-08-01,KY
2020-09-01,KY
2020-10-01,KY
2020-11-01,KY
2020-12-01,KY
2021-01-01,KY
2021-02-01,KY
2021-03-01,KY
2021-04-01,KY
2021-05-01,KY
2021-06-01,KY
2021-07-01,KY
2021-08-01,KY
2021-09-01,KY
2021-10-01,KY
2021-11-01,KY
2021-12-01,KY
2022-01-01,KY
2022-02-01,KY
2022-03-01,KY
2022-04-01,KY
2022-05-01,KY
2022-06-01,KY
2022-07-01,KY
2022-08-01,KY
2022-09-01,KY
2022-10-01,KY
2022-11-01,KY
2022-12-01,KY
2012-01-01,LA
2012-02-01,LA
2012-03-01,LA
2012-04-01,LA
2012-05-01,LA
2012-06-01,LA
2012-07-01,LA
2012-08-01,LA
2012-09-01,LA
2012-10-01,LA
2012-11-01,LA
2012-12-01,LA
2013-01-01,LA
2013-02-01,LA
2013-03-01,LA
2013-04-01,LA
2013-05-01,LA
2013-06-01,LA
2013-07-01,LA
2013-08-01,LA
2013-09-01,LA
2013-10-01,LA
2013-11-01,LA
2013-12-01,LA
2014-01-01,LA
2014-02-01,LA
2014-03-01,LA
2014-04-01,LA
2014-05-01,LA
2014-06-01,LA
2014-07-01,LA
2014-08-01,LA
2014-09-01,LA
2014-10-01,LA
2014-11-01,LA
2014-12-01,LA
2015-01-01,LA
2015-02-01,LA
2015-03-01,LA
2015-04-01,LA
2015-05-01,LA
2015-06-01,LA
2015-07-01,LA
2015-08-01,LA
2015-09-01,LA
2015-10-01,LA
2015-11-01,LA
2015-12-01,LA
2016-01-01,LA
2016-02-01,LA
2016-03-01,LA
2016-04-01,LA
2016-05-01,LA
2016-06-01,LA
2016-07-01,LA
2016-08-01,LA
2016-09-01,LA
2016-10-01,LA
2016-11-01,LA
2016-12-01,LA
2017-01-01,LA
2017-02-01,LA
2017-03-01,LA
2017-04-01,LA
2017-05-01,LA
2017-06-01,LA
2017-07-01,LA
2017-08-01,LA
2017-09-01,LA
2017-10-01,LA
2017-11-01,LA
2017-12-01,LA
2018-01-01,LA
2018-02-01,LA
2018-03-01,LA
2018-04-01,LA
2018-05-01,LA
2018-06-01,LA
2018-07-01,LA
2018-08-01,LA
2018-09-01,LA
2018-10-01,LA
2018-11-01,LA
2018-12-01,LA
2019-01-01,LA
2019-02-01,LA
2019-03-01,LA
2019-04-01,LA
2019-05-01,LA
2019-06-01,LA
2019-07-01,LA
2019-08-01,LA
2019-09-01,LA
2019-10-01,LA
2019-11-01,LA
2019-12-01,LA
2020-01-01,LA
2020-02-01,LA
2020-03-01,LA
2020-04-01,LA
2020-05-01,LA
2020-06-01,LA
2020-07-01,LA
2020-08-01,LA
2020-09-01,LA
2020-10-01,LA
2020-11-01,LA
2020-12-01,LA
2021-01-01,LA
2021-02-01,LA
2021-03-01,LA
2021-04-01,LA
2021-05-01,LA
2021-06-01,LA
2021-07-01,LA
2021-08-01,LA
2021-09-01,LA
2021-10-01,LA
2021-11-01,LA
2021-12-01,LA
2022-01-01,LA
2022-02-01,LA
2022-03-01,LA
2022-04-01,LA
2022-05-01,LA
2022-06-01,LA
2022-07-01,LA
2022-08-01,LA
2022-09-01,LA
2022-10-01,LA
2022-11-01,LA
2022-12-01,LA
2012-01-01,MA
2012-02-01,MA
2012-03-01,MA
2012-04-01,MA
2012-05-01,MA
2012-06-01,MA
2012-07-01,MA
2012-08-01,MA
2012-09-01,MA
2012-10-01,MA
2012-11-01,MA
2012-12-01,MA
2013-01-01,MA
2013-02-01,MA
2013-03-01,MA
2013-04-01,MA
2013-05-01,MA
2013-06-01,MA
2013-07-01,MA
2013-08-01,MA
2013-09-01,MA
2013-10-01,MA
2013-11-01,MA
2013-12-01,MA
2014-01-01,MA
2014-02-01,MA
2014-03-01,MA
2014-04-01,MA
2014-05-01,MA
2014-06-01,MA
2014-07-01,MA
2014-08-01,MA
2014-09-01,MA
2014-10-01,MA
2014-11-01,MA
2014-12-01,MA
2015-01-01,MA
2015-02-01,MA
2015-03-01,MA
2015-04-01,MA
2015-05-01,MA
2015-06-01,MA
2015-07-01,MA
2015-08-01,MA
2015-09-01,MA
2015-10-01,MA
2015-11-01,MA
2015-12-01,MA
2016-01-01,MA
2016-02-01,MA
2016-03-01,MA
2016-04-01,MA
2016-05-01,MA
2016-06-01,MA
2016-07-01,MA
2016-08-01,MA
2016-09-01,MA
2016-10-01,MA
2016-11-01,MA
2016-12-01,MA
2017-01-01,MA
2017-02-01,MA
2017-03-01,MA
2017-04-01,MA
2017-05-01,MA
2017-06-01,MA
2017-07-01,MA
2017-08-01,MA
2017-09-01,MA
2017-10-01,MA
2017-11-01,MA
2017-12-01,MA
2018-01-01,MA
2018-02-01,MA
2018-03-01,MA
2018-04-01,MA
2018-05-01,MA
2018-06-01,MA
2018-07-01,MA
2018-08-01,MA
2018-09-01,MA
2018-10-01,MA
2018-11-01,MA
2018-12-01,MA
2019-01-01,MA
2019-02-01,MA
2019-03-01,MA
2019-04-01,MA
2019-05-01,MA
2019-06-01,MA
2019-07-01,MA
2019-08-01,MA
2019-09-01,MA
2019-10-01,MA
2019-11-01,MA
2019-12-01,MA
2020-01-01,MA
2020-02-01,MA
2020-03-01,MA
2020-04-01,MA
2020-05-01,MA
2020-06-01,MA
2020-07-01,MA
2020-08-01,MA
2020-09-01,MA
2020-10-01,MA
2020-11-01,MA
2020-12-01,MA
2021-01-01,MA
2021-02-01,MA
2021-03-01,MA
2021-04-01,MA
2021-05-01,MA
2021-06-01,MA
2021-07-01,MA
2021-08-01,MA
2021-09-01,MA
2021-10-01,MA
2021-11-01,MA
2021-12-01,MA
2022-01-01,MA
2022-02-01,MA
2022-03-01,MA
2022-04-01,MA
2022-05-01,MA
2022-06-01,MA
2022-07-01,MA
2022-08-01,MA
2022-09-01,MA
2022-10-01,MA
2022-11-01,MA
2022-12-01,MA
2012-01-01,MD
2012-02-01,MD
2012-03-01,MD
2012-04-01,MD
2012-05-01,MD
2012-06-01,MD
2012-07-01,MD
2012-08-01,MD
2012-09-01,MD
2012-10-01,MD
2012-11-01,MD
2012-12-01,MD
2013-01-01,MD
2013-02-01,MD
2013-03-01,MD
2013-04-01,MD
2013-05-01,MD
2013-06-01,MD
2013-07-01,MD
2013-08-01,MD
2013-09-01,MD
2013-10-01,MD
2013-11-01,MD
2013-12-01,MD
2014-01-01,MD
2014-02-01,MD
2014-03-01,MD
2014-04-01,MD
2014-05-01,MD
2014-06-01,MD
2014-07-01,MD
2014-08-01,MD
2014-09-01,MD
2014-10-01,MD
2014-11-01,MD
2014-12-01,MD
2015-01-01,MD
2015-02-01,MD
2015-03-01,MD
2015-04-01,MD
2015-05-01,MD
2015-06-01,MD
2015-07-01,MD
2015-08-01,MD
2015-09-01,MD
2015-10-01,MD
2015-11-01,MD
2015-12-01,MD
2016-01-01,MD
2016-02-01,MD
2016-03-01,MD
2016-04-01,MD
2016-05-01,MD
2016-06-01,MD
2016-07-01,MD
2016-08-01,MD
2016-09-01,MD
2016-10-01,MD
2016-11-01,MD
2016-12-01,MD
2017-01-01,MD
2017-02-01,MD
2017-03-01,MD
2017-04-01,MD
2017-05-01,MD
2017-06-01,MD
2017-07-01,MD
2017-08-01,MD
2017-09-01,MD
2017-10-01,MD
2017-11-01,MD
2017-12-01,MD
2018-01-01,MD
2018-02-01,MD
2018-03-01,MD
2018-04-01,MD
2018-05-01,MD
2018-06-01,MD
2018-07-01,MD
2018-08-01,MD
2018-09-01,MD
2018-10-01,MD
2018-11-01,MD
2018-12-01,MD
2019-01-01,MD
2019-02-01,MD
2019-03-01,MD
2019-04-01,MD
2019-05-01,MD
2019-06-01,MD
2019-07-01,MD
2019-08-01,MD
2019-09-01,MD
2019-10-01,MD
2019-11-01,MD
2019-12-01,MD
2020-01-01,MD
2020-02-01,MD
2020-03-01,MD
2020-04-01,MD
2020-05-01,MD
2020-06-01,MD
2020-07-01,MD
2020-08-01,MD
2020-09-01,MD
2020-10-01,MD
2020-11-01,MD
2020-12-01,MD
2021-01-01,MD
2021-02-01,MD
2021-03-01,MD
2021-04-01,MD
2021-05-01,MD
2021-06-01,MD
2021-07-01,MD
2021-08-01,MD
2021-09-01,MD
2021-10-01,MD
2021-11-01,MD
2021-12-01,MD
2022-01-01,MD
2022-02-01,MD
2022-03-01,MD
2022-04-01,MD
2022-05-01,MD
2022-06-01,MD
2022-07-01,MD
2022-08-01,MD
2022-09-01,MD
2022-10-01,MD
2022-11-01,MD
2022-12-01,MD
2012-01-01,ME
2012-02-01,ME
2012-03-01,ME
2012-04-01,ME
2012-05-01,ME
2012-06-01,ME
2012-07-01,ME
2012-08-01,ME
2012-09-01,ME
2012-10-01,ME
2012-11-01,ME
2012-12-01,ME
2013-01-01,ME
2013-02-01,ME
2013-03-01,ME
2013-04-01,ME
2013-05-01,ME
2013-06-01,ME
2013-07-01,ME
2013-08-01,ME
2013-09-01,ME
2013-10-01,ME
2013-11-01,ME
2013-12-01,ME
2014-01-01,ME
2014-02-01,ME
2014-03-01,ME
2014-04-01,ME
2014-05-01,ME
2014-06-01,ME
2014-07-01,ME
2014-08-01,ME
2014-09-01,ME
2014-10-01,ME
2014-11-01,ME
2014-12-01,ME
2015-01-01,ME
2015-02-01,ME
2015-03-01,ME
2015-04-01,ME
2015-05-01,ME
2015-06-01,ME
2015-07-01,ME
2015-08-01,ME
2015-09-01,ME
2015-10-01,ME
2015-11-01,ME
2015-12-01,ME
2016-01-01,ME
2016-02-01,ME
2016-03-01,ME
2016-04-01,ME
2016-05-01,ME
2016-06-01,ME
2016-07-01,ME
2016-08-01,ME
2016-09-01,ME
2016-10-01,ME
2016-11-01,ME
2016-12-01,ME
2017-01-01,ME
2017-02-01,ME
2017-03-01,ME
2017-04-01,ME
2017-05-01,ME
2017-06-01,ME
2017-07-01,ME
2017-08-01,ME
2017-09-01,ME
2017-10-01,ME
2017-11-01,ME
2017-12-01,ME
2018-01-01,ME
2018-02-01,ME
2018-03-01,ME
2018-04-01,ME
2018-05-01,ME
2018-06-01,ME
2018-07-01,ME
2018-08-01,ME
2018-09-01,ME
2018-10-01,ME
2018-11-01,ME
2018-12-01,ME
2019-01-01,ME
2019-02-01,ME
2019-03-01,ME
2019-04-01,ME
2019-05-01,ME
2019-06-01,ME
2019-07-01,ME
2019-08-01,ME
2019-09-01,ME
2019-10-01,ME
2019-11-01,ME
2019-12-01,ME
2020-01-01,ME
2020-02-01,ME
2020-03-01,ME
2020-04-01,ME
2020-05-01,ME
2020-06-01,ME
2020-07-01,ME
2020-08-01,ME
2020-09-01,ME
2020-10-01,ME
2020-11-01,ME
2020-12-01,ME
2021-01-01,ME
2021-02-01,ME
2021-03-01,ME
2021-04-01,ME
2021-05-01,ME
2021-06-01,ME
2021-07-01,ME
2021-08-01,ME
2021-09-01,ME
2021-10-01,ME
2021-11-01,ME
2021-12-01,ME
2022-01-01,ME
2022-02-01,ME
2022-03-01,ME
2022-04-01,ME
2022-05-01,ME
2022-06-01,ME
2022-07-01,ME
2022-08-01,ME
2022-09-01,ME
2022-10-01,ME
2022-11-01,ME
2022-12-01,ME
2012-01-01,MI
2012-02-01,MI
2012-03-01,MI
2012-04-01,MI
2012-05-01,MI
2012-06-01,MI
2012-07-01,MI
2012-08-01,MI
2012-09-01,MI
2012-10-01,MI
2012-11-01,MI
2012-12-01,MI
2013-01-01,MI
2013-02-01,MI
2013-03-01,MI
2013-04-01,MI
2013-05-01,MI
2013-06-01,MI
2013-07-01,MI
2013-08-01,MI
2013-09-01,MI
2013-10-01,MI
2013-11-01,MI
2013-12-01,MI
2014-01-01,MI
2014-02-01,MI
2014-03-01,MI
2014-04-01,MI
2014-05-01,MI
2014-06-01,MI
2014-07-01,MI
2014-08-01,MI
2014-09-01,MI
2014-10-01,MI
2014-11-01,MI
2014-12-01,MI
2015-01-01,MI
2015-02-01,MI
2015-03-01,MI
2015-04-01,MI
2015-05-01,MI
2015-06-01,MI
2015-07-01,MI
2015-08-01,MI
2015-09-01,MI
2015-10-01,MI
2015-11-01,MI
2015-12-01,MI
2016-01-01,MI
2016-02-01,MI
2016-03-01,MI
2016-04-01,MI
2016-05-01,MI
2016-06-01,MI
2016-07-01,MI
2016-08-01,MI
2016-09-01,MI
2016-10-01,MI
2016-11-01,MI
2016-12-01,MI
2017-01-01,MI
2017-02-01,MI
2017-03-01,MI
2017-04-01,MI
2017-05-01,MI
2017-06-01,MI
2017-07-01,MI
2017-08-01,MI
2017-09-01,MI
2017-10-01,MI
2017-11-01,MI
2017-12-01,MI
2018-01-01,MI
2018-02-01,MI
2018-03-01,MI
2018-04-01,MI
2018-05-01,MI
2018-06-01,MI
2018-07-01,MI
2018-08-01,MI
2018-09-01,MI
2018-10-01,MI
2018-11-01,MI
2018-12-01,MI
2019-01-01,MI
2019-02-01,MI
2019-03-01,MI
2019-04-01,MI
2019-05-01,MI
2019-06-01,MI
2019-07-01,MI
2019-08-01,MI
2019-09-01,MI
2019-10-01,MI
2019-11-01,MI
2019-12-01,MI
2020-01-01,MI
2020-02-01,MI
2020-03-01,MI
2020-04-01,MI
2020-05-01,MI
2020-06-01,MI
2020-07-01,MI
2020-08-01,MI
2020-09-01,MI
2020-10-01,MI
2020-11-01,MI
2020-12-01,MI
2021-01-01,MI
2021-02-01,MI
2021-03-01,MI
2021-04-01,MI
2021-05-01,MI
2021-06-01,MI
2021-07-01,MI
2021-08-01,MI
2021-09-01,MI
2021-10-01,MI
2021-11-01,MI
2021-12-01,MI
2022-01-01,MI
2022-02-01,MI
2022-03-01,MI
2022-04-01,MI
2022-05-01,MI
2022-06-01,MI
2022-07-01,MI
2022-08-01,MI
2022-09-01,MI
2022-10-01,MI
2022-11-01,MI
2022-12-01,MI
2012-01-01,MN
2012-02-01,MN
2012-03-01,MN
2012-04-01,MN
2012-05-01,MN
2012-06-01,MN
2012-07-01,MN
2012-08-01,MN
2012-09-01,MN
2012-10-01,MN
2012-11-01,MN
2012-12-01,MN
2013-01-01,MN
2013-02-01,MN
2013-03-01,MN
2013-04-01,MN
2013-05-01,MN
2013-06-01,MN
2013-07-01,MN
2013-08-01,MN
2013-09-01,MN
2013-10-01,MN
2013-11-01,MN
2013-12-01,MN
2014-01-01,MN
2014-02-01,MN
2014-03-01,MN
2014-04-01,MN
2014-05-01,MN
2014-06-01,MN
2014-07-01,MN
2014-08-01,MN
2014-09-01,MN
2014-10-01,MN
2014-11-01,MN
2014-12-01,MN
2015-01-01,MN
2015-02-01,MN
2015-03-01,MN
2015-04-01,MN
2015-05-01,MN
2015-06-01,MN
2015-07-01,MN
2015-08-01,MN
2015-09-01,MN
2015-10-01,MN
2015-11-01,MN
2015-12-01,MN
2016-01-01,MN
2016-02-01,MN
2016-03-01,MN
2016-04-01,MN
2016-05-01,MN
2016-06-01,MN
2016-07-01,MN
2016-08-01,MN
2016-09-01,MN
2016-10-01,MN
2016-11-01,MN
2016-12-01,MN
2017-01-01,MN
2017-02-01,MN
2017-03-01,MN
2017-04-01,MN
2017-05-01,MN
2017-06-01,MN
2017-07-01,MN
2017-08-01,MN
2017-09-01,MN
2017-10-01,MN
2017-11-01,MN
2017-12-01,MN
2018-01-01,MN
2018-02-01,MN
2018-03-01,MN
2018-04-01,MN
2018-05-01,MN
2018-06-01,MN
2018-07-01,MN
2018-08-01,MN
2018-09-01,MN
2018-10-01,MN
2018-11-01,MN
2018-12-01,MN
2019-01-01,MN
2019-02-01,MN
2019-03-01,MN
2019-04-01,MN
2019-05-01,MN
2019-06-01,MN
2019-07-01,MN
2019-08-01,MN
2019-09-01,MN
2019-10-01,MN
2019-11-01,MN
2019-12-01,MN
2020-01-01,MN
2020-02-01,MN
2020-03-01,MN
2020-04-01,MN
2020-05-01,MN
2020-06-01,MN
2020-07-01,MN
2020-08-01,MN
2020-09-01,MN
2020-10-01,MN
2020-11-01,MN
2020-12-01,MN
2021-01-01,MN
2021-02-01,MN
2021-03-01,MN
2021-04-01,MN
2021-05-01,MN
2021-06-01,MN
2021-07-01,MN
2021-08-01,MN
2021-09-01,MN
2021-10-01,MN
2021-11-01,MN
2021-12-01,MN
2022-01-01,MN
2022-02-01,MN
2022-03-01,MN
2022-04-01,MN
2022-05-01,MN
2022-06-01,MN
2022-07-01,MN
2022-08-01,MN
2022-09-01,MN
2022-10-01,MN
2022-11-01,MN
2022-12-01,MN
2012-01-01,MO
2012-02-01,MO
2012-03-01,MO
2012-04-01,MO
2012-05-01,MO
2012-06-01,MO
2012-07-01,MO
2012-08-01,MO
2012-09-01,MO
2012-10-01,MO
2012-11-01,MO
2012-12-01,MO
2013-01-01,MO
2013-02-01,MO
2013-03-01,MO
2013-04-01,MO
2013-05-01,MO
2013-06-01,MO
2013-07-01,MO
2013-08-01,MO
2013-09-01,MO
2013-10-01,MO
2013-11-01,MO
2013-12-01,MO
2014-01-01,MO
2014-02-01,MO
2014-03-01,MO
2014-04-01,MO
2014-05-01,MO
2014-06-01,MO
2014-07-01,MO
2014-08-01,MO
2014-09-01,MO
2014-10-01,MO
2014-11-01,MO
2014-12-01,MO
2015-01-01,MO
2015-02-01,MO
2015-03-01,MO
2015-04-01,MO
2015-05-01,MO
2015-06-01,MO
2015-07-01,MO
2015-08-01,MO
2015-09-01,MO
2015-10-01,MO
2015-11-01,MO
2015-12-01,MO
2016-01-01,MO
2016-02-01,MO
2016-03-01,MO
2016-04-01,MO
2016-05-01,MO
2016-06-01,MO
2016-07-01,MO
2016-08-01,MO
2016-09-01,MO
2016-10-01,MO
2016-11-01,MO
2016-12-01,MO
2017-01-01,MO
2017-02-01,MO
2017-03-01,MO
2017-04-01,MO
2017-05-01,MO
2017-06-01,MO
2017-07-01,MO
2017-08-01,MO
2017-09-01,MO
2017-10-01,MO
2017-11-01,MO
2017-12-01,MO
2018-01-01,MO
2018-02-01,MO
2018-03-01,MO
2018-04-01,MO
2018-05-01,MO
2018-06-01,MO
2018-07-01,MO
2018-08-01,MO
2018-09-01,MO
2018-10-01,MO
2018-11-01,MO
2018-12-01,MO
2019-01-01,MO
2019-02-01,MO
2019-03-01,MO
2019-04-01,MO
2019-05-01,MO
2019-06-01,MO
2019-07-01,MO
2019-08-01,MO
2019-09-01,MO
2019-10-01,MO
2019-11-01,MO
2019-12-01,MO
2020-01-01,MO
2020-02-01,MO
2020-03-01,MO
2020-04-01,MO
2020-05-01,MO
2020-06-01,MO
2020-07-01,MO
2020-08-01,MO
2020-09-01,MO
2020-10-01,MO
2020-11-01,MO
2020-12-01,MO
2021-01-01,MO
2021-02-01,MO
2021-03-01,MO
2021-04-01,MO
2021-05-01,MO
2021-06-01,MO
2021-07-01,MO
2021-08-01,MO
2021-09-01,MO
2021-10-01,MO
2021-11-01,MO
2021-12-01,MO
2022-01-01,MO
2022-02-01,MO
2022-03-01,MO
2022-04-01,MO
2022-05-01,MO
2022-06-01,MO
2022-07-01,MO
2022-08-01,MO
2022-09-01,MO
2022-10-01,MO
2022-11-01,MO
2022-12-01,MO
2012-01-01,MS
2012-02-01,MS
2012-03-01,MS
2012-04-01,MS
2012-05-01,MS
2012-06-01,MS
2012-07-01,MS
2012-08-01,MS
2012-09-01,MS
2012-10-01,MS
2012-11-01,MS
2012-12-01,MS
2013-01-01,MS
2013-02-01,MS
2013-03-01,MS
2013-04-01,MS
2013-05-01,MS
2013-06-01,MS
2013-07-01,MS
2013-08-01,MS
2013-09-01,MS
2013-10-01,MS
2013-11-01,MS
2013-12-01,MS
2014-01-01,MS
2014-02-01,MS
2014-03-01,MS
2014-04-01,MS
2014-05-01,MS
2014-06-01,MS
2014-07-01,MS
2014-08-01,MS
2014-09-01,MS
2014-10-01,MS
2014-11-01,MS
2014-12-01,MS
2015-01-01,MS
2015-02-01,MS
2015-03-01,MS
2015-04-01,MS
2015-05-01,MS
2015-06-01,MS
2015-07-01,MS
2015-08-01,MS
2015-09-01,MS
2015-10-01,MS
2015-11-01,MS
2015-12-01,MS
2016-01-01,MS
2016-02-01,MS
2016-03-01,MS
2016-04-01,MS
2016-05-01,MS
2016-06-01,MS
2016-07-01,MS
2016-08-01,MS
2016-09-01,MS
2016-10-01,MS
2016-11-01,MS
2016-12-01,MS
2017-01-01,MS
2017-02-01,MS
2017-03-01,MS
2017-04-01,MS
2017-05-01,MS
2017-06-01,MS
2017-07-01,MS
2017-08-01,MS
2017-09-01,MS
2017-10-01,MS
2017-11-01,MS
2017-12-01,MS
2018-01-01,MS
2018-02-01,MS
2018-03-01,MS
2018-04-01,MS
2018-05-01,MS
2018-06-01,MS
2018-07-01,MS
2018-08-01,MS
2018-09-01,MS
2018-10-01,MS
2018-11-01,MS
2018-12-01,MS
2019-01-01,MS
2019-02-01,MS
2019-03-01,MS
2019-04-01,MS
2019-05-01,MS
2019-06-01,MS
2019-07-01,MS
2019-08-01,MS
2019-09-01,MS
2019-10-01,MS
2019-11-01,MS
2019-12-01,MS
2020-01-01,MS
2020-02-01,MS
2020-03-01,MS
2020-04-01,MS
2020-05-01,MS
2020-06-01,MS
2020-07-01,MS
2020-08-01,MS
2020-09-01,MS
2020-10-01,MS
2020-11-01,MS
2020-12-01,MS
2021-01-01,MS
2021-02-01,MS
2021-03-01,MS
2021-04-01,MS
2021-05-01,MS
2021-06-01,MS
2021-07-01,MS
2021-08-01,MS
2021-09-01,MS
2021-10-01,MS
2021-11-01,MS
2021-12-01,MS
2022-01-01,MS
2022-02-01,MS
2022-03-01,MS
2022-04-01,MS
2022-05-01,MS
2022-06-01,MS
2022-07-01,MS
2022-08-01,MS
2022-09-01,MS
2022-10-01,MS
2022-11-01,MS
2022-12-01,MS
2012-01-01,MT
2012-02-01,MT
2012-03-01,MT
2012-04-01,MT
2012-05-01,MT
2012-06-01,MT
2012-07-01,MT
2012-08-01,MT
2012-09-01,MT
2012-10-01,MT
2012-11-01,MT
2012-12-01,MT
2013-01-01,MT
2013-02-01,MT
2013-03-01,MT
2013-04-01,MT
2013-05-01,MT
2013-06-01,MT
2013-07-01,MT
2013-08-01,MT
2013-09-01,MT
2013-10-01,MT
2013-11-01,MT
2013-12-01,MT
2014-01-01,MT
2014-02-01,MT
2014-03-01,MT
2014-04-01,MT
2014-05-01,MT
2014-06-01,MT
2014-07-01,MT
2014-08-01,MT
2014-09-01,MT
2014-10-01,MT
2014-11-01,MT
2014-12-01,MT
2015-01-01,MT
2015-02-01,MT
2015-03-01,MT
2015-04-01,MT
2015-05-01,MT
2015-06-01,MT
2015-07-01,MT
2015-08-01,MT
2015-09-01,MT
2015-10-01,MT
2015-11-01,MT
2015-12-01,MT
2016-01-01,MT
2016-02-01,MT
2016-03-01,MT
2016-04-01,MT
2016-05-01,MT
2016-06-01,MT
2016-07-01,MT
2016-08-01,MT
2016-09-01,MT
2016-10-01,MT
2016-11-01,MT
2016-12-01,MT
2017-01-01,MT
2017-02-01,MT
2017-03-01,MT
2017-04-01,MT
2017-05-01,MT
2017-06-01,MT
2017-07-01,MT
2017-08-01,MT
2017-09-01,MT
2017-10-01,MT
2017-11-01,MT
2017-12-01,MT
2018-01-01,MT
2018-02-01,MT
2018-03-01,MT
2018-04-01,MT
2018-05-01,MT
2018-06-01,MT
2018-07-01,MT
2018-08-01,MT
2018-09-01,MT
2018-10-01,MT
2018-11-01,MT
2018-12-01,MT
2019-01-01,MT
2019-02-01,MT
2019-03-01,MT
2019-04-01,MT
2019-05-01,MT
2019-06-01,MT
2019-07-01,MT
2019-08-01,MT
2019-09-01,MT
2019-10-01,MT
2019-11-01,MT
2019-12-01,MT
2020-01-01,MT
2020-02-01,MT
2020-03-01,MT
2020-04-01,MT
2020-05-01,MT
2020-06-01,MT
2020-07-01,MT
2020-08-01,MT
2020-09-01,MT
2020-10-01,MT
2020-11-01,MT
2020-12-01,MT
2021-01-01,MT
2021-02-01,MT
2021-03-01,MT
2021-04-01,MT
2021-05-01,MT
2021-06-01,MT
2021-07-01,MT
2021-08-01,MT
2021-09-01,MT
2021-10-01,MT
2021-11-01,MT
2021-12-01,MT
2022-01-01,MT
2022-02-01,MT
2022-03-01,MT
2022-04-01,MT
2022-05-01,MT
2022-06-01,MT
2022-07-01,MT
2022-08-01,MT
2022-09-01,MT
2022-10-01,MT
2022-11-01,MT
2022-12-01,MT
2012-01-01,NC
2012-02-01,NC
2012-03-01,NC
2012-04-01,NC
2012-05-01,NC
2012-06-01,NC
2012-07-01,NC
2012-08-01,NC
2012-09-01,NC
2012-10-01,NC
2012-11-01,NC
2012-12-01,NC
2013-01-01,NC
2013-02-01,NC
2013-03-01,NC
2013-04-01,NC
2013-05-01,NC
2013-06-01,NC
2013-07-01,NC
2013-08-01,NC
2013-09-01,NC
2013-10-01,NC
2013-11-01,NC
2013-12-01,NC
2014-01-01,NC
2014-02-01,NC
2014-03-01,NC
2014-04-01,NC
2014-05-01,NC
2014-06-01,NC
2014-07-01,NC
2014-08-01,NC
2014-09-01,NC
2014-10-01,NC
2014-11-01,NC
2014-12-01,NC
2015-01-01,NC
2015-02-01,NC
2015-03-01,NC
2015-04-01,NC
2015-05-01,NC
2015-06-01,NC
2015-07-01,NC
2015-08-01,NC
2015-09-01,NC
2015-10-01,NC
2015-11-01,NC
2015-12-01,NC
2016-01-01,NC
2016-02-01,NC
2016-03-01,NC
2016-04-01,NC
2016-05-01,NC
2016-06-01,NC
2016-07-01,NC
2016-08-01,NC
2016-09-01,NC
2016-10-01,NC
2016-11-01,NC
2016-12-01,NC
2017-01-01,NC
2017-02-01,NC
2017-03-01,NC
2017-04-01,NC
2017-05-01,NC
2017-06-01,NC
2017-07-01,NC
2017-08-01,NC
2017-09-01,NC
2017-10-01,NC
2017-11-01,NC
2017-12-01,NC
2018-01-01,NC
2018-02-01,NC
2018-03-01,NC
2018-04-01,NC
2018-05-01,NC
2018-06-01,NC
2018-07-01,NC
2018-08-01,NC
2018-09-01,NC
2018-10-01,NC
2018-11-01,NC
2018-12-01,NC
2019-01-01,NC
2019-02-01,NC
2019-03-01,NC
2019-04-01,NC
2019-05-01,NC
2019-06-01,NC
2019-07-01,NC
2019-08-01,NC
2019-09-01,NC
2019-10-01,NC
2019-11-01,NC
2019-12-01,NC
2020-01-01,NC
2020-02-01,NC
2020-03-01,NC
2020-04-01,NC
2020-05-01,NC
2020-06-01,NC
2020-07-01,NC
2020-08-01,NC
2020-09-01,NC
2020-10-01,NC
2020-11-01,NC
2020-12-01,NC
2021-01-01,NC
2021-02-01,NC
2021-03-01,NC
2021-04-01,NC
2021-05-01,NC
2021-06-01,NC
2021-07-01,NC
2021-08-01,NC
2021-09-01,NC
2021-10-01,NC
2021-11-01,NC
2021-12-01,NC
2022-01-01,NC
2022-02-01,NC
2022-03-01,NC
2022-04-01,NC
2022-05-01,NC
2022-06-01,NC
2022-07-01,NC
2022-08-01,NC
2022-09-01,NC
2022-10-01,NC
2022-11-01,NC
2022-12-01,NC
2012-01-01,ND
2012-02-01,ND
2012-03-01,ND
2012-04-01,ND
2012-05-01,ND
2012-06-01,ND
2012-07-01,ND
2012-08-01,ND
2012-09-01,ND
2012-10-01,ND
2012-11-01,ND
2012-12-01,ND
2013-01-01,ND
2013-02-01,ND
2013-03-01,ND
2013-04-01,ND
2013-05-01,ND
2013-06-01,ND
2013-07-01,ND
2013-08-01,ND
2013-09-01,ND
2013-10-01,ND
2013-11-01,ND
2013-12-01,ND
2014-01-01,ND
2014-02-01,ND
2014-03-01,ND
2014-04-01,ND
2014-05-01,ND
2014-06-01,ND
2014-07-01,ND
2014-08-01,ND
2014-09-01,ND
2014-10-01,ND
2014-11-01,ND
2014-12-01,ND
2015-01-01,ND
2015-02-01,ND
2015-03-01,ND
2015-04-01,ND
2015-05-01,ND
2015-06-01,ND
2015-07-01,ND
2015-08-01,ND
2015-09-01,ND
2015-10-01,ND
2015-11-01,ND
2015-12-01,ND
2016-01-01,ND
2016-02-01,ND
2016-03-01,ND
2016-04-01,ND
2016-05-01,ND
2016-06-01,ND
2016-07-01,ND
2016-08-01,ND
2016-09-01,ND
2016-10-01,ND
2016-11-01,ND
2016-12-01,ND
2017-01-01,ND
2017-02-01,ND
2017-03-01,ND
2017-04-01,ND
2017-05-01,ND
2017-06-01,ND
2017-07-01,ND
2017-08-01,ND
2017-09-01,ND
2017-10-01,ND
2017-11-01,ND
2017-12-01,ND
2018-01-01,ND
2018-02-01,ND
2018-03-01,ND
2018-04-01,ND
2018-05-01,ND
2018-06-01,ND
2018-07-01,ND
2018-08-01,ND
2018-09-01,ND
2018-10-01,ND
2018-11-01,ND
2018-12-01,ND
2019-01-01,ND
2019-02-01,ND
2019-03-01,ND
2019-04-01,ND
2019-05-01,ND
2019-06-01,ND
2019-07-01,ND
2019-08-01,ND
2019-09-01,ND
2019-10-01,ND
2019-11-01,ND
2019-12-01,ND
2020-01-01,ND
2020-02-01,ND
2020-03-01,ND
2020-04-01,ND
2020-05-01,ND
2020-06-01,ND
2020-07-01,ND
2020-08-01,ND
2020-09-01,ND
2020-10-01,ND
2020-11-01,ND
2020-12-01,ND
2021-01-01,ND
2021-02-01,ND
2021-03-01,ND
2021-04-01,ND
2021-05-01,ND
2021-06-01,ND
2021-07-01,ND
2021-08-01,ND
2021-09-01,ND
2021-10-01,ND
2021-11-01,ND
2021-12-01,ND
2022-01-01,ND
2022-02-01,ND
2022-03-01,ND
2022-04-01,ND
2022-05-01,ND
2022-06-01,ND
2022-07-01,ND
2022-08-01,ND
2022-09-01,ND
2022-10-01,ND
2022-11-01,ND
2022-12-01,ND
2012-01-01,NE
2012-02-01,NE
2012-03-01,NE
2012-04-01,NE
2012-05-01,NE
2012-06-01,NE
2012-07-01,NE
2012-08-01,NE
2012-09-01,NE
2012-10-01,NE
2012-11-01,NE
2012-12-01,NE
2013-01-01,NE
2013-02-01,NE
2013-03-01,NE
2013-04-01,NE
2013-05-01,NE
2013-06-01,NE
2013-07-01,NE
2013-08-01,NE
2013-09-01,NE
2013-10-01,NE
2013-11-01,NE
2013-12-01,NE
2014-01-01,NE
2014-02-01,NE
2014-03-01,NE
2014-04-01,NE
2014-05-01,NE
2014-06-01,NE
2014-07-01,NE
2014-08-01,NE
2014-09-01,NE
2014-10-01,NE
2014-11-01,NE
2014-12-01,NE
2015-01-01,NE
2015-02-01,NE
2015-03-01,NE
2015-04-01,NE
2015-05-01,NE
2015-06-01,NE
2015-07-01,NE
2015-08-01,NE
2015-09-01,NE
2015-10-01,NE
2015-11-01,NE
2015-12-01,NE
2016-01-01,NE
2016-02-01,NE
2016-03-01,NE
2016-04-01,NE
2016-05-01,NE
2016-06-01,NE
2016-07-01,NE
2016-08-01,NE
2016-09-01,NE
2016-10-01,NE
2016-11-01,NE
2016-12-01,NE
2017-01-01,NE
2017-02-01,NE
2017-03-01,NE
2017-04-01,NE
2017-05-01,NE
2017-06-01,NE
2017-07-01,NE
2017-08-01,NE
2017-09-01,NE
2017-10-01,NE
2017-11-01,NE
2017-12-01,NE
2018-01-01,NE
2018-02-01,NE
2018-03-01,NE
2018-04-01,NE
2018-05-01,NE
2018-06-01,NE
2018-07-01,NE
2018-08-01,NE
2018-09-01,NE
2018-10-01,NE
2018-11-01,NE
2018-12-01,NE
2019-01-01,NE
2019-02-01,NE
2019-03-01,NE
2019-04-01,NE
2019-05-01,NE
2019-06-01,NE
2019-07-01,NE
2019-08-01,NE
2019-09-01,NE
2019-10-01,NE
2019-11-01,NE
2019-12-01,NE
2020-01-01,NE
2020-02-01,NE
2020-03-01,NE
2020-04-01,NE
2020-05-01,NE
2020-06-01,NE
2020-07-01,NE
2020-08-01,NE
2020-09-01,NE
2020-10-01,NE
2020-11-01,NE
2020-12-01,NE
2021-01-01,NE
2021-02-01,NE
2021-03-01,NE
2021-04-01,NE
2021-05-01,NE
2021-06-01,NE
2021-07-01,NE
2021-08-01,NE
2021-09-01,NE
2021-10-01,NE
2021-11-01,NE
2021-12-01,NE
2022-01-01,NE
2022-02-01,NE
2022-03-01,NE
2022-04-01,NE
2022-05-01,NE
2022-06-01,NE
2022-07-01,NE
2022-08-01,NE
2022-09-01,NE
2022-10-01,NE
2022-11-01,NE
2022-12-01,NE
2012-01-01,NH
2012-02-01,NH
2012-03-01,NH
2012-04-01,NH
2012-05-01,NH
2012-06-01,NH
2012-07-01,NH
2012-08-01,NH
2012-09-01,NH
2012-10-01,NH
2012-11-01,NH
2012-12-01,NH
2013-01-01,NH
2013-02-01,NH
2013-03-01,NH
2013-04-01,NH
2013-05-01,NH
2013-06-01,NH
2013-07-01,NH
2013-08-01,NH
2013-09-01,NH
2013-10-01,NH
2013-11-01,NH
2013-12-01,NH
2014-01-01,NH
2014-02-01,NH
2014-03-01,NH
2014-04-01,NH
2014-05-01,NH
2014-06-01,NH
2014-07-01,NH
2014-08-01,NH
2014-09-01,NH
2014-10-01,NH
2014-11-01,NH
2014-12-01,NH
2015-01-01,NH
2015-02-01,NH
2015-03-01,NH
2015-04-01,NH
2015-05-01,NH
2015-06-01,NH
2015-07-01,NH
2015-08-01,NH
2015-09-01,NH
2015-10-01,NH
2015-11-01,NH
2015-12-01,NH
2016-01-01,NH
2016-02-01,NH
2016-03-01,NH
2016-04-01,NH
2016-05-01,NH
2016-06-01,NH
2016-07-01,NH
2016-08-01,NH
2016-09-01,NH
2016-10-01,NH
2016-11-01,NH
2016-12-01,NH
2017-01-01,NH
2017-02-01,NH
2017-03-01,NH
2017-04-01,NH
2017-05-01,NH
2017-06-01,NH
2017-07-01,NH
2017-08-01,NH
2017-09-01,NH
2017-10-01,NH
2017-11-01,NH
2017-12-01,NH
2018-01-01,NH
2018-02-01,NH
2018-03-01,NH
2018-04-01,NH
2018-05-01,NH
2018-06-01,NH
2018-07-01,NH
2018-08-01,NH
2018-09-01,NH
2018-10-01,NH
2018-11-01,NH
2018-12-01,NH
2019-01-01,NH
2019-02-01,NH
2019-03-01,NH
2019-04-01,NH
2019-05-01,NH
2019-06-01,NH
2019-07-01,NH
2019-08-01,NH
2019-09-01,NH
2019-10-01,NH
2019-11-01,NH
2019-12-01,NH
2020-01-01,NH
2020-02-01,NH
2020-03-01,NH
2020-04-01,NH
2020-05-01,NH
2020-06-01,NH
2020-07-01,NH
2020-08-01,NH
2020-09-01,NH
2020-10-01,NH
2020-11-01,NH
2020-12-01,NH
2021-01-01,NH
2021-02-01,NH
2021-03-01,NH
2021-04-01,NH
2021-05-01,NH
2021-06-01,NH
2021-07-01,NH
2021-08-01,NH
2021-09-01,NH
2021-10-01,NH
2021-11-01,NH
2021-12-01,NH
2022-01-01,NH
2022-02-01,NH
2022-03-01,NH
2022-04-01,NH
2022-05-01,NH
2022-06-01,NH
2022-07-01,NH
2022-08-01,NH
2022-09-01,NH
2022-10-01,NH
2022-11-01,NH
2022-12-01,NH
2012-01-01,NJ
2012-02-01,NJ
2012-03-01,NJ
2012-04-01,NJ
2012-05-01,NJ
2012-06-01,NJ
2012-07-01,NJ
2012-08-01,NJ
2012-09-01,NJ
2012-10-01,NJ
2012-11-01,NJ
2012-12-01,NJ
2013-01-01,NJ
2013-02-01,NJ
2013-03-01,NJ
2013-04-01,NJ
2013-05-01,NJ
2013-06-01,NJ
2013-07-01,NJ
2013-08-01,NJ
2013-09-01,NJ
2013-10-01,NJ
2013-11-01,NJ
2013-12-01,NJ
2014-01-01,NJ
2014-02-01,NJ
2014-03-01,NJ
2014-04-01,NJ
2014-05-01,NJ
2014-06-01,NJ
2014-07-01,NJ
2014-08-01,NJ
2014-09-01,NJ
2014-10-01,NJ
2014-11-01,NJ
2014-12-01,NJ
2015-01-01,NJ
2015-02-01,NJ
2015-03-01,NJ
2015-04-01,NJ
2015-05-01,NJ
2015-06-01,NJ
2015-07-01,NJ
2015-08-01,NJ
2015-09-01,NJ
2015-10-01,NJ
2015-11-01,NJ
2015-12-01,NJ
2016-01-01,NJ
2016-02-01,NJ
2016-03-01,NJ
2016-04-01,NJ
2016-05-01,NJ
2016-06-01,NJ
2016-07-01,NJ
2016-08-01,NJ
2016-09-01,NJ
2016-10-01,NJ
2016-11-01,NJ
2016-12-01,NJ
2017-01-01,NJ
2017-02-01,NJ
2017-03-01,NJ
2017-04-01,NJ
2017-05-01,NJ
2017-06-01,NJ
2017-07-01,NJ
2017-08-01,NJ
2017-09-01,NJ
2017-10-01,NJ
2017-11-01,NJ
2017-12-01,NJ
2018-01-01,NJ
2018-02-01,NJ
2018-03-01,NJ
2018-04-01,NJ
2018-05-01,NJ
2018-06-01,NJ
2018-07-01,NJ
2018-08-01,NJ
2018-09-01,NJ
2018-10-01,NJ
2018-11-01,NJ
2018-12-01,NJ
2019-01-01,NJ
2019-02-01,NJ
2019-03-01,NJ
2019-04-01,NJ
2019-05-01,NJ
2019-06-01,NJ
2019-07-01,NJ
2019-08-01,NJ
2019-09-01,NJ
2019-10-01,NJ
2019-11-01,NJ
2019-12-01,NJ
2020-01-01,NJ
2020-02-01,NJ
2020-03-01,NJ
2020-04-01,NJ
2020-05-01,NJ
2020-06-01,NJ
2020-07-01,NJ
2020-08-01,NJ
2020-09-01,NJ
2020-10-01,NJ
2020-11-01,NJ
2020-12-01,NJ
2021-01-01,NJ
2021-02-01,NJ
2021-03-01,NJ
2021-04-01,NJ
2021-05-01,NJ
2021-06-01,NJ
2021-07-01,NJ
2021-08-01,NJ
2021-09-01,NJ
2021-10-01,NJ
2021-11-01,NJ
2021-12-01,NJ
2022-01-01,NJ
2022-02-01,NJ
2022-03-01,NJ
2022-04-01,NJ
2022-05-01,NJ
2022-06-01,NJ
2022-07-01,NJ
2022-08-01,NJ
2022-09-01,NJ
2022-10-01,NJ
2022-11-01,NJ
2022-12-01,NJ
2012-01-01,NM
2012-02-01,NM
2012-03-01,NM
2012-04-01,NM
2012-05-01,NM
2012-06-01,NM
2012-07-01,NM
2012-08-01,NM
2012-09-01,NM
2012-10-01,NM
2012-11-01,NM
2012-12-01,NM
2013-01-01,NM
2013-02-01,NM
2013-03-01,NM
2013-04-01,NM
2013-05-01,NM
2013-06-01,NM
2013-07-01,NM
2013-08-01,NM
2013-09-01,NM
2013-10-01,NM
2013-11-01,NM
2013-12-01,NM
2014-01-01,NM
2014-02-01,NM
2014-03-01,NM
2014-04-01,NM
2014-05-01,NM
2014-06-01,NM
2014-07-01,NM
2014-08-01,NM
2014-09-01,NM
2014-10-01,NM
2014-11-01,NM
2014-12-01,NM
2015-01-01,NM
2015-02-01,NM
2015-03-01,NM
2015-04-01,NM
2015-05-01,NM
2015-06-01,NM
2015-07-01,NM
2015-08-01,NM
2015-09-01,NM
2015-10-01,NM
2015-11-01,NM
2015-12-01,NM
2016-01-01,NM
2016-02-01,NM
2016-03-01,NM
2016-04-01,NM
2016-05-01,NM
2016-06-01,NM
2016-07-01,NM
2016-08-01,NM
2016-09-01,NM
2016-10-01,NM
2016-11-01,NM
2016-12-01,NM
2017-01-01,NM
2017-02-01,NM
2017-03-01,NM
2017-04-01,NM
2017-05-01,NM
2017-06-01,NM
2017-07-01,NM
2017-08-01,NM
2017-09-01,NM
2017-10-01,NM
2017-11-01,NM
2017-12-01,NM
2018-01-01,NM
2018-02-01,NM
2018-03-01,NM
2018-04-01,NM
2018-05-01,NM
2018-06-01,NM
2018-07-01,NM
2018-08-01,NM
2018-09-01,NM
2018-10-01,NM
2018-11-01,NM
2018-12-01,NM
2019-01-01,NM
2019-02-01,NM
2019-03-01,NM
2019-04-01,NM
2019-05-01,NM
2019-06-01,NM
2019-07-01,NM
2019-08-01,NM
2019-09-01,NM
2019-10-01,NM
2019-11-01,NM
2019-12-01,NM
2020-01-01,NM
2020-02-01,NM
2020-03-01,NM
2020-04-01,NM
2020-05-01,NM
2020-06-01,NM
2020-07-01,NM
2020-08-01,NM
2020-09-01,NM
2020-10-01,NM
2020-11-01,NM
2020-12-01,NM
2021-01-01,NM
2021-02-01,NM
2021-03-01,NM
2021-04-01,NM
2021-05-01,NM
2021-06-01,NM
2021-07-01,NM
2021-08-01,NM
2021-09-01,NM
2021-10-01,NM
2021-11-01,NM
2021-12-01,NM
2022-01-01,NM
2022-02-01,NM
2022-03-01,NM
2022-04-01,NM
2022-05-01,NM
2022-06-01,NM
2022-07-01,NM
2022-08-01,NM
2022-09-01,NM
2022-10-01,NM
2022-11-01,NM
2022-12-01,NM
2012-01-01,NV
2012-02-01,NV
2012-03-01,NV
2012-04-01,NV
2012-05-01,NV
2012-06-01,NV
2012-07-01,NV
2012-08-01,NV
2012-09-01,NV
2012-10-01,NV
2012-11-01,NV
2012-12-01,NV
2013-01-01,NV
2013-02-01,NV
2013-03-01,NV
2013-04-01,NV
2013-05-01,NV
2013-06-01,NV
2013-07-01,NV
2013-08-01,NV
2013-09-01,NV
2013-10-01,NV
2013-11-01,NV
2013-12-01,NV
2014-01-01,NV
2014-02-01,NV
2014-03-01,NV
2014-04-01,NV
2014-05-01,NV
2014-06-01,NV
2014-07-01,NV
2014-08-01,NV
2014-09-01,NV
2014-10-01,NV
2014-11-01,NV
2014-12-01,NV
2015-01-01,NV
2015-02-01,NV
2015-03-01,NV
2015-04-01,NV
2015-05-01,NV
2015-06-01,NV
2015-07-01,NV
2015-08-01,NV
2015-09-01,NV
2015-10-01,NV
2015-11-01,NV
2015-12-01,NV
2016-01-01,NV
2016-02-01,NV
2016-03-01,NV
2016-04-01,NV
2016-05-01,NV
2016-06-01,NV
2016-07-01,NV
2016-08-01,NV
2016-09-01,NV
2016-10-01,NV
2016-11-01,NV
2016-12-01,NV
2017-01-01,NV
2017-02-01,NV
2017-03-01,NV
2017-04-01,NV
2017-05-01,NV
2017-06-01,NV
2017-07-01,NV
2017-08-01,NV
2017-09-01,NV
2017-10-01,NV
2017-11-01,NV
2017-12-01,NV
2018-01-01,NV
2018-02-01,NV
2018-03-01,NV
2018-04-01,NV
2018-05-01,NV
2018-06-01,NV
2018-07-01,NV
2018-08-01,NV
2018-09-01,NV
2018-10-01,NV
2018-11-01,NV
2018-12-01,NV
2019-01-01,NV
2019-02-01,NV
2019-03-01,NV
2019-04-01,NV
2019-05-01,NV
2019-06-01,NV
2019-07-01,NV
2019-08-01,NV
2019-09-01,NV
2019-10-01,NV
2019-11-01,NV
2019-12-01,NV
2020-01-01,NV
2020-02-01,NV
2020-03-01,NV
2020-04-01,NV
2020-05-01,NV
2020-06-01,NV
2020-07-01,NV
2020-08-01,NV
2020-09-01,NV
2020-10-01,NV
2020-11-01,NV
2020-12-01,NV
2021-01-01,NV
2021-02-01,NV
2021-03-01,NV
2021-04-01,NV
2021-05-01,NV
2021-06-01,NV
2021-07-01,NV
2021-08-01,NV
2021-09-01,NV
2021-10-01,NV
2021-11-01,NV
2021-12-01,NV
2022-01-01,NV
2022-02-01,NV
2022-03-01,NV
2022-04-01,NV
2022-05-01,NV
2022-06-01,NV
2022-07-01,NV
2022-08-01,NV
2022-09-01,NV
2022-10-01,NV
2022-11-01,NV
2022-12-01,NV
2012-01-01,NY
2012-02-01,NY
2012-03-01,NY
2012-04-01,NY
2012-05-01,NY
2012-06-01,NY
2012-07-01,NY
2012-08-01,NY
2012-09-01,NY
2012-10-01,NY
2012-11-01,NY
2012-12-01,NY
2013-01-01,NY
2013-02-01,NY
2013-03-01,NY
2013-04-01,NY
2013-05-01,NY
2013-06-01,NY
2013-07-01,NY
2013-08-01,NY
2013-09-01,NY
2013-10-01,NY
2013-11-01,NY
2013-12-01,NY
2014-01-01,NY
2014-02-01,NY
2014-03-01,NY
2014-04-01,NY
2014-05-01,NY
2014-06-01,NY
2014-07-01,NY
2014-08-01,NY
2014-09-01,NY
2014-10-01,NY
2014-11-01,NY
2014-12-01,NY
2015-01-01,NY
2015-02-01,NY
2015-03-01,NY
2015-04-01,NY
2015-05-01,NY
2015-06-01,NY
2015-07-01,NY
2015-08-01,NY
2015-09-01,NY
2015-10-01,NY
2015-11-01,NY
2015-12-01,NY
2016-01-01,NY
2016-02-01,NY
2016-03-01,NY
2016-04-01,NY
2016-05-01,NY
2016-06-01,NY
2016-07-01,NY
2016-08-01,NY
2016-09-01,NY
2016-10-01,NY
2016-11-01,NY
2016-12-01,NY
2017-01-01,NY
2017-02-01,NY
2017-03-01,NY
2017-04-01,NY
2017-05-01,NY
2017-06-01,NY
2017-07-01,NY
2017-08-01,NY
2017-09-01,NY
2017-10-01,NY
2017-11-01,NY
2017-12-01,NY
2018-01-01,NY
2018-02-01,NY
2018-03-01,NY
2018-04-01,NY
2018-05-01,NY
2018-06-01,NY
2018-07-01,NY
2018-08-01,NY
2018-09-01,NY
2018-10-01,NY
2018-11-01,NY
2018-12-01,NY
2019-01-01,NY
2019-02-01,NY
2019-03-01,NY
2019-04-01,NY
2019-05-01,NY
2019-06-01,NY
2019-07-01,NY
2019-08-01,NY
2019-09-01,NY
2019-10-01,NY
2019-11-01,NY
2019-12-01,NY
2020-01-01,NY
2020-02-01,NY
2020-03-01,NY
2020-04-01,NY
2020-05-01,NY
2020-06-01,NY
2020-07-01,NY
2020-08-01,NY
2020-09-01,NY
2020-10-01,NY
2020-11-01,NY
2020-12-01,NY
2021-01-01,NY
2021-02-01,NY
2021-03-01,NY
2021-04-01,NY
2021-05-01,NY
2021-06-01,NY
2021-07-01,NY
2021-08-01,NY
2021-09-01,NY
2021-10-01,NY
2021-11-01,NY
2021-12-01,NY
2022-01-01,NY
2022-02-01,NY
2022-03-01,NY
2022-04-01,NY
2022-05-01,NY
2022-06-01,NY
2022-07-01,NY
2022-08-01,NY
2022-09-01,NY
2022-10-01,NY
2022-11-01,NY
2022-12-01,NY
2012-01-01,OH
2012-02-01,OH
2012-03-01,OH
2012-04-01,OH
2012-05-01,OH
2012-06-01,OH
2012-07-01,OH
2012-08-01,OH
2012-09-01,OH
2012-10-01,OH
2012-11-01,OH
2012-12-01,OH
2013-01-01,OH
2013-02-01,OH
2013-03-01,OH
2013-04-01,OH
2013-05-01,OH
2013-06-01,OH
2013-07-01,OH
2013-08-01,OH
2013-09-01,OH
2013-10-01,OH
2013-11-01,OH
2013-12-01,OH
2014-01-01,OH
2014-02-01,OH
2014-03-01,OH
2014-04-01,OH
2014-05-01,OH
2014-06-01,OH
2014-07-01,OH
2014-08-01,OH
2014-09-01,OH
2014-10-01,OH
2014-11-01,OH
2014-12-01,OH
2015-01-01,OH
2015-02-01,OH
2015-03-01,OH
2015-04-01,OH
2015-05-01,OH
2015-06-01,OH
2015-07-01,OH
2015-08-01,OH
2015-09-01,OH
2015-10-01,OH
2015-11-01,OH
2015-12-01,OH
2016-01-01,OH
2016-02-01,OH
2016-03-01,OH
2016-04-01,OH
2016-05-01,OH
2016-06-01,OH
2016-07-01,OH
2016-08-01,OH
2016-09-01,OH
2016-10-01,OH
2016-11-01,OH
2016-12-01,OH
2017-01-01,OH
2017-02-01,OH
2017-03-01,OH
2017-04-01,OH
2017-05-01,OH
2017-06-01,OH
2017-07-01,OH
2017-08-01,OH
2017-09-01,OH
2017-10-01,OH
2017-11-01,OH
2017-12-01,OH
2018-01-01,OH
2018-02-01,OH
2018-03-01,OH
2018-04-01,OH
2018-05-01,OH
2018-06-01,OH
2018-07-01,OH
2018-08-01,OH
2018-09-01,OH
2018-10-01,OH
2018-11-01,OH
2018-12-01,OH
2019-01-01,OH
2019-02-01,OH
2019-03-01,OH
2019-04-01,OH
2019-05-01,OH
2019-06-01,OH
2019-07-01,OH
2019-08-01,OH
2019-09-01,OH
2019-10-01,OH
2019-11-01,OH
2019-12-01,OH
2020-01-01,OH
2020-02-01,OH
2020-03-01,OH
2020-04-01,OH
2020-05-01,OH
2020-06-01,OH
2020-07-01,OH
2020-08-01,OH
2020-09-01,OH
2020-10-01,OH
2020-11-01,OH
2020-12-01,OH
2021-01-01,OH
2021-02-01,OH
2021-03-01,OH
2021-04-01,OH
2021-05-01,OH
2021-06-01,OH
2021-07-01,OH
2021-08-01,OH
2021-09-01,OH
2021-10-01,OH
2021-11-01,OH
2021-12-01,OH
2022-01-01,OH
2022-02-01,OH
2022-03-01,OH
2022-04-01,OH
2022-05-01,OH
2022-06-01,OH
2022-07-01,OH
2022-08-01,OH
2022-09-01,OH
2022-10-01,OH
2022-11-01,OH
2022-12-01,OH
2012-01-01,OK
2012-02-01,OK
2012-03-01,OK
2012-04-01,OK
2012-05-01,OK
2012-06-01,OK
2012-07-01,OK
2012-08-01,OK
2012-09-01,OK
2012-10-01,OK
2012-11-01,OK
2012-12-01,OK
2013-01-01,OK
2013-02-01,OK
2013-03-01,OK
2013-04-01,OK
2013-05-01,OK
2013-06-01,OK
2013-07-01,OK
2013-08-01,OK
2013-09-01,OK
2013-10-01,OK
2013-11-01,OK
2013-12-01,OK
2014-01-01,OK
2014-02-01,OK
2014-03-01,OK
2014-04-01,OK
2014-05-01,OK
2014-06-01,OK
2014-07-01,OK
2014-08-01,OK
2014-09-01,OK
2014-10-01,OK
2014-11-01,OK
2014-12-01,OK
2015-01-01,OK
2015-02-01,OK
2015-03-01,OK
2015-04-01,OK
2015-05-01,OK
2015-06-01,OK
2015-07-01,OK
2015-08-01,OK
2015-09-01,OK
2015-10-01,OK
2015-11-01,OK
2015-12-01,OK
2016-01-01,OK
2016-02-01,OK
2016-03-01,OK
2016-04-01,OK
2016-05-01,OK
2016-06-01,OK
2016-07-01,OK
2016-08-01,OK
2016-09-01,OK
2016-10-01,OK
2016-11-01,OK
2016-12-01,OK
2017-01-01,OK
2017-02-01,OK
2017-03-01,OK
2017-04-01,OK
2017-05-01,OK
2017-06-01,OK
2017-07-01,OK
2017-08-01,OK
2017-09-01,OK
2017-10-01,OK
2017-11-01,OK
2017-12-01,OK
2018-01-01,OK
2018-02-01,OK
2018-03-01,OK
2018-04-01,OK
2018-05-01,OK
2018-06-01,OK
2018-07-01,OK
2018-08-01,OK
2018-09-01,OK
2018-10-01,OK
2018-11-01,OK
2018-12-01,OK
2019-01-01,OK
2019-02-01,OK
2019-03-01,OK
2019-04-01,OK
2019-05-01,OK
2019-06-01,OK
2019-07-01,OK
2019-08-01,OK
2019-09-01,OK
2019-10-01,OK
2019-11-01,OK
2019-12-01,OK
2020-01-01,OK
2020-02-01,OK
2020-03-01,OK
2020-04-01,OK
2020-05-01,OK
2020-06-01,OK
2020-07-01,OK
2020-08-01,OK
2020-09-01,OK
2020-10-01,OK
2020-11-01,OK
2020-12-01,OK
2021-01-01,OK
2021-02-01,OK
2021-03-01,OK
2021-04-01,OK
2021-05-01,OK
2021-06-01,OK
2021-07-01,OK
2021-08-01,OK
2021-09-01,OK
2021-10-01,OK
2021-11-01,OK
2021-12-01,OK
2022-01-01,OK
2022-02-01,OK
2022-03-01,OK
2022-04-01,OK
2022-05-01,OK
2022-06-01,OK
2022-07-01,OK
2022-08-01,OK
2022-09-01,OK
2022-10-01,OK
2022-11-01,OK
2022-12-01,OK
2012-01-01,OR
2012-02-01,OR
2012-03-01,OR
2012-04-01,OR
2012-05-01,OR
2012-06-01,OR
2012-07-01,OR
2012-08-01,OR
2012-09-01,OR
2012-10-01,OR
2012-11-01,OR
2012-12-01,OR
2013-01-01,OR
2013-02-01,OR
2013-03-01,OR
2013-04-01,OR
2013-05-01,OR
2013-06-01,OR
2013-07-01,OR
2013-08-01,OR
2013-09-01,OR
2013-10-01,OR
2013-11-01,OR
2013-12-01,OR
2014-01-01,OR
2014-02-01,OR
2014-03-01,OR
2014-04-01,OR
2014-05-01,OR
2014-06-01,OR
2014-07-01,OR
2014-08-01,OR
2014-09-01,OR
2014-10-01,OR
2014-11-01,OR
2014-12-01,OR
2015-01-01,OR
2015-02-01,OR
2015-03-01,OR
2015-04-01,OR
2015-05-01,OR
2015-06-01,OR
2015-07-01,OR
2015-08-01,OR
2015-09-01,OR
2015-10-01,OR
2015-11-01,OR
2015-12-01,OR
2016-01-01,OR
2016-02-01,OR
2016-03-01,OR
2016-04-01,OR
2016-05-01,OR
2016-06-01,OR
2016-07-01,OR
2016-08-01,OR
2016-09-01,OR
2016-10-01,OR
2016-11-01,OR
2016-12-01,OR
2017-01-01,OR
2017-02-01,OR
2017-03-01,OR
2017-04-01,OR
2017-05-01,OR
2017-06-01,OR
2017-07-01,OR
2017-08-01,OR
2017-09-01,OR
2017-10-01,OR
2017-11-01,OR
2017-12-01,OR
2018-01-01,OR
2018-02-01,OR
2018-03-01,OR
2018-04-01,OR
2018-05-01,OR
2018-06-01,OR
2018-07-01,OR
2018-08-01,OR
2018-09-01,OR
2018-10-01,OR
2018-11-01,OR
2018-12-01,OR
2019-01-01,OR
2019-02-01,OR
2019-03-01,OR
2019-04-01,OR
2019-05-01,OR
2019-06-01,OR
2019-07-01,OR
2019-08-01,OR
2019-09-01,OR
2019-10-01,OR
2019-11-01,OR
2019-12-01,OR
2020-01-01,OR
2020-02-01,OR
2020-03-01,OR
2020-04-01,OR
2020-05-01,OR
2020-06-01,OR
2020-07-01,OR
2020-08-01,OR
2020-09-01,OR
2020-10-01,OR
2020-11-01,OR
2020-12-01,OR
2021-01-01,OR
2021-02-01,OR
2021-03-01,OR
2021-04-01,OR
2021-05-01,OR
2021-06-01,OR
2021-07-01,OR
2021-08-01,OR
2021-09-01,OR
2021-10-01,OR
2021-11-01,OR
2021-12-01,OR
2022-01-01,OR
2022-02-01,OR
2022-03-01,OR
2022-04-01,OR
2022-05-01,OR
2022-06-01,OR
2022-07-01,OR
2022-08-01,OR
2022-09-01,OR
2022-10-01,OR
2022-11-01,OR
2022-12-01,OR
2012-01-01,PA
2012-02-01,PA
2012-03-01,PA
2012-04-01,PA
2012-05-01,PA
2012-06-01,PA
2012-07-01,PA
2012-08-01,PA
2012-09-01,PA
2012-10-01,PA
2012-11-01,PA
2012-12-01,PA
2013-01-01,PA
2013-02-01,PA
2013-03-01,PA
2013-04-01,PA
2013-05-01,PA
2013-06-01,PA
2013-07-01,PA
2013-08-01,PA
2013-09-01,PA
2013-10-01,PA
2013-11-01,PA
2013-12-01,PA
2014-01-01,PA
2014-02-01,PA
2014-03-01,PA
2014-04-01,PA
2014-05-01,PA
2014-06-01,PA
2014-07-01,PA
2014-08-01,PA
2014-09-01,PA
2014-10-01,PA
2014-11-01,PA
2014-12-01,PA
2015-01-01,PA
2015-02-01,PA
2015-03-01,PA
2015-04-01,PA
2015-05-01,PA
2015-06-01,PA
2015-07-01,PA
2015-08-01,PA
2015-09-01,PA
2015-10-01,PA
2015-11-01,PA
2015-12-01,PA
2016-01-01,PA
2016-02-01,PA
2016-03-01,PA
2016-04-01,PA
2016-05-01,PA
2016-06-01,PA
2016-07-01,PA
2016-08-01,PA
2016-09-01,PA
2016-10-01,PA
2016-11-01,PA
2016-12-01,PA
2017-01-01,PA
2017-02-01,PA
2017-03-01,PA
2017-04-01,PA
2017-05-01,PA
2017-06-01,PA
2017-07-01,PA
2017-08-01,PA
2017-09-01,PA
2017-10-01,PA
2017-11-01,PA
2017-12-01,PA
2018-01-01,PA
2018-02-01,PA
2018-03-01,PA
2018-04-01,PA
2018-05-01,PA
2018-06-01,PA
2018-07-01,PA
2018-08-01,PA
2018-09-01,PA
2018-10-01,PA
2018-11-01,PA
2018-12-01,PA
2019-01-01,PA
2019-02-01,PA
2019-03-01,PA
2019-04-01,PA
2019-05-01,PA
2019-06-01,PA
2019-07-01,PA
2019-08-01,PA
2019-09-01,PA
2019-10-01,PA
2019-11-01,PA
2019-12-01,PA
2020-01-01,PA
2020-02-01,PA
2020-03-01,PA
2020-04-01,PA
2020-05-01,PA
2020-06-01,PA
2020-07-01,PA
2020-08-01,PA
2020-09-01,PA
2020-10-01,PA
2020-11-01,PA
2020-12-01,PA
2021-01-01,PA
2021-02-01,PA
2021-03-01,PA
2021-04-01,PA
2021-05-01,PA
2021-06-01,PA
2021-07-01,PA
2021-08-01,PA
2021-09-01,PA
2021-10-01,PA
2021-11-01,PA
2021-12-01,PA
2022-01-01,PA
2022-02-01,PA
2022-03-01,PA
2022-04-01,PA
2022-05-01,PA
2022-06-01,PA
2022-07-01,PA
2022-08-01,PA
2022-09-01,PA
2022-10-01,PA
2022-11-01,PA
2022-12-01,PA
2012-01-01,RI
2012-02-01,RI
2012-03-01,RI
2012-04-01,RI
2012-05-01,RI
2012-06-01,RI
2012-07-01,RI
2012-08-01,RI
2012-09-01,RI
2012-10-01,RI
2012-11-01,RI
2012-12-01,RI
2013-01-01,RI
2013-02-01,RI
2013-03-01,RI
2013-04-01,RI
2013-05-01,RI
2013-06-01,RI
2013-07-01,RI
2013-08-01,RI
2013-09-01,RI
2013-10-01,RI
2013-11-01,RI
2013-12-01,RI
2014-01-01,RI
2014-02-01,RI
2014-03-01,RI
2014-04-01,RI
2014-05-01,RI
2014-06-01,RI
2014-07-01,RI
2014-08-01,RI
2014-09-01,RI
2014-10-01,RI
2014-11-01,RI
2014-12-01,RI
2015-01-01,RI
2015-02-01,RI
2015-03-01,RI
2015-04-01,RI
2015-05-01,RI
2015-06-01,RI
2015-07-01,RI
2015-08-01,RI
2015-09-01,RI
2015-10-01,RI
2015-11-01,RI
2015-12-01,RI
2016-01-01,RI
2016-02-01,RI
2016-03-01,RI
2016-04-01,RI
2016-05-01,RI
2016-06-01,RI
2016-07-01,RI
2016-08-01,RI
2016-09-01,RI
2016-10-01,RI
2016-11-01,RI
2016-12-01,RI
2017-01-01,RI
2017-02-01,RI
2017-03-01,RI
2017-04-01,RI
2017-05-01,RI
2017-06-01,RI
2017-07-01,RI
2017-08-01,RI
2017-09-01,RI
2017-10-01,RI
2017-11-01,RI
2017-12-01,RI
2018-01-01,RI
2018-02-01,RI
2018-03-01,RI
2018-04-01,RI
2018-05-01,RI
2018-06-01,RI
2018-07-01,RI
2018-08-01,RI
2018-09-01,RI
2018-10-01,RI
2018-11-01,RI
2018-12-01,RI
2019-01-01,RI
2019-02-01,RI
2019-03-01,RI
2019-04-01,RI
2019-05-01,RI
2019-06-01,RI
2019-07-01,RI
2019-08-01,RI
2019-09-01,RI
2019-10-01,RI
2019-11-01,RI
2019-12-01,RI
2020-01-01,RI
2020-02-01,RI
2020-03-01,RI
2020-04-01,RI
2020-05-01,RI
2020-06-01,RI
2020-07-01,RI
2020-08-01,RI
2020-09-01,RI
2020-10-01,RI
2020-11-01,RI
2020-12-01,RI
2021-01-01,RI
2021-02-01,RI
2021-03-01,RI
2021-04-01,RI
2021-05-01,RI
2021-06-01,RI
2021-07-01,RI
2021-08-01,RI
2021-09-01,RI
2021-10-01,RI
2021-11-01,RI
2021-12-01,RI
2022-01-01,RI
2022-02-01,RI
2022-03-01,RI
2022-04-01,RI
2022-05-01,RI
2022-06-01,RI
2022-07-01,RI
2022-08-01,RI
2022-09-01,RI
2022-10-01,RI
2022-11-01,RI
2022-12-01,RI
2012-01-01,SC
2012-02-01,SC
2012-03-01,SC
2012-04-01,SC
2012-05-01,SC
2012-06-01,SC
2012-07-01,SC
2012-08-01,SC
2012-09-01,SC
2012-10-01,SC
2012-11-01,SC
2012-12-01,SC
2013-01-01,SC
2013-02-01,SC
2013-03-01,SC
2013-04-01,SC
2013-05-01,SC
2013-06-01,SC
2013-07-01,SC
2013-08-01,SC
2013-09-01,SC
2013-10-01,SC
2013-11-01,SC
2013-12-01,SC
2014-01-01,SC
2014-02-01,SC
2014-03-01,SC
2014-04-01,SC
2014-05-01,SC
2014-06-01,SC
2014-07-01,SC
2014-08-01,SC
2014-09-01,SC
2014-10-01,SC
2014-11-01,SC
2014-12-01,SC
2015-01-01,SC
2015-02-01,SC
2015-03-01,SC
2015-04-01,SC
2015-05-01,SC
2015-06-01,SC
2015-07-01,SC
2015-08-01,SC
2015-09-01,SC
2015-10-01,SC
2015-11-01,SC
2015-12-01,SC
2016-01-01,SC
2016-02-01,SC
2016-03-01,SC
2016-04-01,SC
2016-05-01,SC
2016-06-01,SC
2016-07-01,SC
2016-08-01,SC
2016-09-01,SC
2016-10-01,SC
2016-11-01,SC
2016-12-01,SC
2017-01-01,SC
2017-02-01,SC
2017-03-01,SC
2017-04-01,SC
2017-05-01,SC
2017-06-01,SC
2017-07-01,SC
2017-08-01,SC
2017-09-01,SC
2017-10-01,SC
2017-11-01,SC
2017-12-01,SC
2018-01-01,SC
2018-02-01,SC
2018-03-01,SC
2018-04-01,SC
2018-05-01,SC
2018-06-01,SC
2018-07-01,SC
2018-08-01,SC
2018-09-01,SC
2018-10-01,SC
2018-11-01,SC
2018-12-01,SC
2019-01-01,SC
2019-02-01,SC
2019-03-01,SC
2019-04-01,SC
2019-05-01,SC
2019-06-01,SC
2019-07-01,SC
2019-08-01,SC
2019-09-01,SC
2019-10-01,SC
2019-11-01,SC
2019-12-01,SC
2020-01-01,SC
2020-02-01,SC
2020-03-01,SC
2020-04-01,SC
2020-05-01,SC
2020-06-01,SC
2020-07-01,SC
2020-08-01,SC
2020-09-01,SC
2020-10-01,SC
2020-11-01,SC
2020-12-01,SC
2021-01-01,SC
2021-02-01,SC
2021-03-01,SC
2021-04-01,SC
2021-05-01,SC
2021-06-01,SC
2021-07-01,SC
2021-08-01,SC
2021-09-01,SC
2021-10-01,SC
2021-11-01,SC
2021-12-01,SC
2022-01-01,SC
2022-02-01,SC
2022-03-01,SC
2022-04-01,SC
2022-05-01,SC
2022-06-01,SC
2022-07-01,SC
2022-08-01,SC
2022-09-01,SC
2022-10-01,SC
2022-11-01,SC
2022-12-01,SC
2012-01-01,SD
2012-02-01,SD
2012-03-01,SD
2012-04-01,SD
2012-05-01,SD
2012-06-01,SD
2012-07-01,SD
2012-08-01,SD
2012-09-01,SD
2012-10-01,SD
2012-11-01,SD
2012-12-01,SD
2013-01-01,SD
2013-02-01,SD
2013-03-01,SD
2013-04-01,SD
2013-05-01,SD
2013-06-01,SD
2013-07-01,SD
2013-08-01,SD
2013-09-01,SD
2013-10-01,SD
2013-11-01,SD
2013-12-01,SD
2014-01-01,SD
2014-02-01,SD
2014-03-01,SD
2014-04-01,SD
2014-05-01,SD
2014-06-01,SD
2014-07-01,SD
2014-08-01,SD
2014-09-01,SD
2014-10-01,SD
2014-11-01,SD
2014-12-01,SD
2015-01-01,SD
2015-02-01,SD
2015-03-01,SD
2015-04-01,SD
2015-05-01,SD
2015-06-01,SD
2015-07-01,SD
2015-08-01,SD
2015-09-01,SD
2015-10-01,SD
2015-11-01,SD
2015-12-01,SD
2016-01-01,SD
2016-02-01,SD
2016-03-01,SD
2016-04-01,SD
2016-05-01,SD
2016-06-01,SD
2016-07-01,SD
2016-08-01,SD
2016-09-01,SD
2016-10-01,SD
2016-11-01,SD
2016-12-01,SD
2017-01-01,SD
2017-02-01,SD
2017-03-01,SD
2017-04-01,SD
2017-05-01,SD
2017-06-01,SD
2017-07-01,SD
2017-08-01,SD
2017-09-01,SD
2017-10-01,SD
2017-11-01,SD
2017-12-01,SD
2018-01-01,SD
2018-02-01,SD
2018-03-01,SD
2018-04-01,SD
2018-05-01,SD
2018-06-01,SD
2018-07-01,SD
2018-08-01,SD
2018-09-01,SD
2018-10-01,SD
2018-11-01,SD
2018-12-01,SD
2019-01-01,SD
2019-02-01,SD
2019-03-01,SD
2019-04-01,SD
2019-05-01,SD
2019-06-01,SD
2019-07-01,SD
2019-08-01,SD
2019-09-01,SD
2019-10-01,SD
2019-11-01,SD
2019-12-01,SD
2020-01-01,SD
2020-02-01,SD
2020-03-01,SD
2020-04-01,SD
2020-05-01,SD
2020-06-01,SD
2020-07-01,SD
2020-08-01,SD
2020-09-01,SD
2020-10-01,SD
2020-11-01,SD
2020-12-01,SD
2021-01-01,SD
2021-02-01,SD
2021-03-01,SD
2021-04-01,SD
2021-05-01,SD
2021-06-01,SD
2021-07-01,SD
2021-08-01,SD
2021-09-01,SD
2021-10-01,SD
2021-11-01,SD
2021-12-01,SD
2022-01-01,SD
2022-02-01,SD
2022-03-01,SD
2022-04-01,SD
2022-05-01,SD
2022-06-01,SD
2022-07-01,SD
2022-08-01,SD
2022-09-01,SD
2022-10-01,SD
2022-11-01,SD
2022-12-01,SD
2012-01-01,TN
2012-02-01,TN
2012-03-01,TN
2012-04-01,TN
2012-05-01,TN
2012-06-01,TN
2012-07-01,TN
2012-08-01,TN
2012-09-01,TN
2012-10-01,TN
2012-11-01,TN
2012-12-01,TN
2013-01-01,TN
2013-02-01,TN
2013-03-01,TN
2013-04-01,TN
2013-05-01,TN
2013-06-01,TN
2013-07-01,TN
2013-08-01,TN
2013-09-01,TN
2013-10-01,TN
2013-11-01,TN
2013-12-01,TN
2014-01-01,TN
2014-02-01,TN
2014-03-01,TN
2014-04-01,TN
2014-05-01,TN
2014-06-01,TN
2014-07-01,TN
2014-08-01,TN
2014-09-01,TN
2014-10-01,TN
2014-11-01,TN
2014-12-01,TN
2015-01-01,TN
2015-02-01,TN
2015-03-01,TN
2015-04-01,TN
2015-05-01,TN
2015-06-01,TN
2015-07-01,TN
2015-08-01,TN
2015-09-01,TN
2015-10-01,TN
2015-11-01,TN
2015-12-01,TN
2016-01-01,TN
2016-02-01,TN
2016-03-01,TN
2016-04-01,TN
2016-05-01,TN
2016-06-01,TN
2016-07-01,TN
2016-08-01,TN
2016-09-01,TN
2016-10-01,TN
2016-11-01,TN
2016-12-01,TN
2017-01-01,TN
2017-02-01,TN
2017-03-01,TN
2017-04-01,TN
2017-05-01,TN
2017-06-01,TN
2017-07-01,TN
2017-08-01,TN
2017-09-01,TN
2017-10-01,TN
2017-11-01,TN
2017-12-01,TN
2018-01-01,TN
2018-02-01,TN
2018-03-01,TN
2018-04-01,TN
2018-05-01,TN
2018-06-01,TN
2018-07-01,TN
2018-08-01,TN
2018-09-01,TN
2018-10-01,TN
2018-11-01,TN
2018-12-01,TN
2019-01-01,TN
2019-02-01,TN
2019-03-01,TN
2019-04-01,TN
2019-05-01,TN
2019-06-01,TN
2019-07-01,TN
2019-08-01,TN
2019-09-01,TN
2019-10-01,TN
2019-11-01,TN
2019-12-01,TN
2020-01-01,TN
2020-02-01,TN
2020-03-01,TN
2020-04-01,TN
2020-05-01,TN
2020-06-01,TN
2020-07-01,TN
2020-08-01,TN
2020-09-01,TN
2020-10-01,TN
2020-11-01,TN
2020-12-01,TN
2021-01-01,TN
2021-02-01,TN
2021-03-01,TN
2021-04-01,TN
2021-05-01,TN
2021-06-01,TN
2021-07-01,TN
2021-08-01,TN
2021-09-01,TN
2021-10-01,TN
2021-11-01,TN
2021-12-01,TN
2022-01-01,TN
2022-02-01,TN
2022-03-01,TN
2022-04-01,TN
2022-05-01,TN
2022-06-01,TN
2022-07-01,TN
2022-08-01,TN
2022-09-01,TN
2022-10-01,TN
2022-11-01,TN
2022-12-01,TN
2012-01-01,TX
2012-02-01,TX
2012-03-01,TX
2012-04-01,TX
2012-05-01,TX
2012-06-01,TX
2012-07-01,TX
2012-08-01,TX
2012-09-01,TX
2012-10-01,TX
2012-11-01,TX
2012-12-01,TX
2013-01-01,TX
2013-02-01,TX
2013-03-01,TX
2013-04-01,TX
2013-05-01,TX
2013-06-01,TX
2013-07-01,TX
2013-08-01,TX
2013-09-01,TX
2013-10-01,TX
2013-11-01,TX
2013-12-01,TX
2014-01-01,TX
2014-02-01,TX
2014-03-01,TX
2014-04-01,TX
2014-05-01,TX
2014-06-01,TX
2014-07-01,TX
2014-08-01,TX
2014-09-01,TX
2014-10-01,TX
2014-11-01,TX
2014-12-01,TX
2015-01-01,TX
2015-02-01,TX
2015-03-01,TX
2015-04-01,TX
2015-05-01,TX
2015-06-01,TX
2015-07-01,TX
2015-08-01,TX
2015-09-01,TX
2015-10-01,TX
2015-11-01,TX
2015-12-01,TX
2016-01-01,TX
2016-02-01,TX
2016-03-01,TX
2016-04-01,TX
2016-05-01,TX
2016-06-01,TX
2016-07-01,TX
2016-08-01,TX
2016-09-01,TX
2016-10-01,TX
2016-11-01,TX
2016-12-01,TX
2017-01-01,TX
2017-02-01,TX
2017-03-01,TX
2017-04-01,TX
2017-05-01,TX
2017-06-01,TX
2017-07-01,TX
2017-08-01,TX
2017-09-01,TX
2017-10-01,TX
2017-11-01,TX
2017-12-01,TX
2018-01-01,TX
2018-02-01,TX
2018-03-01,TX
2018-04-01,TX
2018-05-01,TX
2018-06-01,TX
2018-07-01,TX
2018-08-01,TX
2018-09-01,TX
2018-10-01,TX
2018-11-01,TX
2018-12-01,TX
2019-01-01,TX
2019-02-01,TX
2019-03-01,TX
2019-04-01,TX
2019-05-01,TX
2019-06-01,TX
2019-07-01,TX
2019-08-01,TX
2019-09-01,TX
2019-10-01,TX
2019-11-01,TX
2019-12-01,TX
2020-01-01,TX
2020-02-01,TX
2020-03-01,TX
2020-04-01,TX
2020-05-01,TX
2020-06-01,TX
2020-07-01,TX
2020-08-01,TX
2020-09-01,TX
2020-10-01,TX
2020-11-01,TX
2020-12-01,TX
2021-01-01,TX
2021-02-01,TX
2021-03-01,TX
2021-04-01,TX
2021-05-01,TX
2021-06-01,TX
2021-07-01,TX
2021-08-01,TX
2021-09-01,TX
2021-10-01,TX
2021-11-01,TX
2021-12-01,TX
2022-01-01,TX
2022-02-01,TX
2022-03-01,TX
2022-04-01,TX
2022-05-01,TX
2022-06-01,TX
2022-07-01,TX
2022-08-01,TX
2022-09-01,TX
2022-10-01,TX
2022-11-01,TX
2022-12-01,TX
2012-01-01,UT
2012-02-01,UT
2012-03-01,UT
2012-04-01,UT
2012-05-01,UT
2012-06-01,UT
2012-07-01,UT
2012-08-01,UT
2012-09-01,UT
2012-10-01,UT
2012-11-01,UT
2012-12-01,UT
2013-01-01,UT
2013-02-01,UT
2013-03-01,UT
2013-04-01,UT
2013-05-01,UT
2013-06-01,UT
2013-07-01,UT
2013-08-01,UT
2013-09-01,UT
2013-10-01,UT
2013-11-01,UT
2013-12-01,UT
2014-01-01,UT
2014-02-01,UT
2014-03-01,UT
2014-04-01,UT
2014-05-01,UT
2014-06-01,UT
2014-07-01,UT
2014-08-01,UT
2014-09-01,UT
2014-10-01,UT
2014-11-01,UT
2014-12-01,UT
2015-01-01,UT
2015-02-01,UT
2015-03-01,UT
2015-04-01,UT
2015-05-01,UT
2015-06-01,UT
2015-07-01,UT
2015-08-01,UT
2015-09-01,UT
2015-10-01,UT
2015-11-01,UT
2015-12-01,UT
2016-01-01,UT
2016-02-01,UT
2016-03-01,UT
2016-04-01,UT
2016-05-01,UT
2016-06-01,UT
2016-07-01,UT
2016-08-01,UT
2016-09-01,UT
2016-10-01,UT
2016-11-01,UT
2016-12-01,UT
2017-01-01,UT
2017-02-01,UT
2017-03-01,UT
2017-04-01,UT
2017-05-01,UT
2017-06-01,UT
2017-07-01,UT
2017-08-01,UT
2017-09-01,UT
2017-10-01,UT
2017-11-01,UT
2017-12-01,UT
2018-01-01,UT
2018-02-01,UT
2018-03-01,UT
2018-04-01,UT
2018-05-01,UT
2018-06-01,UT
2018-07-01,UT
2018-08-01,UT
2018-09-01,UT
2018-10-01,UT
2018-11-01,UT
2018-12-01,UT
2019-01-01,UT
2019-02-01,UT
2019-03-01,UT
2019-04-01,UT
2019-05-01,UT
2019-06-01,UT
2019-07-01,UT
2019-08-01,UT
2019-09-01,UT
2019-10-01,UT
2019-11-01,UT
2019-12-01,UT
2020-01-01,UT
2020-02-01,UT
2020-03-01,UT
2020-04-01,UT
2020-05-01,UT
2020-06-01,UT
2020-07-01,UT
2020-08-01,UT
2020-09-01,UT
2020-10-01,UT
2020-11-01,UT
2020-12-01,UT
2021-01-01,UT
2021-02-01,UT
2021-03-01,UT
2021-04-01,UT
2021-05-01,UT
2021-06-01,UT
2021-07-01,UT
2021-08-01,UT
2021-09-01,UT
2021-10-01,UT
2021-11-01,UT
2021-12-01,UT
2022-01-01,UT
2022-02-01,UT
2022-03-01,UT
2022-04-01,UT
2022-05-01,UT
2022-06-01,UT
2022-07-01,UT
2022-08-01,UT
2022-09-01,UT
2022-10-01,UT
2022-11-01,UT
2022-12-01,UT
2012-01-01,VA
2012-02-01,VA
2012-03-01,VA
2012-04-01,VA
2012-05-01,VA
2012-06-01,VA
2012-07-01,VA
2012-08-01,VA
2012-09-01,VA
2012-10-01,VA
2012-11-01,VA
2012-12-01,VA
2013-01-01,VA
2013-02-01,VA
2013-03-01,VA
2013-04-01,VA
2013-05-01,VA
2013-06-01,VA
2013-07-01,VA
2013-08-01,VA
2013-09-01,VA
2013-10-01,VA
2013-11-01,VA
2013-12-01,VA
2014-01-01,VA
2014-02-01,VA
2014-03-01,VA
2014-04-01,VA
2014-05-01,VA
2014-06-01,VA
2014-07-01,VA
2014-08-01,VA
2014-09-01,VA
2014-10-01,VA
2014-11-01,VA
2014-12-01,VA
2015-01-01,VA
2015-02-01,VA
2015-03-01,VA
2015-04-01,VA
2015-05-01,VA
2015-06-01,VA
2015-07-01,VA
2015-08-01,VA
2015-09-01,VA
2015-10-01,VA
2015-11-01,VA
2015-12-01,VA
2016-01-01,VA
2016-02-01,VA
2016-03-01,VA
2016-04-01,VA
2016-05-01,VA
2016-06-01,VA
2016-07-01,VA
2016-08-01,VA
2016-09-01,VA
2016-10-01,VA
2016-11-01,VA
2016-12-01,VA
2017-01-01,VA
2017-02-01,VA
2017-03-01,VA
2017-04-01,VA
2017-05-01,VA
2017-06-01,VA
2017-07-01,VA
2017-08-01,VA
2017-09-01,VA
2017-10-01,VA
2017-11-01,VA
2017-12-01,VA
2018-01-01,VA
2018-02-01,VA
2018-03-01,VA
2018-04-01,VA
2018-05-01,VA
2018-06-01,VA
2018-07-01,VA
2018-08-01,VA
2018-09-01,VA
2018-10-01,VA
2018-11-01,VA
2018-12-01,VA
2019-01-01,VA
2019-02-01,VA
2019-03-01,VA
2019-04-01,VA
2019-05-01,VA
2019-06-01,VA
2019-07-01,VA
2019-08-01,VA
2019-09-01,VA
2019-10-01,VA
2019-11-01,VA
2019-12-01,VA
2020-01-01,VA
2020-02-01,VA
2020-03-01,VA
2020-04-01,VA
2020-05-01,VA
2020-06-01,VA
2020-07-01,VA
2020-08-01,VA
2020-09-01,VA
2020-10-01,VA
2020-11-01,VA
2020-12-01,VA
2021-01-01,VA
2021-02-01,VA
2021-03-01,VA
2021-04-01,VA
2021-05-01,VA
2021-06-01,VA
2021-07-01,VA
2021-08-01,VA
2021-09-01,VA
2021-10-01,VA
2021-11-01,VA
2021-12-01,VA
2022-01-01,VA
2022-02-01,VA
2022-03-01,VA
2022-04-01,VA
2022-05-01,VA
2022-06-01,VA
2022-07-01,VA
2022-08-01,VA
2022-09-01,VA
2022-10-01,VA
2022-11-01,VA
2022-12-01,VA
2012-01-01,VT
2012-02-01,VT
2012-03-01,VT
2012-04-01,VT
2012-05-01,VT
2012-06-01,VT
2012-07-01,VT
2012-08-01,VT
2012-09-01,VT
2012-10-01,VT
2012-11-01,VT
2012-12-01,VT
2013-01-01,VT
2013-02-01,VT
2013-03-01,VT
2013-04-01,VT
2013-05-01,VT
2013-06-01,VT
2013-07-01,VT
2013-08-01,VT
2013-09-01,VT
2013-10-01,VT
2013-11-01,VT
2013-12-01,VT
2014-01-01,VT
2014-02-01,VT
2014-03-01,VT
2014-04-01,VT
2014-05-01,VT
2014-06-01,VT
2014-07-01,VT
2014-08-01,VT
2014-09-01,VT
2014-10-01,VT
2014-11-01,VT
2014-12-01,VT
2015-01-01,VT
2015-02-01,VT
2015-03-01,VT
2015-04-01,VT
2015-05-01,VT
2015-06-01,VT
2015-07-01,VT
2015-08-01,VT
2015-09-01,VT
2015-10-01,VT
2015-11-01,VT
2015-12-01,VT
2016-01-01,VT
2016-02-01,VT
2016-03-01,VT
2016-04-01,VT
2016-05-01,VT
2016-06-01,VT
2016-07-01,VT
2016-08-01,VT
2016-09-01,VT
2016-10-01,VT
2016-11-01,VT
2016-12-01,VT
2017-01-01,VT
2017-02-01,VT
2017-03-01,VT
2017-04-01,VT
2017-05-01,VT
2017-06-01,VT
2017-07-01,VT
2017-08-01,VT
2017-09-01,VT
2017-10-01,VT
2017-11-01,VT
2017-12-01,VT
2018-01-01,VT
2018-02-01,VT
2018-03-01,VT
2018-04-01,VT
2018-05-01,VT
2018-06-01,VT
2018-07-01,VT
2018-08-01,VT
2018-09-01,VT
2018-10-01,VT
2018-11-01,VT
2018-12-01,VT
2019-01-01,VT
2019-02-01,VT
2019-03-01,VT
2019-04-01,VT
2019-05-01,VT
2019-06-01,VT
2019-07-01,VT
2019-08-01,VT
2019-09-01,VT
2019-10-01,VT
2019-11-01,VT
2019-12-01,VT
2020-01-01,VT
2020-02-01,VT
2020-03-01,VT
2020-04-01,VT
2020-05-01,VT
2020-06-01,VT
2020-07-01,VT
2020-08-01,VT
2020-09-01,VT
2020-10-01,VT
2020-11-01,VT
2020-12-01,VT
2021-01-01,VT
2021-02-01,VT
2021-03-01,VT
2021-04-01,VT
2021-05-01,VT
2021-06-01,VT
2021-07-01,VT
2021-08-01,VT
2021-09-01,VT
2021-10-01,VT
2021-11-01,VT
2021-12-01,VT
2022-01-01,VT
2022-02-01,VT
2022-03-01,VT
2022-04-01,VT
2022-05-01,VT
2022-06-01,VT
2022-07-01,VT
2022-08-01,VT
2022-09-01,VT
2022-10-01,VT
2022-11-01,VT
2022-12-01,VT
2012-01-01,WA
2012-02-01,WA
2012-03-01,WA
2012-04-01,WA
2012-05-01,WA
2012-06-01,WA
2012-07-01,WA
2012-08-01,WA
2012-09-01,WA
2012-10-01,WA
2012-11-01,WA
2012-12-01,WA
2013-01-01,WA
2013-02-01,WA
2013-03-01,WA
2013-04-01,WA
2013-05-01,WA
2013-06-01,WA
2013-07-01,WA
2013-08-01,WA
2013-09-01,WA
2013-10-01,WA
2013-11-01,WA
2013-12-01,WA
2014-01-01,WA
2014-02-01,WA
2014-03-01,WA
2014-04-01,WA
2014-05-01,WA
2014-06-01,WA
2014-07-01,WA
2014-08-01,WA
2014-09-01,WA
2014-10-01,WA
2014-11-01,WA
2014-12-01,WA
2015-01-01,WA
2015-02-01,WA
2015-03-01,WA
2015-04-01,WA
2015-05-01,WA
2015-06-01,WA
2015-07-01,WA
2015-08-01,WA
2015-09-01,WA
2015-10-01,WA
2015-11-01,WA
2015-12-01,WA
2016-01-01,WA
2016-02-01,WA
2016-03-01,WA
2016-04-01,WA
2016-05-01,WA
2016-06-01,WA
2016-07-01,WA
2016-08-01,WA
2016-09-01,WA
2016-10-01,WA
2016-11-01,WA
2016-12-01,WA
2017-01-01,WA
2017-02-01,WA
2017-03-01,WA
2017-04-01,WA
2017-05-01,WA
2017-06-01,WA
2017-07-01,WA
2017-08-01,WA
2017-09-01,WA
2017-10-01,WA
2017-11-01,WA
2017-12-01,WA
2018-01-01,WA
2018-02-01,WA
2018-03-01,WA
2018-04-01,WA
2018-05-01,WA
2018-06-01,WA
2018-07-01,WA
2018-08-01,WA
2018-09-01,WA
2018-10-01,WA
2018-11-01,WA
2018-12-01,WA
2019-01-01,WA
2019-02-01,WA
2019-03-01,WA
2019-04-01,WA
2019-05-01,WA
2019-06-01,WA
2019-07-01,WA
2019-08-01,WA
2019-09-01,WA
2019-10-01,WA
2019-11-01,WA
2019-12-01,WA
2020-01-01,WA
2020-02-01,WA
2020-03-01,WA
2020-04-01,WA
2020-05-01,WA
2020-06-01,WA
2020-07-01,WA
2020-08-01,WA
2020-09-01,WA
2020-10-01,WA
2020-11-01,WA
2020-12-01,WA
2021-01-01,WA
2021-02-01,WA
2021-03-01,WA
2021-04-01,WA
2021-05-01,WA
2021-06-01,WA
2021-07-01,WA
2021-08-01,WA
2021-09-01,WA
2021-10-01,WA
2021-11-01,WA
2021-12-01,WA
2022-01-01,WA
2022-02-01,WA
2022-03-01,WA
2022-04-01,WA
2022-05-01,WA
2022-06-01,WA
2022-07-01,WA
2022-08-01,WA
2022-09-01,WA
2022-10-01,WA
2022-11-01,WA
2022-12-01,WA
2012-01-01,WI
2012-02-01,WI
2012-03-01,WI
2012-04-01,WI
2012-05-01,WI
2012-06-01,WI
2012-07-01,WI
2012-08-01,WI
2012-09-01,WI
2012-10-01,WI
2012-11-01,WI
2012-12-01,WI
2013-01-01,WI
2013-02-01,WI
2013-03-01,WI
2013-04-01,WI
2013-05-01,WI
2013-06-01,WI
2013-07-01,WI
2013-08-01,WI
2013-09-01,WI
2013-10-01,WI
2013-11-01,WI
2013-12-01,WI
2014-01-01,WI
2014-02-01,WI
2014-03-01,WI
2014-04-01,WI
2014-05-01,WI
2014-06-01,WI
2014-07-01,WI
2014-08-01,WI
2014-09-01,WI
2014-10-01,WI
2014-11-01,WI
2014-12-01,WI
2015-01-01,WI
2015-02-01,WI
2015-03-01,WI
2015-04-01,WI
2015-05-01,WI
2015-06-01,WI
2015-07-01,WI
2015-08-01,WI
2015-09-01,WI
2015-10-01,WI
2015-11-01,WI
2015-12-01,WI
2016-01-01,WI
2016-02-01,WI
2016-03-01,WI
2016-04-01,WI
2016-05-01,WI
2016-06-01,WI
2016-07-01,WI
2016-08-01,WI
2016-09-01,WI
2016-10-01,WI
2016-11-01,WI
2016-12-01,WI
2017-01-01,WI
2017-02-01,WI
2017-03-01,WI
2017-04-01,WI
2017-05-01,WI
2017-06-01,WI
2017-07-01,WI
2017-08-01,WI
2017-09-01,WI
2017-10-01,WI
2017-11-01,WI
2017-12-01,WI
2018-01-01,WI
2018-02-01,WI
2018-03-01,WI
2018-04-01,WI
2018-05-01,WI
2018-06-01,WI
2018-07-01,WI
2018-08-01,WI
2018-09-01,WI
2018-10-01,WI
2018-11-01,WI
2018-12-01,WI
2019-01-01,WI
2019-02-01,WI
2019-03-01,WI
2019-04-01,WI
2019-05-01,WI
2019-06-01,WI
2019-07-01,WI
2019-08-01,WI
2019-09-01,WI
2019-10-01,WI
2019-11-01,WI
2019-12-01,WI
2020-01-01,WI
2020-02-01,WI
2020-03-01,WI
2020-04-01,WI
2020-05-01,WI
2020-06-01,WI
2020-07-01,WI
2020-08-01,WI
2020-09-01,WI
2020-10-01,WI
2020-11-01,WI
2020-12-01,WI
2021-01-01,WI
2021-02-01,WI
2021-03-01,WI
2021-04-01,WI
2021-05-01,WI
2021-06-01,WI
2021-07-01,WI
2021-08-01,WI
2021-09-01,WI
2021-10-01,WI
2021-11-01,WI
2021-12-01,WI
2022-01-01,WI
2022-02-01,WI
2022-03-01,WI
2022-04-01,WI
2022-05-01,WI
2022-06-01,WI
2022-07-01,WI
2022-08-01,WI
2022-09-01,WI
2022-10-01,WI
2022-11-01,WI
2022-12-01,WI
2012-01-01,WV
2012-02-01,WV
2012-03-01,WV
2012-04-01,WV
2012-05-01,WV
2012-06-01,WV
2012-07-01,WV
2012-08-01,WV
2012-09-01,WV
2012-10-01,WV
2012-11-01,WV
2012-12-01,WV
2013-01-01,WV
2013-02-01,WV
2013-03-01,WV
2013-04-01,WV
2013-05-01,WV
2013-06-01,WV
2013-07-01,WV
2013-08-01,WV
2013-09-01,WV
2013-10-01,WV
2013-11-01,WV
2013-12-01,WV
2014-01-01,WV
2014-02-01,WV
2014-03-01,WV
2014-04-01,WV
2014-05-01,WV
2014-06-01,WV
2014-07-01,WV
2014-08-01,WV
2014-09-01,WV
2014-10-01,WV
2014-11-01,WV
2014-12-01,WV
2015-01-01,WV
2015-02-01,WV
2015-03-01,WV
2015-04-01,WV
2015-05-01,WV
2015-06-01,WV
2015-07-01,WV
2015-08-01,WV
2015-09-01,WV
2015-10-01,WV
2015-11-01,WV
2015-12-01,WV
2016-01-01,WV
2016-02-01,WV
2016-03-01,WV
2016-04-01,WV
2016-05-01,WV
2016-06-01,WV
2016-07-01,WV
2016-08-01,WV
2016-09-01,WV
2016-10-01,WV
2016-11-01,WV
2016-12-01,WV
2017-01-01,WV
2017-02-01,WV
2017-03-01,WV
2017-04-01,WV
2017-05-01,WV
2017-06-01,WV
2017-07-01,WV
2017-08-01,WV
2017-09-01,WV
2017-10-01,WV
2017-11-01,WV
2017-12-01,WV
2018-01-01,WV
2018-02-01,WV
2018-03-01,WV
2018-04-01,WV
2018-05-01,WV
2018-06-01,WV
2018-07-01,WV
2018-08-01,WV
2018-09-01,WV
2018-10-01,WV
2018-11-01,WV
2018-12-01,WV
2019-01-01,WV
2019-02-01,WV
2019-03-01,WV
2019-04-01,WV
2019-05-01,WV
2019-06-01,WV
2019-07-01,WV
2019-08-01,WV
2019-09-01,WV
2019-10-01,WV
2019-11-01,WV
2019-12-01,WV
2020-01-01,WV
2020-02-01,WV
2020-03-01,WV
2020-04-01,WV
2020-05-01,WV
2020-06-01,WV
2020-07-01,WV
2020-08-01,WV
2020-09-01,WV
2020-10-01,WV
2020-11-01,WV
2020-12-01,WV
2021-01-01,WV
2021-02-01,WV
2021-03-01,WV
2021-04-01,WV
2021-05-01,WV
2021-06-01,WV
2021-07-01,WV
2021-08-01,WV
2021-09-01,WV
2021-10-01,WV
2021-11-01,WV
2021-12-01,WV
2022-01-01,WV
2022-02-01,WV
2022-03-01,WV
2022-04-01,WV
2022-05-01,WV
2022-06-01,WV
2022-07-01,WV
2022-08-01,WV
2022-09-01,WV
2022-10-01,WV
2022-11-01,WV
2022-12-01,WV
2012-01-01,WY
2012-02-01,WY
2012-03-01,WY
2012-04-01,WY
2012-05-01,WY
2012-06-01,WY
2012-07-01,WY
2012-08-01,WY
2012-09-01,WY
2012-10-01,WY
2012-11-01,WY
2012-12-01,WY
2013-01-01,WY
2013-02-01,WY
2013-03-01,WY
2013-04-01,WY
2013-05-01,WY
2013-06-01,WY
2013-07-01,WY
2013-08-01,WY
2013-09-01,WY
2013-10-01,WY
2013-11-01,WY
2013-12-01,WY
2014-01-01,WY
2014-02-01,WY
2014-03-01,WY
2014-04-01,WY
2014-05-01,WY
2014-06-01,WY
2014-07-01,WY
2014-08-01,WY
2014-09-01,WY
2014-10-01,WY
2014-11-01,WY
2014-12-01,WY
2015-01-01,WY
2015-02-01,WY
2015-03-01,WY
2015-04-01,WY
2015-05-01,WY
2015-06-01,WY
2015-07-01,WY
2015-08-01,WY
2015-09-01,WY
2015-10-01,WY
2015-11-01,WY
2015-12-01,WY
2016-01-01,WY
2016-02-01,WY
2016-03-01,WY
2016-04-01,WY
2016-05-01,WY
2016-06-01,WY
2016-07-01,WY
2016-08-01,WY
2016-09-01,WY
2016-10-01,WY
2016-11-01,WY
2016-12-01,WY
2017-01-01,WY
2017-02-01,WY
2017-03-01,WY
2017-04-01,WY
2017-05-01,WY
2017-06-01,WY
2017-07-01,WY
2017-08-01,WY
2017-09-01,WY
2017-10-01,WY
2017-11-01,WY
2017-12-01,WY
2018-01-01,WY
2018-02-01,WY
2018-03-01,WY
2018-04-01,WY
2018-05-01,WY
2018-06-01,WY
2018-07-01,WY
2018-08-01,WY
2018-09-01,WY
2018-10-01,WY
2018-11-01,WY
2018-12-01,WY
2019-01-01,WY
2019-02-01,WY
2019-03-01,WY
2019-04-01,WY
2019-05-01,WY
2019-06-01,WY
2019-07-01,WY
2019-08-01,WY
2019-09-01,WY
2019-10-01,WY
2019-11-01,WY
2019-12-01,WY
2020-01-01,WY
2020-02-01,WY
2020-03-01,WY
2020-04-01,WY
2020-05-01,WY
2020-06-01,WY
2020-07-01,WY
2020-08-01,WY
2020-09-01,WY
2020-10-01,WY
2020-11-01,WY
2020-12-01,WY
2021-01-01,WY
2021-02-01,WY
2021-03-01,WY
2021-04-01,WY
2021-05-01,WY
2021-06-01,WY
2021-07-01,WY
2021-08-01,WY
2021-09-01,WY
2021-10-01,WY
2021-11-01,WY
2021-12-01,WY
2022-01-01,WY
2022-02-01,WY
2022-03-01,WY
2022-04-01,WY
2022-05-01,WY
2022-06-01,WY
2022-07-01,WY
2022-08-01,WY
2022-09-01,WY
2022-10-01,WY
2022-11-01,WY
2022-12-01,WY
