Time,Cases1,Cases2,Cases3,Cases4,Cases5,Hosp1,Hosp2,Deaths1,Deaths2,Deaths3,Deaths4,Deaths5,Vax1,Vax3,Gather1,Gather2,Gather3,Gather4,Curfew,Mask1,Mask2,School,ARP,PPP,CARES,Cons1,Cons2,Cons3,Cons4,Cons5,Employment1,Employment2,UI,PartR,CPI,PCE,PCEC,RPFI,FixAss,Prod,GDP,TBill1mo,TBill6mo,TBill1yr,TBill5yr,TBill10yr,TBill30yr,FFR
2012-03-01,0.49530974893645374,0.18496831920835885,0.48273612534395155,0.3702823021590275,0.27178321220140467,0.5658442403670516,0.3504275761558101,0.818221718298526,0.8269867219586109,0.4302109789922408,0.5172690763052178,0.4319066147859912,0.015503875968992246,0.03036876355748373,0.040169133192389,0.24401913875598089,0.5452261306532663,0.8118811881188118,0.7620414776648909,0.720447196920165,0.8862184173911501,1.0,0.4634146341463415,0.0,0.0,0.49999999999999994,0.5447739294632139,0.5307818671826587,0.530802606306213,0.530802606306213,0.598096381319249,0.5654343418199976,0.0079961546901387,0.0,0.5,0.5,0.5,0.5,0.5,0.5,0.4898555265684134,0.0343915343915344,0.0,0.0,0.0,0.0,0.0,0.0
2012-04-01,0.5823123717739029,0.17766831209423684,0.5221500747212172,0.3933788030933143,0.31549586185834844,0.6003472324441594,0.394195620502265,0.8067005595991368,0.821284740220902,0.41367091940953865,0.5028112449799159,0.39911061700945016,0.01808785529715762,0.03036876355748373,0.03805496828752642,0.21291866028708137,0.5150753768844221,0.7871287128712872,0.7641244127192632,0.7263161270027537,0.8862184173911501,1.0,0.4573170731707317,0.0,0.0,0.49999999999999994,0.5447739294632139,0.5307818671826587,0.530802606306213,0.530802606306213,0.598096381319249,0.5654343418199976,0.0079961546901387,0.0,0.5,0.5,0.5,0.5,0.5,0.5,0.46901243133422943,0.03703703703703705,0.0,0.0,0.0,0.0,0.0,0.0
2012-05-01,0.6167382724146988,0.17947552856778953,0.6856487707966159,0.4895423362133534,0.49710404272249964,0.7433149446637594,0.5761527618908133,0.8229399070992283,0.8222815901750469,0.26953588374852383,0.4626506024096368,0.2640355753196258,0.01808785529715762,0.03253796095444685,0.040169133192389,0.18181818181818185,0.4522613065326633,0.7252475247524752,0.7680740229295644,0.7321987466597641,0.8862184173911501,0.9984251968503937,0.451219512195122,0.0,0.0,0.49999999999999994,0.5447739294632139,0.5307818671826587,0.530802606306213,0.530802606306213,0.598096381319249,0.5654343418199976,0.0079961546901387,0.0,0.5,0.5,0.5,0.5,0.5,0.5,0.2832134236445018,0.04232804232804233,0.0,0.0,0.0,0.0,0.0,0.0
2012-06-01,0.6080250389322058,0.2006641377110427,0.644168898076979,0.4651670710727188,0.4510466906300964,0.7070341061168838,0.530014148214946,0.8184777440474013,0.8208461262410782,0.3176371158872454,0.4642570281124557,0.29849916620344075,0.012919896640826873,0.03253796095444685,0.040169133192389,0.16985645933014354,0.40703517587939697,0.6683168316831684,0.7715581046854392,0.7380950558911964,0.8862184173911501,0.9968503937007873,0.4451219512195122,0.0,0.0,0.49999999999999994,0.5447739294632139,0.5307818671826587,0.530802606306213,0.530802606306213,0.598096381319249,0.5654343418199976,0.0079961546901387,0.0,0.5,0.5,0.5,0.5,0.5,0.5,0.3450898129961927,0.04232804232804233,0.0,0.0,0.0,0.0,0.0,0.0
2012-07-01,0.5608728238648193,0.2019940195477713,0.5859074230450965,0.43086260466600385,0.38630274144723487,0.6561054933369808,0.4651332629971179,0.80809041366446,0.8237968021053471,0.3606751413889343,0.4642570281124443,0.3463035019455266,0.01808785529715762,0.03253796095444685,0.040169133192389,0.14832535885167467,0.3844221105527638,0.6410891089108911,0.7728884780357923,0.7380675148047146,0.8862184173911501,0.9952755905511811,0.4451219512195122,0.0,0.0,0.49999999999999994,0.5447739294632139,0.5307818671826587,0.530802606306213,0.530802606306213,0.598096381319249,0.5654343418199976,0.0079961546901387,0.0,0.5,0.5,0.5,0.5,0.5,0.5,0.40712714074421674,0.04232804232804233,0.0,0.0,0.0,0.0,0.0,0.0
2012-08-01,0.5180694659923516,0.1891633563050627,0.3828408885829345,0.3111351710909982,0.16051528178554614,0.4786698365009408,0.23881410196775596,0.8116747741487144,0.8250328960484868,0.5736708717261573,0.43212851405622554,0.5125069483046181,0.02325581395348837,0.03036876355748373,0.03805496828752642,0.16985645933014354,0.42211055276381904,0.6856435643564356,0.7719026030989363,0.7380395944521531,0.8862184173911501,0.9952755905511811,0.4390243902439025,0.0,0.0,0.49999999999999994,0.5447739294632139,0.5307818671826587,0.530802606306213,0.530802606306213,0.598096381319249,0.5654343418199976,0.0079961546901387,0.0,0.5,0.5,0.5,0.5,0.5,0.5,0.6544999908956352,0.0343915343915344,0.0,0.0,0.0,0.0,0.0,0.0
2012-09-01,0.522619844689523,0.19122874656055147,0.40402411146011363,0.3234807508486672,0.1839557083361138,0.4972441304741131,0.26226146796580235,0.839252404813284,0.8252322660393158,0.5346835499697278,0.48112449799196316,0.49527515286270263,0.020671834625322995,0.03036876355748373,0.03805496828752642,0.16028708133971295,0.43216080402010043,0.7128712871287128,0.7711592847159039,0.7380112949182073,0.8862184173911501,0.9937007874015749,0.4390243902439025,0.0,0.0,0.49999999999999994,0.5447739294632139,0.5307818671826587,0.530802606306213,0.530802606306213,0.598096381319249,0.5654343418199976,0.0079961546901387,0.0,0.5,0.5,0.5,0.5,0.5,0.5,0.6120910821344223,0.03703703703703705,0.0,0.0,0.0,0.0,0.0,0.0
2012-10-01,0.49022031280776124,0.2024082450378999,0.4081840210224031,0.3258015994145987,0.18847764277801038,0.5009383042127246,0.26674986831176556,0.8258659156578033,0.8243151640815025,0.45468355458425286,0.5759036144578348,0.4919399666481389,0.02842377260981912,0.03253796095444685,0.03805496828752642,0.16985645933014354,0.4396984924623115,0.7178217821782178,0.7688761869486839,0.7405032418598179,0.8862184173911501,0.9937007874015749,0.4390243902439025,0.0,0.0,0.49999999999999994,0.5447739294632139,0.5307818671826587,0.530802606306213,0.530802606306213,0.598096381319249,0.5654343418199976,0.0079961546901387,0.0,0.5,0.5,0.5,0.5,0.5,0.5,0.5090766294747028,0.04232804232804233,0.0,0.0,0.0,0.0,0.0,0.0
2012-11-01,0.542031699162418,0.20215236613402543,0.654455991800306,0.47109390419584907,0.4623762075532065,0.7160850598640321,0.5413239548702841,0.8081269887714422,0.8244746600741657,0.28388189224908494,0.4690763052208783,0.2884936075597495,0.031007751937984492,0.03036876355748373,0.03805496828752642,0.16028708133971295,0.414572864321608,0.693069306930693,0.7693850414429043,0.7429723622853635,0.8862184173911501,0.9937007874015749,0.4451219512195122,0.0,0.0,0.49999999999999994,0.5447739294632139,0.5307818671826587,0.530802606306213,0.530802606306213,0.598096381319249,0.5654343418199976,0.0079961546901387,0.0,0.5,0.5,0.5,0.5,0.5,0.5,0.30472564197226726,0.04232804232804233,0.0,0.0,0.0,0.0,0.0,0.0
2012-12-01,0.5346861661947075,0.22010978696646952,0.6195394214355505,0.45049413553997497,0.4235426073383769,0.6855815059309475,0.5023945286776748,0.81160162393475,0.8275848319310978,0.3448101478246569,0.440160642570286,0.31739855475264594,0.010335917312661497,0.02603036876355748,0.03382663847780126,0.1674641148325359,0.43216080402010043,0.7128712871287128,0.7694862776116349,0.7454186561101486,0.8862184173911501,0.9937007874015749,0.451219512195122,0.0,0.0,0.49999999999999994,0.5447739294632139,0.5307818671826587,0.530802606306213,0.530802606306213,0.598096381319249,0.5654343418199976,0.0079961546901387,0.0,0.5,0.5,0.5,0.5,0.5,0.5,0.38644503043538864,0.04232804232804233,0.0,0.0,0.0,0.0,0.0,0.0
2013-01-01,0.6114985379134967,0.22312640417851395,0.48131012626320757,0.4002602805433176,0.19286201914693027,0.579159301276142,0.312545813536315,0.8103214951903734,0.8255512580246421,0.42683545662842204,0.5477911646586291,0.43413007226236966,0.012919896640826873,0.023861171366594356,0.03171247357293869,0.19377990430622014,0.4798994974874371,0.7623762376237624,0.7731757145313348,0.7516375262300332,0.8975974618704526,0.9921259842519685,0.4573170731707317,0.0,0.0,0.49999999999999994,0.5447739294632139,0.5307818671826587,0.530802606306213,0.530802606306213,0.598096381319249,0.5654343418199976,0.0079961546901387,0.0,0.5,0.5,0.5,0.5,0.5,0.5,0.488572451107093,0.03703703703703705,0.0,0.0,0.0,0.0,0.0,0.0
2013-02-01,0.5863996257823508,0.19605028536808694,0.36306702892883563,0.3300107136777454,0.061710641487743995,0.47587354336532356,0.18068127769332243,0.8142716067444496,0.829100043861398,0.5618565434527971,0.4787148594377576,0.5314063368538073,0.020671834625322995,0.02603036876355748,0.03382663847780126,0.20334928229665072,0.4974874371859296,0.7846534653465347,0.7755234602737596,0.7578786737008956,0.8975974618704526,0.9921259842519685,0.4634146341463415,0.0,0.0,0.49999999999999994,0.5447739294632139,0.5307818671826587,0.530802606306213,0.530802606306213,0.598096381319249,0.5654343418199976,0.0079961546901387,0.0,0.5,0.5,0.5,0.5,0.5,0.5,0.6306631223540836,0.03968253968253969,0.0,0.0,0.0,0.0,0.0,0.0
2013-03-01,0.6574740359132609,0.1877267626384672,0.7016381704638335,0.5304496608849277,0.43803648910903425,0.7715578205873193,0.5584019099847839,0.8100288943345159,0.8237569281071814,0.23898732944729356,0.4562248995983839,0.2523624235686447,0.020671834625322995,0.023861171366594356,0.03171247357293869,0.19617224880382775,0.4924623115577889,0.7821782178217822,0.7817358858012843,0.7641420983533447,0.8975974618704526,0.9921259842519685,0.4634146341463415,0.0,0.0,0.49999999999999994,0.5447739294632139,0.5307818671826587,0.530802606306213,0.530802606306213,0.598096381319249,0.5654343418199976,0.0079961546901387,0.0,0.5,0.5,0.5,0.5,0.5,0.5,0.2644921257929878,0.03703703703703705,0.0,0.0,0.0,0.0,0.0,0.0
2013-04-01,0.5582367945865989,0.18034528735315647,0.6656383299013914,0.509206923295261,0.3979443330486736,0.7401238562791461,0.518224968919547,0.8233788083830145,0.8254316360301448,0.2676793464484213,0.4441767068273105,0.28237909949972645,0.012919896640826873,0.01952277657266811,0.025369978858350947,0.16985645933014354,0.4422110552763819,0.7252475247524752,0.7847726574514216,0.7654733898800425,0.8975974618704526,0.9937007874015749,0.4634146341463415,0.0,0.0,0.49999999999999994,0.5447739294632139,0.5307818671826587,0.530802606306213,0.530802606306213,0.598096381319249,0.5654343418199976,0.0079961546901387,0.0,0.5,0.5,0.5,0.5,0.5,0.5,0.2845791550208805,0.03968253968253969,0.0,0.0,0.0,0.0,0.0,0.0
2013-05-01,0.5374815364794847,0.17984844625280832,0.5671612736579886,0.45072576012017207,0.2886886566992762,0.6541058888599793,0.4083982974621557,0.820745400680297,0.8265481079787871,0.36573842493466246,0.4690763052208897,0.3629794330183454,0.005167958656330749,0.017353579175704986,0.025369978858350947,0.20095693779904308,0.4849246231155778,0.7698019801980198,0.786677240140486,0.7668007571292645,0.8975974618704526,0.9937007874015749,0.4634146341463415,0.0,0.0,0.49999999999999994,0.5447739294632139,0.5307818671826587,0.530802606306213,0.530802606306213,0.598096381319249,0.5654343418199976,0.0079961546901387,0.0,0.5,0.5,0.5,0.5,0.5,0.5,0.406835582959781,0.029100529100529106,0.0,0.0,0.0,0.0,0.0,0.0
2013-06-01,0.515780359439062,0.20010762978109156,0.4635074657298521,0.3889364187962047,0.1739511600846466,0.5635467483985669,0.29284653888580836,0.8159906367726125,0.8250727700466526,0.44270045019270493,0.5148594377510008,0.44747081712061676,0.007751937984496123,0.01952277657266811,0.02959830866807611,0.28708133971291866,0.5778894472361809,0.8415841584158416,0.7873892102640623,0.7681242001010107,0.8975974618704526,0.9937007874015749,0.4634146341463415,0.0,0.0,0.49999999999999994,0.5447739294632139,0.5307818671826587,0.530802606306213,0.530802606306213,0.598096381319249,0.5654343418199976,0.0079961546901387,0.0,0.5,0.5,0.5,0.5,0.5,0.5,0.48826749926619073,0.02380952380952381,0.0,0.0,0.0,0.0,0.0,0.0
2013-07-01,0.5861947299239826,0.200761670028663,0.5258301738460791,0.4258688411470344,0.24318279459445147,0.6179780501335512,0.3623681827876791,0.8214037526059763,0.822839826149368,0.4263290898195059,0.48514056224898766,0.396331295163983,0.005167958656330749,0.015184381778741865,0.025369978858350947,0.3349282296650718,0.6482412060301507,0.8935643564356436,0.7897128495132713,0.7726892757374106,0.8975974618704526,0.9937007874015749,0.4634146341463415,0.0,0.0,0.49999999999999994,0.5447739294632139,0.5307818671826587,0.530802606306213,0.530802606306213,0.598096381319249,0.5654343418199976,0.0079961546901387,0.0,0.5,0.5,0.5,0.5,0.5,0.5,0.4880507891371031,0.02380952380952381,0.0,0.0,0.0,0.0,0.0,0.0
2013-08-01,0.5817877997783651,0.18833375788577472,0.5051860366035142,0.41341582700381774,0.2204952891828021,0.5999297479896301,0.3393846999255067,0.8139790058885922,0.8277044539255952,0.44337555466547196,0.47630522088354066,0.4130072262368018,0.010335917312661497,0.015184381778741865,0.02748414376321353,0.3636363636363637,0.6884422110552764,0.9306930693069306,0.7917978513301459,0.7772560461291153,0.8975974618704526,0.9937007874015749,0.4634146341463415,0.0,0.0,0.49999999999999994,0.5447739294632139,0.5307818671826587,0.530802606306213,0.530802606306213,0.598096381319249,0.5654343418199976,0.0079961546901387,0.0,0.5,0.5,0.5,0.5,0.5,0.5,0.508087151477284,0.021164021164021166,0.0,0.0,0.0,0.0,0.0,0.0
2013-09-01,0.5982943841653,0.18969117825924317,0.5838319693945992,0.46026432660348593,0.30758808766066154,0.6686375177263237,0.4270649236865446,0.8150762590980578,0.8253120140356474,0.36438821598913385,0.47309236947791417,0.34852695942189715,0.005167958656330749,0.008676789587852493,0.025369978858350947,0.38277511961722493,0.7060301507537688,0.9381188118811881,0.7947845021514091,0.7818245111067339,0.8975974618704526,0.9921259842519685,0.4573170731707317,0.0,0.0,0.49999999999999994,0.5447739294632139,0.5307818671826587,0.530802606306213,0.530802606306213,0.598096381319249,0.5654343418199976,0.0079961546901387,0.0,0.5,0.5,0.5,0.5,0.5,0.5,0.38644503043538864,0.021164021164021166,0.0,0.0,0.0,0.0,0.0,0.0
2013-10-01,0.6001653360454914,0.19995616782902237,0.49377631937399685,0.4063292379526762,0.20818429351822604,0.5899378193355461,0.3267241702347888,0.779488680004389,0.826747477969616,0.37063289390784976,0.55502008032128,0.4219010561422999,0.02842377260981912,0.017353579175704986,0.025369978858350947,0.32775119617224885,0.6582914572864321,0.9108910891089109,0.7976803384013184,0.7864355058035702,0.8975974618704526,0.9905511811023622,0.4451219512195122,0.0,0.0,0.49999999999999994,0.5447739294632139,0.5307818671826587,0.530802606306213,0.530802606306213,0.598096381319249,0.5654343418199976,0.0079961546901387,0.0,0.5,0.5,0.5,0.5,0.5,0.5,0.4269236247433059,0.02380952380952381,0.0,0.0,0.0,0.0,0.0,0.0
2013-11-01,0.6018383637790004,0.20389762089991345,0.5023841485961886,0.4113132286906864,0.21787717909587367,0.5974460214409424,0.3363504496087868,0.8461651000329176,0.8289405478687348,0.42227850143727325,0.5253012048192782,0.4146748193440837,0.012919896640826873,0.021691973969631236,0.025369978858350947,0.32775119617224885,0.6834170854271356,0.9405940594059405,0.8006771995904113,0.7910562295477135,0.8975974618704526,0.9889763779527558,0.4329268292682927,0.0,0.0,0.49999999999999994,0.5447739294632139,0.5307818671826587,0.530802606306213,0.530802606306213,0.598096381319249,0.5654343418199976,0.0079961546901387,0.0,0.5,0.5,0.5,0.5,0.5,0.5,0.4672993994296326,0.021164021164021166,0.0,0.0,0.0,0.0,0.0,0.0
2013-12-01,0.5952835850078608,0.22014535757642514,0.47224433558720535,0.3930715415330057,0.18482193515150347,0.5710910251626926,0.3028077864525376,0.8226473062433708,0.8201283942740939,0.45400845011149127,0.49317269076304804,0.4391328515842153,0.005167958656330749,0.021691973969631236,0.02748414376321353,0.37799043062200965,0.728643216080402,0.9628712871287128,0.8033269592957114,0.7956866822544688,0.8975974618704526,0.9874015748031496,0.4207317073170732,0.0,0.0,0.49999999999999994,0.5447739294632139,0.5307818671826587,0.530802606306213,0.530802606306213,0.598096381319249,0.5654343418199976,0.0079961546901387,0.0,0.5,0.5,0.5,0.5,0.5,0.5,0.5074704493765487,0.02380952380952381,0.0,0.0,0.0,0.0,0.0,0.0
2014-01-01,0.5251018449496588,0.22563470589990198,0.4774382346621728,0.38549602724065013,0.22148998038807366,0.5694276277593204,0.3240544131961042,0.8253172890530704,0.8253120140356474,0.44556964420194434,0.45622489959839535,0.43413007226236966,0.005167958656330749,0.015184381778741865,0.025369978858350947,0.39473684210526316,0.7185929648241205,0.9331683168316831,0.8050535373354072,0.7989045635290981,0.9247511941793174,0.9874015748031496,0.4024390243902439,0.0,0.0,0.49999999999999994,0.5447739294632139,0.5307818671826587,0.530802606306213,0.530802606306213,0.598096381319249,0.5654343418199976,0.0079961546901387,0.0,0.5,0.5,0.5,0.5,0.5,0.5,0.5071643687139576,0.018518518518518524,0.0,0.0,0.0,0.0,0.0,0.0
2014-02-01,0.544440214989513,0.19607552902676514,0.5681658631145485,0.4398794380644298,0.3215619604947684,0.6487246020877339,0.4251188808122057,0.8111261475439815,0.8241556680888393,0.39324893219976476,0.43212851405622554,0.3596442468037737,0.012919896640826873,0.017353579175704986,0.025369978858350947,0.3636363636363637,0.6809045226130652,0.905940594059406,0.8078336967337841,0.8021261483649453,0.9247511941793174,0.9874015748031496,0.39024390243902446,0.0,0.0,0.49999999999999994,0.5447739294632139,0.5307818671826587,0.530802606306213,0.530802606306213,0.598096381319249,0.5654343418199976,0.0079961546901387,0.0,0.5,0.5,0.5,0.5,0.5,0.5,0.42661706933130766,0.018518518518518524,0.0,0.0,0.0,0.0,0.0,0.0
2014-03-01,0.523579599862589,0.1864565476313416,0.46947328380139525,0.380451716362211,0.21287966697785604,0.562479348833254,0.3151491573554995,0.8305109542445411,0.829100043861398,0.430717345801157,0.5381526104417611,0.4402445803224085,0.012919896640826873,0.017353579175704986,0.02748414376321353,0.3923444976076555,0.6834170854271356,0.8960396039603961,0.8094680948827778,0.8053514370160966,0.9247511941793174,0.9858267716535433,0.37804878048780494,0.0,0.0,0.49999999999999994,0.5447739294632139,0.5307818671826587,0.530802606306213,0.530802606306213,0.598096381319249,0.5654343418199976,0.0079961546901387,0.0,0.5,0.5,0.5,0.5,0.5,0.5,0.48672750752784855,0.021164021164021166,0.0,0.0,0.0,0.0,0.0,0.0
2014-04-01,0.6221614022557513,0.17689838050455187,0.4733613750702948,0.38263356417386457,0.21726458788302935,0.5658848436213446,0.3194621415360554,0.8124062762883582,0.8304158858008693,0.42379744804664726,0.5381526104417725,0.4369093941078368,0.005167958656330749,0.010845986984815618,0.02325581395348837,0.40669856459330145,0.6809045226130652,0.8712871287128713,0.811578911523646,0.8138150322191997,0.9247511941793174,0.9858267716535433,0.3658536585365854,0.0,0.0,0.49999999999999994,0.5447739294632139,0.5307818671826587,0.530802606306213,0.530802606306213,0.598096381319249,0.5654343418199976,0.0079961546901387,0.0,0.5,0.5,0.5,0.5,0.5,0.5,0.4865172962337585,0.02380952380952381,0.0,0.0,0.0,0.0,0.0,0.0
2014-05-01,0.6250277118196892,0.181350443944161,0.48806770368687574,0.3913447336704184,0.23355297431321392,0.5787434177254364,0.3358313519902799,0.8174902161588823,0.8260696200007975,0.4254852476828989,0.5277108433734952,0.42468037798776703,0.007751937984496123,0.010845986984815618,0.021141649048625793,0.38038277511961727,0.6432160804020101,0.8391089108910891,0.8138620747982941,0.8222969470411149,0.9247511941793174,0.9874015748031496,0.35975609756097565,0.0,0.0,0.49999999999999994,0.5447739294632139,0.5307818671826587,0.530802606306213,0.530802606306213,0.598096381319249,0.5654343418199976,0.0079961546901387,0.0,0.5,0.5,0.5,0.5,0.5,0.5,0.4663520639259441,0.02380952380952381,0.0,0.0,0.0,0.0,0.0,0.0
2014-06-01,0.6336047070029551,0.19925967233731032,0.5291462988881354,0.41599473082313876,0.2788449558355293,0.6146452614548125,0.3815934133204826,0.8271460444021799,0.8312133657641853,0.40236288103641005,0.47710843373493866,0.39077265147304074,0.005167958656330749,0.01301518438177874,0.021141649048625793,0.40191387559808617,0.6532663316582914,0.8465346534653465,0.8166271446809982,0.8307971816512328,0.9247511941793174,0.9874015748031496,0.3536585365853659,0.0,0.0,0.49999999999999994,0.5447739294632139,0.5307818671826587,0.530802606306213,0.530802606306213,0.598096381319249,0.5654343418199976,0.0079961546901387,0.0,0.5,0.5,0.5,0.5,0.5,0.5,0.44628767841617856,0.02645502645502646,0.0,0.0,0.0,0.0,0.0,0.0
2014-07-01,0.6142547285169933,0.20046333588064796,0.5024946935919304,0.399809797740195,0.24958423043576874,0.5913616860855685,0.3518798309751977,0.8172707655169891,0.8276645799274294,0.3945991795996356,0.5333333333333272,0.4124513618677052,0.005167958656330749,0.01301518438177874,0.02325581395348837,0.40669856459330145,0.6381909547738693,0.8242574257425742,0.818935499481695,0.8369657218580315,0.9247511941793174,0.9889763779527558,0.34756097560975613,0.0,0.0,0.49999999999999994,0.5447739294632139,0.5307818671826587,0.530802606306213,0.530802606306213,0.598096381319249,0.5654343418199976,0.0079961546901387,0.0,0.5,0.5,0.5,0.5,0.5,0.5,0.446212758943782,0.02380952380952381,0.0,0.0,0.0,0.0,0.0,0.0
2014-08-01,0.638678464464925,0.18967740899087324,0.6161565002370387,0.46840142673968943,0.3746536159187718,0.6906808843606559,0.4785475113566273,0.8165026882703632,0.8252322660393158,0.3431223866427475,0.41285140562248973,0.3190661478599278,0.007751937984496123,0.010845986984815618,0.02325581395348837,0.3899521531100479,0.6080402010050251,0.7920792079207921,0.8225797169637747,0.8431453031288504,0.9247511941793174,0.9905511811023622,0.34146341463414637,0.0,0.0,0.49999999999999994,0.5447739294632139,0.5307818671826587,0.530802606306213,0.530802606306213,0.598096381319249,0.5654343418199976,0.0079961546901387,0.0,0.5,0.5,0.5,0.5,0.5,0.5,0.38644503043538864,0.02380952380952381,0.0,0.0,0.0,0.0,0.0,0.0
2014-09-01,0.6329368092967403,0.18914155496347698,0.5896562461276585,0.45237684230429925,0.34551470920916433,0.6675261933699844,0.4490109916870902,0.8207819757872792,0.8301367678137087,0.35240507314324365,0.4843373493975896,0.34074485825458434,0.0025839793281653744,0.008676789587852493,0.02325581395348837,0.42344497607655507,0.6356783919597989,0.8069306930693069,0.8259182160322133,0.8493359256330802,0.9247511941793174,0.9921259842519685,0.3353658536585366,0.0,0.0,0.49999999999999994,0.5447739294632139,0.5307818671826587,0.530802606306213,0.530802606306213,0.598096381319249,0.5654343418199976,0.0079961546901387,0.0,0.5,0.5,0.5,0.5,0.5,0.5,0.38644503043538864,0.02380952380952381,0.0,0.0,0.0,0.0,0.0,0.0
2014-10-01,0.5674461217093768,0.1978138991584682,0.6250497162172295,0.47379227664587775,0.3844238072869799,0.698450720947112,0.4884612679274065,0.8354485936871365,0.8276247059292636,0.34160340157903124,0.45622489959839535,0.3118399110617037,0.005167958656330749,0.010845986984815618,0.021141649048625793,0.37081339712918665,0.5778894472361809,0.7524752475247525,0.8283946528091722,0.8521976914734353,0.9247511941793174,0.9921259842519685,0.3292682926829269,0.0,0.0,0.49999999999999994,0.5447739294632139,0.5307818671826587,0.530802606306213,0.530802606306213,0.598096381319249,0.5654343418199976,0.0079961546901387,0.0,0.5,0.5,0.5,0.5,0.5,0.5,0.366530751947438,0.02380952380952381,0.0,0.0,0.0,0.0,0.0,0.0
2014-11-01,0.575329416841635,0.20303015699260818,0.6614581567928943,0.4958817779313513,0.42440984842386736,0.7302591385982636,0.529050140538945,0.8108701217951062,0.829299413852227,0.2740928389396726,0.4706827309236858,0.28237909949971857,0.010335917312661497,0.015184381778741865,0.02748414376321353,0.38755980861244027,0.5854271356783919,0.7524752475247525,0.8312967193601604,0.8550560932118061,0.9247511941793174,0.9921259842519685,0.3231707317073171,0.0,0.0,0.49999999999999994,0.5447739294632139,0.5307818671826587,0.530802606306213,0.530802606306213,0.598096381319249,0.5654343418199976,0.0079961546901387,0.0,0.5,0.5,0.5,0.5,0.5,0.5,0.30670483289101214,0.02380952380952381,0.0,0.0,0.0,0.0,0.0,0.0
2014-12-01,0.5871644649566907,0.21665599548367995,0.7162324560380117,0.5291741873911637,0.48452749144085727,0.7781100484787034,0.5901209549878383,0.8194286968289382,0.8290202958650664,0.22616034446479094,0.4594377510040218,0.23846581434130099,0.007751937984496123,0.023861171366594356,0.04439746300211416,0.3923444976076555,0.5552763819095476,0.7004950495049505,0.8348406832605952,0.8579111316951467,0.9247511941793174,0.9905511811023622,0.3170731707317074,0.0,0.0,0.49999999999999994,0.5447739294632139,0.5307818671826587,0.530802606306213,0.530802606306213,0.598096381319249,0.5654343418199976,0.0079961546901387,0.0,0.5,0.5,0.5,0.5,0.5,0.5,0.24657836823237916,0.03174603174603175,0.0,0.0,0.0,0.0,0.0,0.0
2015-01-01,0.6007361526913435,0.2225526846631004,0.9303896268623044,0.7180531486321045,0.5470700402893076,1.0,0.7421833884897358,0.8310961559562562,0.8257905020136369,0.09552743671338254,0.3646586345381502,0.062256809338526176,0.005167958656330749,0.017353579175704986,0.042283298097251586,0.32775119617224885,0.47236180904522607,0.6089108910891089,0.8376429049749594,0.8559022952918047,0.9172183376314926,0.9889763779527558,0.3170731707317074,0.0,0.0,0.49999999999999994,0.5447739294632139,0.5307818671826587,0.530802606306213,0.530802606306213,0.598096381319249,0.5654343418199976,0.0079961546901387,0.0,0.5,0.5,0.5,0.5,0.5,0.5,0.06520263862566872,0.029100529100529106,0.0,0.0,0.0,0.0,0.0,0.0
2015-02-01,0.5041377848692745,0.1955408224383997,0.48350379356948864,0.4465943542722059,0.05692661531996393,0.6094678510141468,0.24425525333045875,0.8080538385574777,0.8286215558834085,0.4499578232749109,0.4650602409638538,0.420233463035018,0.005167958656330749,0.015184381778741865,0.04651162790697674,0.3516746411483254,0.4974874371859296,0.6361386138613861,0.8351864530963216,0.8538881671187756,0.9172183376314926,0.9874015748031496,0.3170731707317074,0.0,0.0,0.49999999999999994,0.5447739294632139,0.5307818671826587,0.530802606306213,0.530802606306213,0.598096381319249,0.5654343418199976,0.0079961546901387,0.0,0.5,0.5,0.5,0.5,0.5,0.5,0.5071643687139576,0.029100529100529106,0.0,0.0,0.0,0.0,0.0,0.0
2015-03-01,0.500076174558956,0.19494185926430796,0.46382138234174997,0.4342524879823275,0.036119644089616876,0.5921376442585446,0.22264819226286742,0.8147470831352182,0.8217632281988916,0.4565400918843499,0.5100401606425669,0.43579766536965153,0.005167958656330749,0.023861171366594356,0.05285412262156448,0.3636363636363637,0.5125628140703518,0.650990099009901,0.8325003004421233,0.851868747176059,0.9172183376314926,0.9874015748031496,0.3170731707317074,0.0,0.0,0.49999999999999994,0.5447739294632139,0.5307818671826587,0.530802606306213,0.530802606306213,0.598096381319249,0.5654343418199976,0.0079961546901387,0.0,0.5,0.5,0.5,0.5,0.5,0.5,0.5268995464237676,0.029100529100529106,0.0,0.0,0.0,0.0,0.0,0.0
2015-04-01,0.5741139130826854,0.17373030134043826,0.5457674247141379,0.4840460473861906,0.12596591579546373,0.6637553538625329,0.3139406823185771,0.8257196152298745,0.8290601698632323,0.39105488111762915,0.5228915662650613,0.3702056698165616,0.005167958656330749,0.01952277657266811,0.04862579281183932,0.32296650717703357,0.4874371859296482,0.6410891089108911,0.8328519413132759,0.8536238479658376,0.9172183376314926,0.9874015748031496,0.31097560975609756,0.0,0.0,0.49999999999999994,0.5447739294632139,0.5307818671826587,0.530802606306213,0.530802606306213,0.598096381319249,0.5654343418199976,0.0079961546901387,0.0,0.5,0.5,0.5,0.5,0.5,0.5,0.42649910361680954,0.03174603174603175,0.0,0.0,0.0,0.0,0.0,0.0
2015-05-01,0.5491059628763685,0.18731827434349274,0.42934593119043113,0.4124737099229682,0.0,0.5617281468857319,0.18493643657445857,0.8229033319922461,0.83145260975318,0.4810126674763619,0.48514056224899904,0.4630350194552582,0.0025839793281653744,0.017353579175704986,0.050739957716701894,0.368421052631579,0.5527638190954773,0.7326732673267327,0.8318514822991905,0.8553749977143884,0.9172183376314926,0.9858267716535433,0.30487804878048785,0.0,0.0,0.49999999999999994,0.5447739294632139,0.5307818671826587,0.530802606306213,0.530802606306213,0.598096381319249,0.5654343418199976,0.0079961546901387,0.0,0.5,0.5,0.5,0.5,0.5,0.5,0.5463261569997493,0.03174603174603175,0.0,0.0,0.0,0.0,0.0,0.0
2015-06-01,0.5559171274057177,0.20089821527333143,0.4612303308861797,0.4316197889553146,0.03541977792797135,0.5895171588602031,0.22064864037217882,0.8116747741487144,0.8241556680888393,0.46025316648454945,0.48273092369477066,0.4374652584769255,0.0025839793281653744,0.01952277657266811,0.05919661733615222,0.40191387559808617,0.5929648241206029,0.7698019801980198,0.8312228910160012,0.8571221972686655,0.9172183376314926,0.9858267716535433,0.2987804878048781,0.0,0.0,0.49999999999999994,0.5447739294632139,0.5307818671826587,0.530802606306213,0.530802606306213,0.598096381319249,0.5654343418199976,0.0079961546901387,0.0,0.5,0.5,0.5,0.5,0.5,0.5,0.5259031143216174,0.0343915343915344,0.0,0.0,0.0,0.0,0.0,0.0
2015-07-01,0.5321924365966075,0.19934228794752987,0.5408637518267864,0.48031751158872715,0.12210453005120471,0.6592178084481999,0.3091054073119201,0.8122234007534471,0.829698153833885,0.41316455260062246,0.4554216867469859,0.3735408560311333,0.007751937984496123,0.02603036876355748,0.06342494714587738,0.3899521531100479,0.5829145728643215,0.7599009900990099,0.8307123946917181,0.8579852935435991,0.9172183376314926,0.984251968503937,0.29268292682926833,0.0,0.0,0.49999999999999994,0.5447739294632139,0.5307818671826587,0.530802606306213,0.530802606306213,0.598096381319249,0.5654343418199976,0.0079961546901387,0.0,0.5,0.5,0.5,0.5,0.5,0.5,0.4460882639121812,0.0343915343915344,0.0,0.0,0.0,0.0,0.0,0.0
2015-08-01,0.5447030624175487,0.1927754943741064,0.5991010175052638,0.516121976464957,0.18511214865104933,0.7102553225622573,0.3736352446445029,0.8245492118064445,0.8235974321145182,0.34936710301581114,0.4425702811245029,0.32684824902723275,0.010335917312661497,0.04772234273318871,0.080338266384778,0.368421052631579,0.5452261306532663,0.7079207920792079,0.8308710327142329,0.8588398931742458,0.9172183376314926,0.9826771653543307,0.29268292682926833,0.0,0.0,0.49999999999999994,0.5447739294632139,0.5307818671826587,0.530802606306213,0.530802606306213,0.598096381319249,0.5654343418199976,0.0079961546901387,0.0,0.5,0.5,0.5,0.5,0.5,0.5,0.38644503043538864,0.03703703703703705,0.0,0.0,0.0,0.0,0.0,0.0
2015-09-01,0.5676743797114833,0.19248174998221468,0.7067204427499347,0.5827152240206639,0.3006801132254762,0.8047141195601835,0.4925238822023985,0.7987271862770199,0.8233581881255234,0.2592405405388798,0.4899598393574216,0.24124513618677604,0.0025839793281653744,0.03904555314533622,0.07822410147991543,0.3564593301435407,0.5452261306532663,0.7301980198019802,0.8322628233791476,0.859685996160606,0.9172183376314926,0.9826771653543307,0.28658536585365857,0.0,0.0,0.49999999999999994,0.5447739294632139,0.5307818671826587,0.530802606306213,0.530802606306213,0.598096381319249,0.5654343418199976,0.0079961546901387,0.0,0.5,0.5,0.5,0.5,0.5,0.5,0.28699818910469443,0.03703703703703705,0.0,0.0,0.0,0.0,0.0,0.0
2015-10-01,0.5831237567420059,0.19557639304835533,0.6105798166701107,0.523377377238144,0.1971302347661546,0.7203816953763501,0.3861882106584945,0.8270728941882155,0.8307348777861957,0.3891983053631844,0.3935742971887539,0.3179544191217346,0.0025839793281653744,0.023861171366594356,0.05496828752642706,0.33253588516746413,0.5201005025125627,0.7153465346534653,0.8358482444155411,0.8607958203502564,0.9172183376314926,0.9826771653543307,0.29268292682926833,0.0,0.0,0.49999999999999994,0.5447739294632139,0.5307818671826587,0.530802606306213,0.530802606306213,0.598096381319249,0.5654343418199976,0.0079961546901387,0.0,0.5,0.5,0.5,0.5,0.5,0.5,0.42624863828929027,0.03174603174603175,0.0,0.0,0.0,0.0,0.0,0.0
2015-11-01,0.5714245961878291,0.20592514566738493,0.5557872937228048,0.48935595584187574,0.1385268459859984,0.6722504319667113,0.3257559412531017,0.8196481474708314,0.826946847960445,0.397468373608875,0.4706827309236972,0.3613118399110635,0.01808785529715762,0.07158351409978307,0.10147991543340379,0.3995215311004785,0.5678391959798994,0.75,0.838808265065157,0.8619023126221811,0.9172183376314926,0.984251968503937,0.29268292682926833,0.0,0.0,0.49999999999999994,0.5447739294632139,0.5307818671826587,0.530802606306213,0.530802606306213,0.598096381319249,0.5654343418199976,0.0079961546901387,0.0,0.5,0.5,0.5,0.5,0.5,0.5,0.4460882639121812,0.03174603174603175,0.0,0.0,0.0,0.0,0.0,0.0
2015-12-01,0.5935041628160111,0.21598589108967692,0.6591843953030151,0.553627593949569,0.2489717162700191,0.7631011735421174,0.4397361272124853,0.8360337953988515,0.8288607998724032,0.3063291544228068,0.43694779116465954,0.27959977765425137,0.04392764857881137,0.10845986984815617,0.13742071881606766,0.40669856459330145,0.5628140703517588,0.7351485148514851,0.8429702676320445,0.863005472129426,0.9172183376314926,0.9874015748031496,0.2987804878048781,0.0,0.0,0.49999999999999994,0.5447739294632139,0.5307818671826587,0.530802606306213,0.530802606306213,0.598096381319249,0.5654343418199976,0.0079961546901387,0.0,0.5,0.5,0.5,0.5,0.5,0.5,0.34669114019714875,0.0634920634920635,0.0,0.0,0.0,0.0,0.0,0.0
2016-01-01,0.507203447479888,0.22442186284431773,0.5605789763615201,0.4071125081400852,0.2187393551260925,0.6750490358252216,0.334546014452191,0.8309132804213452,0.8225607081622075,0.33113924379685733,0.5381526104417611,0.3557531962201213,0.059431524547803614,0.09327548806941431,0.11416490486257928,0.3636363636363637,0.5251256281407034,0.7079207920792079,0.8426477663259108,0.8618123898034804,0.9241574278396654,0.9889763779527558,0.30487804878048785,0.0,0.0,0.49999999999999994,0.5447739294632139,0.5307818671826587,0.530802606306213,0.530802606306213,0.598096381319249,0.5654343418199976,0.0079961546901387,0.0,0.5,0.5,0.5,0.5,0.5,0.5,0.36655568719683596,0.08994708994708997,0.0,0.0,0.0,0.0,0.0,0.0
2016-02-01,0.5247933338420735,0.1955155787797215,0.6432958564758491,0.4586324443716835,0.3067651135296711,0.7477974096001991,0.4255586323199267,0.8221718298526023,0.8264284859842896,0.29620254887701364,0.5140562248996028,0.29071706503613587,0.06718346253229973,0.09761388286334055,0.1120507399577167,0.291866028708134,0.4472361809045226,0.6485148514851485,0.8432607926384372,0.8606081700301297,0.9241574278396654,0.9905511811023622,0.30487804878048785,0.0,0.0,0.49999999999999994,0.5447739294632139,0.5307818671826587,0.530802606306213,0.530802606306213,0.598096381319249,0.5654343418199976,0.0079961546901387,0.0,0.5,0.5,0.5,0.5,0.5,0.5,0.3068045550997388,0.10052910052910055,0.0,0.0,0.0,0.0,0.0,0.0
2016-03-01,0.4794072561669684,0.18858160471643337,0.42860377449443343,0.32487296045889597,0.07879504986673147,0.5588472781600983,0.18966225414881382,0.821915804103727,0.8281829419035848,0.4751055033396845,0.5036144578313254,0.4591439688715899,0.06459948320413436,0.10195227765726679,0.13953488372093023,0.33014354066985646,0.47487437185929643,0.6633663366336634,0.8413843208600433,0.8593928128093736,0.9241574278396654,0.9921259842519685,0.30487804878048785,0.0,0.0,0.49999999999999994,0.5447739294632139,0.5307818671826587,0.530802606306213,0.530802606306213,0.598096381319249,0.5654343418199976,0.0079961546901387,0.0,0.5,0.5,0.5,0.5,0.5,0.5,0.5455932999927877,0.09523809523809525,0.0,0.0,0.0,0.0,0.0,0.0
2016-04-01,0.5606450877786353,0.17780829965599776,0.35596397140021296,0.2795621455660268,0.002353734191544693,0.4947360204382404,0.11029936803325,0.8064445338502615,0.8255512580246421,0.5034599296500892,0.5943775100401611,0.5163979988882705,0.049095607235142114,0.08026030368763556,0.11839323467230443,0.3014354066985646,0.45477386934673364,0.6485148514851485,0.8425325874197674,0.8620100189377006,0.9241574278396654,0.9905511811023622,0.30487804878048785,0.0,0.0,0.49999999999999994,0.5447739294632139,0.5307818671826587,0.530802606306213,0.530802606306213,0.598096381319249,0.5654343418199976,0.0079961546901387,0.0,0.5,0.5,0.5,0.5,0.5,0.5,0.5648549216007717,0.09788359788359789,0.0,0.0,0.0,0.0,0.0,0.0
2016-05-01,0.5885166631241793,0.19018228216443717,0.48851972172195507,0.3621286734650556,0.14335811132302148,0.6113324599764041,0.25611071961417525,0.8138327054606634,0.8197695282906018,0.4448945012748405,0.5116465863453744,0.41189549749861654,0.059431524547803614,0.09110629067245118,0.12473572938689216,0.3110047846889953,0.45477386934673364,0.650990099009901,0.8452058901696526,0.8646310702379835,0.9241574278396654,0.9905511811023622,0.30487804878048785,0.0,0.0,0.49999999999999994,0.5447739294632139,0.5307818671826587,0.530802606306213,0.530802606306213,0.598096381319249,0.5654343418199976,0.0079961546901387,0.0,0.5,0.5,0.5,0.5,0.5,0.5,0.5050156064601883,0.09788359788359789,0.0,0.0,0.0,0.0,0.0,0.0
2016-06-01,0.5817993930798555,0.19914033867810432,0.4573901386598248,0.3426947525112226,0.11080510452030214,0.5838038528173343,0.22223431277641303,0.8150396839910756,0.8279835719127557,0.46177215154826573,0.48514056224899904,0.4363535297387402,0.05684754521963824,0.08676789587852494,0.11627906976744186,0.2799043062200957,0.41206030150753764,0.6064356435643564,0.847520296768062,0.8672559692510848,0.9241574278396654,0.9889763779527558,0.30487804878048785,0.0,0.0,0.49999999999999994,0.5447739294632139,0.5307818671826587,0.530802606306213,0.530802606306213,0.598096381319249,0.5654343418199976,0.0079961546901387,0.0,0.5,0.5,0.5,0.5,0.5,0.5,0.5047218904883682,0.10052910052910055,0.0,0.0,0.0,0.0,0.0,0.0
2016-07-01,0.5711215077860398,0.19927229416664943,0.5662225666252079,0.41052543319875157,0.2260505978267356,0.6796703841187159,0.34160811971810806,0.8238177096668008,0.8324494597073249,0.3291139688329094,0.5261044176706877,0.35019455252918696,0.06718346253229973,0.08676789587852494,0.10782241014799153,0.2559808612440192,0.37688442211055273,0.551980198019802,0.8495680028468345,0.86937753525516,0.9241574278396654,0.9889763779527558,0.30487804878048785,0.0,0.0,0.49999999999999994,0.5447739294632139,0.5307818671826587,0.530802606306213,0.530802606306213,0.598096381319249,0.5654343418199976,0.0079961546901387,0.0,0.5,0.5,0.5,0.5,0.5,0.5,0.3667525437889898,0.1031746031746032,0.0,0.0,0.0,0.0,0.0,0.0
2016-08-01,0.5541843165044992,0.19395850401488915,0.486521812880786,0.3608098540992054,0.14218298794761208,0.6093260967634669,0.2545334971092629,0.8199407483266888,0.8239164240998446,0.4244725909737511,0.5413654618473875,0.41300722623679387,0.06718346253229973,0.09761388286334055,0.120507399577167,0.2703349282296651,0.39195979899497485,0.5594059405940593,0.8506888144370502,0.8714961826551471,0.9241574278396654,0.9874015748031496,0.30487804878048785,0.0,0.0,0.49999999999999994,0.5447739294632139,0.5307818671826587,0.530802606306213,0.530802606306213,0.598096381319249,0.5654343418199976,0.0079961546901387,0.0,0.5,0.5,0.5,0.5,0.5,0.5,0.46516619609263693,0.10582010582010584,0.0,0.0,0.0,0.0,0.0,0.0
2016-09-01,0.5504081873203217,0.19110138082812966,0.46876568181378037,0.34970721670672683,0.12384038138647464,0.5935648615297553,0.2353578152154546,0.8110529973300171,0.8298177758283823,0.4560337635297814,0.4803212851405537,0.42690383546415345,0.049095607235142114,0.10195227765726679,0.12473572938689216,0.2822966507177034,0.4095477386934673,0.5816831683168316,0.8515994018586293,0.8736119106040919,0.9241574278396654,0.9889763779527558,0.31097560975609756,0.0,0.0,0.49999999999999994,0.5447739294632139,0.5307818671826587,0.530802606306213,0.530802606306213,0.598096381319249,0.5654343418199976,0.0079961546901387,0.0,0.5,0.5,0.5,0.5,0.5,0.5,0.5238955135889429,0.10582010582010584,0.0,0.0,0.0,0.0,0.0,0.0
2016-10-01,0.5496470816078206,0.19630157451583807,0.433534599129536,0.3276953688583981,0.08722062556483619,0.5623509476469872,0.19716316835111897,0.8128817526791265,0.8222815901750469,0.4448945012748405,0.5084337349397594,0.4546970539188409,0.062015503875968984,0.10412147505422992,0.13953488372093023,0.3038277511961723,0.4422110552763819,0.6188118811881188,0.8520415889011944,0.8753306380998578,0.9241574278396654,0.9889763779527558,0.3170731707317074,0.0,0.0,0.49999999999999994,0.5447739294632139,0.5307818671826587,0.530802606306213,0.530802606306213,0.598096381319249,0.5654343418199976,0.0079961546901387,0.0,0.5,0.5,0.5,0.5,0.5,0.5,0.4843822270366448,0.10582010582010584,0.0,0.0,0.0,0.0,0.0,0.0
2016-11-01,0.5780896335479271,0.20227055235420063,0.5674013061263743,0.4111955946020395,0.22812291552361147,0.6804927182097018,0.34343922060013166,0.8175999414798288,0.8227600781530364,0.39763714972706815,0.4232931726907671,0.34852695942189715,0.07751937984496123,0.12581344902386116,0.15644820295983086,0.38277511961722493,0.5376884422110553,0.7079207920792079,0.8540315442360502,0.877046531686953,0.9241574278396654,0.9889763779527558,0.3231707317073171,0.0,0.0,0.49999999999999994,0.5447739294632139,0.5307818671826587,0.530802606306213,0.530802606306213,0.598096381319249,0.5654343418199976,0.0079961546901387,0.0,0.5,0.5,0.5,0.5,0.5,0.5,0.4451110629392015,0.10846560846560847,0.0,0.0,0.0,0.0,0.0,0.0
2016-12-01,0.5554873383128653,0.21975063854982063,0.46122621121930446,0.3449185985951605,0.11700128934127982,0.5866236407320315,0.22783559223057315,0.8191360959730807,0.8267076039714503,0.45265824116596265,0.49397590361445753,0.4324624791550878,0.10852713178294572,0.1388286334056399,0.18393234672304437,0.46889952153110054,0.6256281407035176,0.7698019801980198,0.854785583088683,0.8787595913653777,0.9241574278396654,0.9905511811023622,0.3231707317073171,0.0,0.0,0.49999999999999994,0.5447739294632139,0.5307818671826587,0.530802606306213,0.530802606306213,0.598096381319249,0.5654343418199976,0.0079961546901387,0.0,0.5,0.5,0.5,0.5,0.5,0.5,0.5035612152628012,0.14285714285714288,0.0,0.0,0.0,0.0,0.0,0.0
2017-01-01,0.5335331833670428,0.2146640413261641,0.3917347610015835,0.3302996113061518,0.20716614328461863,0.47293666209095514,0.2823666838139051,0.8115284737207856,0.8271860919494398,0.5151054818052563,0.6032128514056195,0.5436353529738771,0.12919896640826872,0.13449023861171366,0.17547568710359404,0.45933014354066987,0.6105527638190955,0.7475247524752475,0.8546491137519663,0.8827125932920977,0.9287037283208819,0.9905511811023622,0.3231707317073171,0.0,0.0,0.49999999999999994,0.5447739294632139,0.5307818671826587,0.530802606306213,0.530802606306213,0.598096381319249,0.5654343418199976,0.0079961546901387,0.0,0.5,0.5,0.5,0.5,0.5,0.5,0.5810025026950394,0.171957671957672,0.0,0.0,0.0,0.0,0.0,0.0
2017-02-01,0.567559097556705,0.1967215372011208,0.5516196484911697,0.4299786967286675,0.37446710000221395,0.6143283196663281,0.4563551696163395,0.8237079843458542,0.8261892419952949,0.41502112835506727,0.549397590361448,0.41634241245135767,0.12403100775193797,0.14099783080260303,0.17336152219873147,0.4545454545454546,0.6080402010050251,0.75,0.8563676810406577,0.8866661677598402,0.9287037283208819,0.9905511811023622,0.3170731707317074,0.0,0.0,0.49999999999999994,0.5447739294632139,0.5307818671826587,0.530802606306213,0.530802606306213,0.598096381319249,0.5654343418199976,0.0079961546901387,0.0,0.5,0.5,0.5,0.5,0.5,0.5,0.4640465340039597,0.17460317460317465,0.0,0.0,0.0,0.0,0.0,0.0
2017-03-01,0.6002623342697443,0.1933928165726914,0.7052774122710762,0.526004967311842,0.5355718767755858,0.7500707022816956,0.6239220705761793,0.8331077868402765,0.8231588181346944,0.33029536320590264,0.3413654618473899,0.2940522512506996,0.17054263565891473,0.193058568329718,0.21353065539112048,0.48086124401913877,0.6231155778894472,0.7623762376237624,0.8598705782085593,0.8906203147686053,0.9287037283208819,0.9921259842519685,0.31097560975609756,0.0,0.0,0.49999999999999994,0.5447739294632139,0.5307818671826587,0.530802606306213,0.530802606306213,0.598096381319249,0.5654343418199976,0.0079961546901387,0.0,0.5,0.5,0.5,0.5,0.5,0.5,0.36705649917596056,0.20899470899470904,0.0,0.0,0.0,0.0,0.0,0.0
2017-04-01,0.5495959835698406,0.17990467076531885,0.5017785441306927,0.39861966575045515,0.32191563168717513,0.5704296262843555,0.4016752972383683,0.8186606195823123,0.8258303760118028,0.4003375676181199,0.5871485943775102,0.45525291828793746,0.19379844961240308,0.20607375271149672,0.21987315010570824,0.43540669856459335,0.5778894472361809,0.7277227722772277,0.8609940937439615,0.8935864431493956,0.9287037283208819,0.9937007874015749,0.31097560975609756,0.0,0.0,0.49999999999999994,0.5447739294632139,0.5307818671826587,0.530802606306213,0.530802606306213,0.598096381319249,0.5654343418199976,0.0079961546901387,0.0,0.5,0.5,0.5,0.5,0.5,0.5,0.4445870616874527,0.23809523809523814,0.0,0.0,0.0,0.0,0.0,0.0
2017-05-01,0.5886544631311514,0.1875408775154732,0.685308153227586,0.5134707533988196,0.5145585646029289,0.7324636700699055,0.6020605863759203,0.8049083793570095,0.8266278559751187,0.3176371543415931,0.46104417670681785,0.30961645358532525,0.18863049095607234,0.22559652928416485,0.23678646934460887,0.4401913875598087,0.5778894472361809,0.7326732673267327,0.8642496642162969,0.8965528925258185,0.9287037283208819,0.9937007874015749,0.30487804878048785,0.0,0.0,0.49999999999999994,0.5447739294632139,0.5307818671826587,0.530802606306213,0.530802606306213,0.598096381319249,0.5654343418199976,0.0079961546901387,0.0,0.5,0.5,0.5,0.5,0.5,0.5,0.34769153044275264,0.24074074074074078,0.0,0.0,0.0,0.0,0.0,0.0
2017-06-01,0.5690423467386014,0.20045530380743218,0.593060532559697,0.45563730442399464,0.4175829003498285,0.6510860298540625,0.5011772156265206,0.8208185508942614,0.8259101240081343,0.3763713203806818,0.5076305220883613,0.3824346859366314,0.21705426356589144,0.24078091106290672,0.2536997885835095,0.42344497607655507,0.5502512562814069,0.693069306930693,0.866433427304653,0.8995196637448281,0.9287037283208819,0.9937007874015749,0.30487804878048785,0.0,0.0,0.49999999999999994,0.5447739294632139,0.5307818671826587,0.530802606306213,0.530802606306213,0.598096381319249,0.5654343418199976,0.0079961546901387,0.0,0.5,0.5,0.5,0.5,0.5,0.5,0.42519853042802463,0.2751322751322752,0.0,0.0,0.0,0.0,0.0,0.0
2017-07-01,0.5835680876931577,0.20417300626731197,0.644972139758616,0.4881500384793449,0.47210977547417143,0.6969008624184756,0.5578981438677799,0.8208917011082257,0.8253120140356474,0.363037968589263,0.4337349397590331,0.34130072262368094,0.2506459948320413,0.24511930585683292,0.25792811839323465,0.44736842105263164,0.5829145728643215,0.7128712871287128,0.867936127664998,0.8998447095121355,0.9287037283208819,0.9952755905511811,0.30487804878048785,0.0,0.0,0.49999999999999994,0.5447739294632139,0.5307818671826587,0.530802606306213,0.530802606306213,0.598096381319249,0.5654343418199976,0.0079961546901387,0.0,0.5,0.5,0.5,0.5,0.5,0.5,0.38644503043538864,0.30423280423280424,0.0,0.0,0.0,0.0,0.0,0.0
2017-08-01,0.549909987277113,0.18793789142013936,0.4865508863176098,0.3886212607629748,0.3052780524107068,0.5572766450844258,0.38432365160166326,0.8092973921948722,0.8233581881255234,0.5081856609594256,0.4883534136546141,0.4658143413007254,0.2532299741602067,0.24511930585683292,0.2600422832980972,0.42583732057416274,0.5552763819095476,0.693069306930693,0.8675939656825009,0.9001651825738505,0.9287037283208819,0.9937007874015749,0.2987804878048781,0.0,0.0,0.49999999999999994,0.5447739294632139,0.5307818671826587,0.530802606306213,0.530802606306213,0.598096381319249,0.5654343418199976,0.0079961546901387,0.0,0.5,0.5,0.5,0.5,0.5,0.5,0.5797420956596897,0.3068783068783069,0.0,0.0,0.0,0.0,0.0,0.0
2017-09-01,0.5279060281306152,0.1950623403625448,0.38289187243942485,0.3232878464263203,0.19582424401973691,0.46604687697861263,0.27042590984277964,0.8403496580227496,0.8216436062043941,0.5608438867436547,0.494779116465867,0.5475264035575296,0.25581395348837205,0.2537960954446854,0.2706131078224101,0.4306220095693781,0.5527638190954773,0.6881188118811881,0.8660478913164383,0.9004810820830188,0.9287037283208819,0.9937007874015749,0.2987804878048781,0.0,0.0,0.49999999999999994,0.5447739294632139,0.5307818671826587,0.530802606306213,0.530802606306213,0.598096381319249,0.5654343418199976,0.0079961546901387,0.0,0.5,0.5,0.5,0.5,0.5,0.5,0.6173731189319898,0.30423280423280424,0.0,0.0,0.0,0.0,0.0,0.0
2017-10-01,0.5454154102902563,0.1932080788887282,0.5520950810363664,0.4294643443584584,0.37383459740420033,0.6152520095402204,0.4556186714323155,0.7869500018287553,0.8238765501016787,0.38177219461713296,0.609638554216861,0.41356309060589047,0.25839793281653745,0.2711496746203904,0.29598308668076106,0.4736842105263158,0.5929648241206029,0.7128712871287128,0.8643851485984736,0.9033401952628968,0.9287037283208819,0.9905511811023622,0.29268292682926833,0.0,0.0,0.49999999999999994,0.5447739294632139,0.5307818671826587,0.530802606306213,0.530802606306213,0.598096381319249,0.5654343418199976,0.0079961546901387,0.0,0.5,0.5,0.5,0.5,0.5,0.5,0.42482466933750934,0.30423280423280424,0.0,0.0,0.0,0.0,0.0,0.0
2017-11-01,0.5424240330766955,0.20312539443216682,0.5376733164573836,0.4202794649450668,0.35847388136674796,0.6026186047243108,0.43962513208079185,0.8188800702242054,0.8271462179512741,0.46059071872093027,0.448192771084335,0.42468037798777497,0.28165374677002586,0.30151843817787416,0.32980972515856233,0.4904306220095694,0.5904522613065326,0.693069306930693,0.862543468556837,0.906151030360874,0.9287037283208819,0.9889763779527558,0.28658536585365857,0.0,0.0,0.49999999999999994,0.5447739294632139,0.5307818671826587,0.530802606306213,0.530802606306213,0.598096381319249,0.5654343418199976,0.0079961546901387,0.0,0.5,0.5,0.5,0.5,0.5,0.5,0.5205313286487907,0.3068783068783069,0.0,0.0,0.0,0.0,0.0,0.0
2017-12-01,0.5456853149771811,0.21740986292693334,0.5527508645142211,0.42966112020683733,0.37422523078212344,0.6159635746459791,0.45600433098949844,0.8153322848469331,0.8237170541090155,0.43746835207444684,0.5100401606425783,0.4124513618677052,0.3100775193798449,0.32537960954446854,0.35940803382663844,0.521531100478469,0.6030150753768844,0.6856435643564356,0.8608626111731978,0.9089135882239044,0.9287037283208819,0.9858267716535433,0.2804878048780488,0.0,0.0,0.49999999999999994,0.5447739294632139,0.5307818671826587,0.530802606306213,0.530802606306213,0.598096381319249,0.5654343418199976,0.0079961546901387,0.0,0.5,0.5,0.5,0.5,0.5,0.5,0.4819909125408515,0.343915343915344,0.0,0.0,0.0,0.0,0.0,0.0
2018-01-01,0.5649387813798802,0.22230942758856506,0.3702316938672527,0.29456426812192193,0.07506383486092501,0.48976283138724014,0.1696621857183911,0.8307669799934164,0.8239164240998446,0.5078481087230449,0.6530120481927666,0.5386325736520237,0.3359173126614987,0.351409978308026,0.38054968287526425,0.5693779904306221,0.6482412060301507,0.7128712871287128,0.8595511117867848,0.9107600770631069,0.9375659124947934,0.9858267716535433,0.2804878048780488,0.0,0.0,0.49999999999999994,0.5447739294632139,0.5307818671826587,0.530802606306213,0.530802606306213,0.598096381319249,0.5654343418199976,0.0079961546901387,0.0,0.5,0.5,0.5,0.5,0.5,0.5,0.5579471916957951,0.3730158730158731,0.0,0.0,0.0,0.0,0.0,0.0
2018-02-01,0.5823961227639615,0.18942267752602962,0.4535886088127942,0.347007841025349,0.16333317070221348,0.5630757334252413,0.2613748542546298,0.8399473318459456,0.8334463096614698,0.46700424966652926,0.5670682730923763,0.4724847137298529,0.3565891472868217,0.3882863340563991,0.4143763213530655,0.6220095693779906,0.7185929648241205,0.7747524752475248,0.8591796468775822,0.9125872545001583,0.9375659124947934,0.9858267716535433,0.27439024390243905,0.0,0.0,0.49999999999999994,0.5447739294632139,0.5307818671826587,0.530802606306213,0.530802606306213,0.598096381319249,0.5654343418199976,0.0079961546901387,0.0,0.5,0.5,0.5,0.5,0.5,0.5,0.5194109536914079,0.3756613756613757,0.0,0.0,0.0,0.0,0.0,0.0
2018-03-01,0.5986760220566689,0.18767512788207996,0.5308458594033746,0.39565632632713016,0.2449865497529279,0.6310580843404086,0.3462913561976295,0.8123331260743938,0.8268670999641135,0.37350208791709466,0.5831325301204743,0.41078376876042333,0.4237726098191214,0.41648590021691967,0.4355179704016913,0.6291866028708134,0.7135678391959798,0.7648514851485149,0.8596762879326508,0.9143951205350584,0.9375659124947934,0.9874015748031496,0.27439024390243905,0.0,0.0,0.49999999999999994,0.5447739294632139,0.5307818671826587,0.530802606306213,0.530802606306213,0.598096381319249,0.5654343418199976,0.0079961546901387,0.0,0.5,0.5,0.5,0.5,0.5,0.5,0.42436736595965463,0.39947089947089953,0.0,0.0,0.0,0.0,0.0,0.0
2018-04-01,0.5585505069863101,0.18476981225602576,0.48938900173549277,0.36945971132439187,0.20150826278269507,0.5945047250491297,0.3009075931052219,0.8152957097399509,0.8237569281071814,0.44489453972918275,0.5325301204819292,0.44357976653696435,0.42894056847545214,0.42950108459869846,0.4545454545454545,0.6459330143540671,0.7211055276381909,0.7599009900990099,0.8607669761479764,0.9179242888064174,0.9375659124947934,0.9889763779527558,0.27439024390243905,0.0,0.0,0.49999999999999994,0.5447739294632139,0.5307818671826587,0.530802606306213,0.530802606306213,0.598096381319249,0.5654343418199976,0.0079961546901387,0.0,0.5,0.5,0.5,0.5,0.5,0.5,0.4811192658411546,0.44708994708994715,0.0,0.0,0.0,0.0,0.0,0.0
2018-05-01,0.5593695089267444,0.18617657250781977,0.4933165668433262,0.37187902529310496,0.20585810523309883,0.597917502123726,0.3053323662481676,0.8241468856296404,0.8310937437696878,0.45637131576616224,0.546987951807231,0.44024458032240055,0.441860465116279,0.4490238611713665,0.47991543340380544,0.6746411483253589,0.7487437185929647,0.7747524752475248,0.8618925290841466,0.9214428591401808,0.9375659124947934,0.9905511811023622,0.27439024390243905,0.0,0.0,0.49999999999999994,0.5447739294632139,0.5307818671826587,0.530802606306213,0.530802606306213,0.598096381319249,0.5654343418199976,0.0079961546901387,0.0,0.5,0.5,0.5,0.5,0.5,0.5,0.5186743811521983,0.44973544973544977,0.0,0.0,0.0,0.0,0.0,0.0
2018-06-01,0.5713217794570128,0.19965553880294568,0.5494633715435454,0.4072654033307248,0.2650852612200805,0.6473486966375994,0.3669834103302073,0.8157346110237372,0.8263886119861239,0.4067510601093712,0.4755020080321197,0.3952195664257898,0.4677002583979328,0.457700650759219,0.49260042283298094,0.6650717703349283,0.7311557788944724,0.754950495049505,0.863650524121952,0.9249508315363486,0.9375659124947934,0.9889763779527558,0.27439024390243905,0.0,0.0,0.49999999999999994,0.5447739294632139,0.5307818671826587,0.530802606306213,0.530802606306213,0.598096381319249,0.5654343418199976,0.0079961546901387,0.0,0.5,0.5,0.5,0.5,0.5,0.5,0.4430028402296328,0.48148148148148157,0.0,0.0,0.0,0.0,0.0,0.0
2018-07-01,0.5850383638768647,0.20258380320961644,0.5659158777265262,0.4176201936708236,0.2824933958800608,0.6618218119098883,0.3850775561832029,0.8257561903368567,0.8202081422704255,0.38413506027180394,0.4987951807228915,0.38187882156754266,0.48837209302325574,0.47071583514099774,0.5052854122621564,0.6650717703349283,0.7261306532663316,0.745049504950495,0.8666801922456663,0.9262572947707881,0.9375659124947934,0.9889763779527558,0.27439024390243905,0.0,0.0,0.49999999999999994,0.5447739294632139,0.5307818671826587,0.530802606306213,0.530802606306213,0.598096381319249,0.5654343418199976,0.0079961546901387,0.0,0.5,0.5,0.5,0.5,0.5,0.5,0.42411303235985887,0.5052910052910053,0.0,0.0,0.0,0.0,0.0,0.0
2018-08-01,0.5871927725449884,0.18919089484180254,0.5761304289754414,0.4240447446633408,0.2933168590545895,0.6708040587231372,0.3963197877493482,0.7882301305731318,0.82794369791459,0.4214345823919763,0.40321285140562185,0.37354085603112536,0.5012919896640826,0.48590021691973967,0.5179704016913319,0.6626794258373206,0.7261306532663316,0.7524752475247525,0.8698252756698319,0.9275640070097554,0.9375659124947934,0.9874015748031496,0.26829268292682934,0.0,0.0,0.49999999999999994,0.5447739294632139,0.5307818671826587,0.530802606306213,0.530802606306213,0.598096381319249,0.5654343418199976,0.0079961546901387,0.0,0.5,0.5,0.5,0.5,0.5,0.5,0.46169203142117976,0.5052910052910053,0.0,0.0,0.0,0.0,0.0,0.0
2018-09-01,0.5645798375975124,0.19289138571621994,0.4704562097235336,0.3572502432199447,0.18255972810324236,0.5776137551713683,0.2806736537688451,0.8304012289235946,0.8215239842098968,0.4322363308648733,0.5662650602409669,0.457476375764316,0.5271317829457364,0.5075921908893708,0.5412262156448202,0.6913875598086126,0.7537688442211055,0.7797029702970297,0.8717539492643726,0.9288709674062957,0.9375659124947934,0.9874015748031496,0.27439024390243905,0.0,0.0,0.49999999999999994,0.5447739294632139,0.5307818671826587,0.530802606306213,0.530802606306213,0.598096381319249,0.5654343418199976,0.0079961546901387,0.0,0.5,0.5,0.5,0.5,0.5,0.5,0.4803372275646968,0.5158730158730159,0.0,0.0,0.0,0.0,0.0,0.0
2018-10-01,0.5647569399113466,0.1972390322040238,0.5050849024134016,0.379072986113477,0.2190952524054734,0.6080990497369411,0.31870090700511977,0.8254635894809992,0.8245544080704973,0.45468355458425286,0.5020080321285179,0.4296831573096206,0.5607235142118863,0.5336225596529284,0.5602536997885834,0.7177033492822967,0.7914572864321607,0.8267326732673267,0.8748183360695286,0.9304718378407512,0.9375659124947934,0.9889763779527558,0.27439024390243905,0.0,0.0,0.49999999999999994,0.5447739294632139,0.5307818671826587,0.530802606306213,0.530802606306213,0.598096381319249,0.5654343418199976,0.0079961546901387,0.0,0.5,0.5,0.5,0.5,0.5,0.5,0.5175846971585569,0.5793650793650794,0.0,0.0,0.0,0.0,0.0,0.0
2018-11-01,0.585709528851557,0.20447937248854278,0.6031284526146048,0.4410103846525081,0.3219798673455653,0.6945328874217411,0.42606421241098225,0.8237811345598186,0.8218031021970573,0.31493669799619367,0.5461847389558215,0.35130628126736435,0.5788113695090439,0.5466377440347071,0.5708245243128964,0.7057416267942584,0.7839195979899497,0.8316831683168316,0.8790152760246704,0.9320740701775203,0.9375659124947934,0.9889763779527558,0.27439024390243905,0.0,0.0,0.49999999999999994,0.5447739294632139,0.5307818671826587,0.530802606306213,0.530802606306213,0.598096381319249,0.5654343418199976,0.0079961546901387,0.0,0.5,0.5,0.5,0.5,0.5,0.5,0.34901330450987317,0.5820105820105822,0.0,0.0,0.0,0.0,0.0,0.0
2018-12-01,0.5891167537538695,0.2139400072977122,0.6190739163290772,0.45108280823033986,0.33871584174978786,0.7085894961239942,0.4435271320096199,0.8152225595259865,0.8252721400374816,0.33164561060577347,0.5244979919678687,0.3385214007782138,0.6124031007751938,0.5509761388286334,0.562367864693446,0.6411483253588518,0.7110552763819095,0.7673267326732673,0.8834022108913486,0.9336776669574659,0.9375659124947934,0.9905511811023622,0.27439024390243905,0.0,0.0,0.49999999999999994,0.5447739294632139,0.5307818671826587,0.530802606306213,0.530802606306213,0.598096381319249,0.5654343418199976,0.0079961546901387,0.0,0.5,0.5,0.5,0.5,0.5,0.5,0.3677181770869809,0.6005291005291006,0.0,0.0,0.0,0.0,0.0,0.0
2019-01-01,0.5969329936749573,0.21498417681576487,0.6079246454809237,0.38134985374246366,0.30546693762967486,0.7192405143162479,0.38029132424377005,0.8011777184448264,0.8302962638063719,0.3358649751061992,0.4819277108433726,0.3185102834908312,0.6201550387596898,0.5444685466377439,0.5454545454545454,0.6076555023923446,0.6809045226130652,0.7524752475247525,0.8871090736200788,0.9349951592291763,0.9573551697551378,0.9905511811023622,0.26829268292682934,0.0,0.0,0.49999999999999994,0.5447739294632139,0.5307818671826587,0.530802606306213,0.530802606306213,0.598096381319249,0.5654343418199976,0.0079961546901387,0.0,0.5,0.5,0.5,0.5,0.5,0.5,0.367710785590423,0.634920634920635,0.0,0.0,0.0,0.0,0.0,0.0
2019-02-01,0.5693816848894069,0.1978138991584682,0.47947185376342755,0.30025954635454566,0.1712421951057312,0.6058251940052776,0.24005950339918364,0.8255733148019457,0.8170979704134934,0.46177215154826573,0.44016064257027454,0.420233463035018,0.627906976744186,0.5422993492407808,0.5391120507399576,0.5956937799043064,0.6733668341708543,0.7475247524752475,0.8893275592509318,0.9363135797626628,0.9573551697551378,0.9905511811023622,0.2560975609756098,0.0,0.0,0.49999999999999994,0.5447739294632139,0.5307818671826587,0.530802606306213,0.530802606306213,0.598096381319249,0.5654343418199976,0.0079961546901387,0.0,0.5,0.5,0.5,0.5,0.5,0.5,0.4987402542359537,0.634920634920635,0.0,0.0,0.0,0.0,0.0,0.0
2019-03-01,0.550060860576846,0.19189081888133872,0.38975417414261637,0.24383405880044695,0.07782819216774069,0.5264677247367588,0.14247030745781647,0.8061153578874218,0.8270664699549424,0.5416034092699008,0.4963855421686745,0.4913841022790423,0.6330749354005167,0.5444685466377439,0.5264270613107822,0.5669856459330145,0.6457286432160803,0.7376237623762376,0.8905007270674631,0.9376329285579256,0.9573551697551378,0.9905511811023622,0.25,0.0,0.0,0.49999999999999994,0.5447739294632139,0.5307818671826587,0.530802606306213,0.530802606306213,0.598096381319249,0.5654343418199976,0.0079961546901387,0.0,0.5,0.5,0.5,0.5,0.5,0.5,0.6102461835552806,0.6375661375661377,0.0,0.0,0.0,0.0,0.0,0.0
2019-04-01,0.5659594611289476,0.18237625443772043,0.3620917907972104,0.22666583329127785,0.04938864912971283,0.5018453026758899,0.11276555578489494,0.809077941552979,0.8276645799274294,0.4997468165955419,0.6224899598393667,0.5136186770428033,0.627906976744186,0.5336225596529284,0.5116279069767441,0.5574162679425838,0.6356783919597989,0.7277227722772277,0.8908336665364499,0.9425342693095069,0.9573551697551378,0.9921259842519685,0.24390243902439027,0.0,0.0,0.49999999999999994,0.5447739294632139,0.5307818671826587,0.530802606306213,0.530802606306213,0.598096381319249,0.5654343418199976,0.0079961546901387,0.0,0.5,0.5,0.5,0.5,0.5,0.5,0.5536100520329739,0.6402116402116403,0.0,0.0,0.0,0.0,0.0,0.0
2019-05-01,0.6049429658323164,0.19290974474071318,0.5438756179609916,0.3413582639594027,0.23923812485455168,0.6623921338536791,0.31110986335912594,0.8165026882703632,0.8206467562502493,0.3768776487352557,0.4803212851405537,0.36853807670927974,0.6201550387596898,0.5249457700650758,0.4947145877378435,0.5239234449760766,0.6030150753768844,0.698019801980198,0.8932826810873181,0.9474369914433483,0.9573551697551378,0.9937007874015749,0.2378048780487805,0.0,0.0,0.49999999999999994,0.5447739294632139,0.5307818671826587,0.530802606306213,0.530802606306213,0.598096381319249,0.5654343418199976,0.0079961546901387,0.0,0.5,0.5,0.5,0.5,0.5,0.5,0.40498285989435534,0.6322751322751324,0.0,0.0,0.0,0.0,0.0,0.0
2019-06-01,0.6044010141878118,0.1962809206132832,0.5416194166527671,0.3400047591437978,0.23699248848208557,0.6603523870572778,0.3087655455327435,0.8245126366994623,0.8246341560668289,0.3556118578432116,0.5638554216867498,0.3702056698165695,0.5736434108527132,0.47071583514099774,0.4228329809725158,0.437799043062201,0.5201005025125627,0.6361386138613861,0.8957047157806661,0.9523410941124952,0.9573551697551378,0.9937007874015749,0.24390243902439027,0.0,0.0,0.49999999999999994,0.5447739294632139,0.5307818671826587,0.530802606306213,0.530802606306213,0.598096381319249,0.5654343418199976,0.0079961546901387,0.0,0.5,0.5,0.5,0.5,0.5,0.5,0.40497562210225224,0.6296296296296297,0.0,0.0,0.0,0.0,0.0,0.0
2019-07-01,0.5950646698100084,0.2007490481993239,0.4856694704743213,0.304929484243373,0.1789159709309714,0.6107872717413205,0.24809617661346506,0.8249149628762664,0.8212448662227362,0.44050632220187935,0.5076305220883499,0.4146748193440758,0.5555555555555555,0.4511930585683297,0.4143763213530655,0.437799043062201,0.5175879396984925,0.6361386138613861,0.8974784683483352,0.9556949081444446,0.9573551697551378,0.9952755905511811,0.25,0.0,0.0,0.49999999999999994,0.5447739294632139,0.5307818671826587,0.530802606306213,0.530802606306213,0.598096381319249,0.5654343418199976,0.0079961546901387,0.0,0.5,0.5,0.5,0.5,0.5,0.5,0.4789903770229635,0.634920634920635,0.0,0.0,0.0,0.0,0.0,0.0
2019-08-01,0.6132408373761586,0.19189196632036953,0.5698412502640063,0.35788218930805954,0.26657955569054437,0.6852290505730192,0.33967832709099427,0.8211111517501188,0.8272259659476057,0.3966244930179258,0.4722891566265047,0.34741523068371977,0.5348837209302325,0.4186550976138828,0.3742071881606765,0.3564593301435407,0.4095477386934673,0.5247524752475248,0.9002359850297984,0.9590497012554207,0.9573551697551378,0.9952755905511811,0.2560975609756098,0.0,0.0,0.49999999999999994,0.5447739294632139,0.5307818671826587,0.530802606306213,0.530802606306213,0.598096381319249,0.5654343418199976,0.0079961546901387,0.0,0.5,0.5,0.5,0.5,0.5,0.5,0.4418862562771654,0.5634920634920636,0.0,0.0,0.0,0.0,0.0,0.0
2019-09-01,0.607557181771988,0.1932792201086395,0.5438898567104316,0.3416455171730543,0.23969297750556312,0.6622173504820617,0.3115922234608047,0.8307304048864342,0.8262291159934607,0.41991563578260227,0.43694779116465954,0.36798221234018313,0.5142118863049095,0.4099783080260303,0.38054968287526425,0.375598086124402,0.42713567839195976,0.5346534653465347,0.902689329681671,0.9624054734454234,0.9573551697551378,0.9968503937007873,0.2621951219512195,0.0,0.0,0.49999999999999994,0.5447739294632139,0.5307818671826587,0.530802606306213,0.530802606306213,0.598096381319249,0.5654343418199976,0.0079961546901387,0.0,0.5,0.5,0.5,0.5,0.5,0.5,0.4602666248266547,0.5396825396825398,0.0,0.0,0.0,0.0,0.0,0.0
2019-10-01,0.5494639806633314,0.20144210137394347,0.44528717610258134,0.2799546345560715,0.13753796520821374,0.5747836862844411,0.20487965339720648,0.8180022676566329,0.8231189441365286,0.46919830074865937,0.5076305220883499,0.44635908838243943,0.44702842377260976,0.3622559652928416,0.34038054968287523,0.3660287081339713,0.4296482412060301,0.5420792079207921,0.9031273250761043,0.9605836419831265,0.9573551697551378,0.9968503937007873,0.2621951219512195,0.0,0.0,0.49999999999999994,0.5447739294632139,0.5307818671826587,0.530802606306213,0.530802606306213,0.598096381319249,0.5654343418199976,0.0079961546901387,0.0,0.5,0.5,0.5,0.5,0.5,0.5,0.5153587985364816,0.48412698412698424,0.0,0.0,0.0,0.0,0.0,0.0
2019-11-01,0.5752687282857132,0.20504161761364806,0.5637255739943544,0.3542416673364882,0.26053726041470127,0.6796810442589092,0.33337127480237966,0.8178559672287041,0.8265481079787871,0.43105485958319556,0.4040160642570313,0.3518621456364609,0.4082687338501292,0.34490238611713664,0.33192389006342493,0.3923444976076555,0.45477386934673364,0.5643564356435643,0.9049494481711854,0.9587634934187761,0.9573551697551378,0.9984251968503937,0.2621951219512195,0.0,0.0,0.49999999999999994,0.5447739294632139,0.5307818671826587,0.530802606306213,0.530802606306213,0.598096381319249,0.5654343418199976,0.0079961546901387,0.0,0.5,0.5,0.5,0.5,0.5,0.5,0.4783136359715723,0.4100529100529101,0.0,0.0,0.0,0.0,0.0,0.0
2019-12-01,0.5416056989204151,0.21104846094002794,0.4093949914908085,0.25780883514594743,0.10084315210016864,0.5427482660082463,0.1665557728069854,0.8187337697962767,0.8220423461860521,0.42970465063766694,0.5807228915662688,0.4747081712062314,0.40051679586563305,0.3427331887201735,0.3276955602536998,0.40191387559808617,0.4673366834170854,0.5693069306930693,0.904955740040207,0.9569450260584635,0.9573551697551378,1.0,0.26829268292682934,0.0,0.0,0.49999999999999994,0.5447739294632139,0.5307818671826587,0.530802606306213,0.530802606306213,0.598096381319249,0.5654343418199976,0.0079961546901387,0.0,0.5,0.5,0.5,0.5,0.5,0.5,0.47813718804845706,0.4100529100529101,0.0,0.0,0.0,0.0,0.0,0.0
2020-01-01,0.42815421343466514,0.21509318352369344,0.1796262303774862,0.4941837921254959,0.2241716699773419,0.1502138596484917,0.3883076765308643,0.8010679931238799,0.8312931137605168,0.4202531880189831,0.5710843373493893,0.4419121734296825,0.3953488372093023,0.3383947939262473,0.32346723044397463,0.3732057416267943,0.4422110552763819,0.5495049504950495,0.9057998667151062,0.9536305132411109,0.9759303077836564,1.0,0.27439024390243905,0.0,0.0,0.49999999999999994,0.5447739294632139,0.5307818671826587,0.530802606306213,0.530802606306213,0.598096381319249,0.5654343418199976,0.0079961546901387,0.0,0.5,0.5,0.5,0.5,0.5,0.5,0.45967215208634193,0.4100529100529101,0.00031293094819049135,0.00024578637537623444,0.0005243609351103343,0.00045599635202918376,0.0,0.0
2020-02-01,0.44082554724453554,0.19692233903151554,0.23711693089417335,0.5293632904720676,0.2830288215439688,0.20157172301717124,0.4495817535684289,0.8192458212940272,0.8288607998724032,0.4043881944547002,0.5405622489959896,0.3963312951639751,0.4082687338501292,0.3275488069414316,0.2980972515856236,0.31578947368421056,0.37688442211055273,0.4876237623762376,0.907304030460185,0.9503204638722622,0.9759303077836564,0.9984251968503937,0.2804878048780488,0.0,0.0,0.49999999999999994,0.5447739294632139,0.5307818671826587,0.530802606306213,0.530802606306213,0.598096381319249,0.49865816306726213,0.0079961546901387,0.0,0.5,0.5,0.5,0.5,0.5,0.5,0.44129177590845026,0.4179894179894181,0.00039650877907366605,0.0001799747229530897,0.0014856893161459472,0.0008207934336525308,0.0,0.0
2020-03-01,0.49646495473758473,0.19574162426879446,0.4943196361163825,0.6927393125335348,0.5515162816697,0.42850895254054644,0.7307580070588025,0.6910866464284408,0.7610750029905499,0.2074261953456164,0.33092369477911254,0.18954974986103776,0.09560723514211886,0.0650759219088937,0.06976744186046512,0.1411483253588517,0.21859296482412058,0.3613861386138614,0.9118491809244945,0.9470148796458256,0.9759303077836564,0.984251968503937,0.29268292682926833,0.0,0.0,0.49999999999999994,0.9999999999999999,1.0,1.0,1.0,1.0,0.9999999999999999,0.0079961546901387,0.0,0.5,0.5,0.5,0.5,0.5,0.5,0.2400467983945429,0.171957671957672,0.011278147993014447,0.013206652617893517,0.15346296700895784,0.15841313269493845,0.02310948404072761,0.02908875037102998
2020-04-01,0.14154399179466443,0.9999999999999999,0.7322706004025039,0.8471206309957432,0.8026997243267987,0.6369326635213105,0.9946933966291891,0.0,0.0,0.0,0.0,0.0,0.02842377260981912,0.0368763557483731,0.03805496828752642,0.09330143540669858,0.1658291457286432,0.31435643564356436,0.918240231068775,0.9193331106877136,0.9759303077836564,0.9354330708661417,1.0,0.0,1.0,0.9999999999999999,0.6614984732694688,0.6481670557347284,0.8571849049764544,0.8470082858525493,0.7011485120754615,0.7956689414647649,0.0079961546901387,0.0,1.0,1.0,0.5,0.5,1.0,0.5,0.0,0.01322751322751323,0.03170806846773653,0.0408945549587737,0.24592527856674679,0.25398996808025537,0.22114174579567555,0.2560106856634016
2020-05-01,0.03686109928191439,0.03557978946788662,0.24266412632944395,0.5339637400195028,0.2897491872612167,0.2059576689335748,0.4569130557618393,0.9532570132767638,0.9226444435583556,0.3242194229510321,0.5028112449799159,0.39077265147304074,0.025839793281653745,0.03253796095444685,0.03382663847780126,0.08133971291866031,0.16834170854271358,0.34158415841584155,0.918795384745542,0.8917550114615217,0.9759303077836564,0.9559055118110237,0.774390243902439,0.0,0.0,0.0,0.5506660368313179,0.5335546678779556,0.5597861888691057,0.5559251116930437,0.6032983225659446,0.5709947329084418,0.0079961546901387,0.0,0.5,0.5,0.5,0.5,0.5,0.5,0.3494770743042203,0.01322751322751323,0.025398914071299662,0.03236724513766052,0.2041074939916976,0.21035111719106248,0.13202150783663197,0.15464529533986346
2020-06-01,0.0,0.0,0.051209821127373156,0.4085516804198628,0.08661410719784683,0.038826347690488316,0.2431427477004675,1.0,1.0,0.5643881852256611,0.5678714859437743,0.5447470817120624,0.033591731266149866,0.03904555314533622,0.03805496828752642,0.08133971291866031,0.18341708542713567,0.3688118811881188,0.9170363697261966,0.8642805819672499,0.9759303077836564,0.9559055118110237,0.6707317073170732,0.0,0.0,0.49999999999999994,0.5405326433999822,0.528263122923892,0.4713262460754291,0.47911662241013353,0.5943518940699509,0.48740275302364394,0.0079961546901387,0.0,0.5,0.5,0.5,0.5,0.5,0.5,0.6262266473403731,0.021164021164021166,0.03792198301037628,0.04985434135295326,0.17216517369455975,0.17847697218422254,0.04267246310490791,0.05387355298308104
2020-07-01,0.9869745566805067,0.13823427492180201,0.09977815265305578,0.43799530614209525,0.13609840247579266,0.08234402972395088,0.2945823852973057,0.866683735049925,0.8755532517245505,0.5733333579441133,0.6819277108433703,0.5075041689827724,0.02842377260981912,0.03036876355748373,0.03171247357293869,0.06698564593301437,0.1557788944723618,0.32425742574257427,0.9209315102244598,0.8864410710547607,0.9759303077836564,0.9637795275590552,0.603658536585366,0.0,0.0,0.49999999999999994,0.5970191674946215,0.5870260480767724,0.516476261609876,0.5191368186894744,0.6442219254887653,0.5908048623733975,0.0079961546901387,0.0,0.5,0.5,0.5,0.5,0.5,1.0,0.6250283659650168,0.02380952380952381,0.06964074166578392,0.09177905013639129,0.28442211055276384,0.29507523939808483,0.0798535636654845,0.10092015434847136
2020-08-01,0.9824910658033359,0.11522468003662624,0.09282984048538967,0.4314237944454479,0.1269820187460271,0.07723233123562767,0.28444735016764444,0.9368713653487436,0.8871565851907971,0.5245569828782825,0.668273092369478,0.5147304057809886,0.020671834625322995,0.02603036876355748,0.02748414376321353,0.06459330143540672,0.16331658291457285,0.33663366336633666,0.9247195040828511,0.9087363876243927,0.9759303077836564,0.9637795275590552,0.5121951219512196,0.0,0.0,0.49999999999999994,0.532510796635047,0.5168654468778484,0.5350017976333842,0.5354994785006403,0.5872664143130071,0.5795362039870513,0.0079961546901387,0.0,0.5,0.5,1.0,0.5,0.0,0.5,0.5873960731482306,0.02645502645502646,0.05409623695675624,0.0700585186468587,0.20489403539436313,0.2124487004103967,0.05846013041986043,0.0734639358860196
2020-09-01,1.0,0.12011850750310381,0.1875400512174211,0.4923145863893075,0.2264784124890472,0.16045285896667227,0.38884496987866507,0.8272191946161442,0.856294110610471,0.452489465047775,0.5397590361445801,0.43857698721511873,0.02325581395348837,0.02603036876355748,0.02748414376321353,0.06459330143540672,0.1708542713567839,0.35148514851485146,0.9296477090073294,0.9311665316761459,0.9759303077836564,0.968503937007874,0.4634146341463415,0.0,0.0,0.49999999999999994,0.5425745210503243,0.5270352222372802,0.5338119308367539,0.5335324874351901,0.5961612498838281,0.5430793482846518,0.0079961546901387,0.0,0.5,0.5,0.5,0.5,0.5,0.5,0.49569920275255175,0.02380952380952381,0.05677947406220329,0.07255398905914856,0.1829145728643216,0.18750569995440036,0.027685619494337035,0.03413475808845355
2020-10-01,0.6218936123893937,0.09089897258309178,0.3011407535760805,0.567099784436194,0.3473304067041998,0.2594461138944566,0.5161236797589335,0.8932372627189934,0.8466446030543483,0.3768776487352557,0.4120481927710803,0.34574763757643,0.02325581395348837,0.023861171366594356,0.02748414376321353,0.08133971291866031,0.1984924623115578,0.3886138613861386,0.9331397215339545,0.9438948088741315,0.9759303077836564,0.9669291338582677,0.41463414634146345,0.0,0.0,0.49999999999999994,0.5858201278997399,0.5742202329809692,0.49674476927730127,0.4977489013282388,0.6343312867779605,0.6063732235286765,0.0079961546901387,0.0,0.5,0.5,0.5,0.5,0.5,0.5,0.42280759607215784,0.02380952380952381,0.13378867053910615,0.1700908872350913,0.4315490495958051,0.4356589147286822,0.19288410936963735,0.2273671712674384
2020-11-01,0.6243747893660867,0.17826498039026695,0.3126916527357905,0.5746683071857399,0.35958785806303434,0.2695285519120591,0.5290234412783742,0.8144179071723785,0.8285019338889111,0.4118143436550939,0.4064257028112483,0.3362979433018353,0.02325581395348837,0.021691973969631236,0.025369978858350947,0.09330143540669858,0.21859296482412058,0.400990099009901,0.9367752248165284,0.9566344047677159,0.9759303077836564,0.968503937007874,0.39634146341463417,0.0,0.0,0.49999999999999994,0.6158913624217482,0.604539055014868,0.6262059959315045,0.6169643582418697,0.660883544680999,0.6783309536240304,0.0079961546901387,0.0,0.5,0.0,0.5,0.5,0.5,0.5,0.4409370211617871,0.02380952380952381,0.4422559794592903,0.5616447003488018,1.0,1.0,0.7984212332685048,0.8748886910062333
2020-12-01,0.5548696779592668,0.1961547023198922,0.0,0.3625597145905084,0.021532818299983048,0.0,0.17131834776515636,0.8129183277861087,0.8072889668647075,0.4918143390405798,0.6819277108433703,0.5953307392996154,0.020671834625322995,0.01952277657266811,0.021141649048625793,0.09330143540669858,0.2336683417085427,0.41336633663366334,0.9365050879986938,0.9693853168160363,0.9759303077836564,0.9669291338582677,0.37804878048780494,0.0,0.0,0.49999999999999994,0.5629654516323985,0.5408323361180396,0.6250379782831323,0.6149685422250535,0.6141570576783276,0.6325241540410693,0.0079961546901387,0.004542017897243193,0.5,0.5,0.5,1.0,0.5,0.5,0.5495487592131025,0.02380952380952381,0.48680296332002243,0.5636418825356021,0.9676207122569368,0.9422252621979024,1.0,1.0
2021-01-01,0.5719947323323208,0.19233143546917633,0.8247351484470857,0.9797166219143124,0.6152497211390238,0.7810533084433051,0.9399509376510029,0.8084195896272997,0.8376729534670442,0.4568776441207307,0.6706827309236949,0.5669816564758156,0.020671834625322995,0.01952277657266811,0.021141649048625793,0.10765550239234452,0.271356783919598,0.4504950495049505,0.9418646211826482,0.9750478813473913,1.0,0.9653543307086614,0.3658536585365854,0.0,0.0,0.49999999999999994,0.5236436685311738,0.5057972159177183,0.5150671300548332,0.5154278941773573,0.5794411924320186,0.5267114026126664,0.0079961546901387,0.04605211189726576,0.5,0.5,0.5,0.5,0.5,0.5,0.4948721177414006,0.02380952380952381,0.41742947634601607,0.44700751730242066,0.6153375573519773,0.5930688554491564,0.4152842924150555,0.43336301573167113
2021-02-01,0.5798893163786386,0.24465121295779946,0.8585521151942324,0.9999999999999999,0.6518439618851107,0.8108043833047154,0.977135709089543,0.8239274349877473,0.8409027473184737,0.542953618215424,0.5365461847389537,0.536409116175653,0.010335917312661497,0.01301518438177874,0.014799154334038054,0.12918660287081343,0.3165829145728643,0.504950495049505,0.9476020300261537,0.9806807457366806,1.0,0.9653543307086614,0.3536585365853659,0.0,0.0,0.49999999999999994,0.48541237898893647,0.460814672333737,0.5382462574618146,0.4585386153329267,0.545688086869021,0.46937945972605355,0.0079961546901387,0.12548946590383334,0.5,0.5,0.5,0.5,0.5,0.5,0.584590629890118,0.021164021164021166,0.1272375291672052,0.12390185199362298,0.24797902556259557,0.23834929320565434,0.05685848301109713,0.05862273671712675
2021-03-01,0.5364025917813826,0.20536978517646462,0.6591416742464604,0.8591497865434128,0.4364135507914282,0.640162799922051,0.7459224812503035,0.8316813576679711,0.8492364129351251,0.633417732928736,0.7686746987951816,0.6992773763201807,0.005167958656330749,0.010845986984815618,0.01691331923890063,0.19617224880382775,0.4045226130653266,0.5792079207920792,0.9508010992829797,0.9862839099839046,1.0,0.9669291338582677,0.34756097560975613,0.0,0.0,0.49999999999999994,0.523680726641597,0.5068636659025147,0.4626350609616439,0.6904647072456918,0.5794739097776289,0.48626608375473035,1.0,0.25561686809528644,0.5,0.5,0.0,0.5,0.5,0.5,0.6910615114445794,0.018518518518518524,0.10788343030629331,0.10217191883945852,0.22123661787196852,0.21130870953032377,0.008008237043816497,0.008607895517957851
2021-04-01,0.6092131227691259,0.11057296220565319,0.6997766634776099,0.8830443684106233,0.4803937906327759,0.6760200552471733,0.7903354053492935,0.8270728941882155,0.8293791618485586,0.636286926937981,0.9670682730923832,0.663146192329068,0.005167958656330749,0.008676789587852493,0.012684989429175474,0.2057416267942584,0.41206030150753764,0.5693069306930693,0.9562356614038098,0.9908570517577838,1.0,0.9700787401574803,0.34146341463414637,1.0,0.0,0.49999999999999994,0.5499674661283773,0.5414544241190147,0.45289795237547503,0.3260906512145392,0.6026815782457323,0.557936705258636,0.7893895899995776,0.4038333502601081,0.5,0.5,1.0,0.5,0.5,0.5,0.6891301927519788,0.018518518518518524,0.10506510810209323,0.10359022710392465,0.27161896438715316,0.2618331053351573,0.011440338634023568,0.012169783318492135
2021-05-01,0.6121548525179216,0.17831546770762333,0.713546782098629,0.8887587867255188,0.4953375617187401,0.6887087607666535,0.8040461157381844,0.823086207527157,0.8371944654890546,0.6654852338393293,0.8642570281124511,0.6492495831017243,0.0025839793281653744,0.008676789587852493,0.010570824524312896,0.19617224880382775,0.40703517587939697,0.5742574257425742,0.9618197480482423,0.9954290823277852,1.0,0.9716535433070866,0.3292682926829269,0.0,0.0,0.49999999999999994,0.5090618499707182,0.4946639116063846,0.5128923430738866,0.5128923430738866,0.5660237562113013,0.5473835298978166,0.38125732989548095,0.4782321676427773,0.5,0.5,0.5,0.5,0.5,0.5,0.7224845636119432,0.015873015873015876,0.051970833280692255,0.051361293883948535,0.17338868254315054,0.16753305973552213,0.002745681272165656,0.0026714158504007124
2021-06-01,0.6029246786806493,0.18309569871004902,0.6720268134403893,0.8556260466158019,0.4505459619185078,0.6540375614549758,0.7537647036410265,0.8190995208660985,0.8456078791020376,0.7471729904067193,0.8329317269076304,0.6814897165091687,0.007751937984496123,0.010845986984815618,0.014799154334038054,0.20095693779904308,0.38190954773869346,0.5346534653465347,0.9668591782711614,1.0,1.0,0.9716535433070866,0.3231707317073171,0.0,0.0,0.49999999999999994,0.4742219167005984,0.4545524358142264,0.5013651133537446,0.5013651133537446,0.5381049779405339,0.5009298959425265,0.20870255034120067,0.5157588273130438,0.5,0.5,0.5,0.5,0.5,0.0,0.8075627442522592,0.021164021164021166,0.014901149778275788,0.014689429439835389,0.0649333624644964,0.06338349293205654,0.0,0.0
2021-07-01,0.5845051496745794,0.17908769417536996,0.7430661464041585,0.902233453270949,0.5273523413689288,0.7156335843633479,0.8341265636414843,0.8518708167221389,0.8486383029626381,0.5569620360252621,0.7526104417670721,0.619788771539747,0.012919896640826873,0.010845986984815618,0.01691331923890063,0.18181818181818185,0.3316582914572864,0.4801980198019802,0.9721334500331122,0.9983238819218396,1.0,0.9716535433070866,0.31097560975609756,0.0,0.0,0.49999999999999994,0.5842891375983796,0.5709062346043463,0.42682039839884456,0.42682039839884456,0.6319387571106746,0.5315385118878982,0.08653629863720008,0.5351569112021396,0.5,0.5,0.5,0.5,0.5,0.5,0.5956190359923629,0.02645502645502646,0.04051775494396884,0.03997319182484967,0.12720122350884858,0.12051983584131326,0.0,0.0
2021-08-01,0.5943296686146423,0.18426034932633853,0.7867486168490021,0.9303051439963573,0.574590870288579,0.7536418595626908,0.8832112317573639,0.8274020701510552,0.8444116591570637,0.5027847867229799,0.6931726907630458,0.5808782657031673,0.010335917312661497,0.01301518438177874,0.014799154334038054,0.1842105263157895,0.32160804020100503,0.4752475247524752,0.9779313858983061,0.9966491613180685,1.0,0.9700787401574803,0.2987804878048781,0.0,0.0,0.49999999999999994,0.6419830005723358,0.6396618625604231,0.6137926166000739,0.6137926166000739,0.6832102973732322,0.7090352707049368,0.08985957104691822,0.5614385501653182,0.5,0.5,0.5,0.5,0.5,0.5,0.5427262590877289,0.02380952380952381,0.20761316292526294,0.2190440118783317,0.44024470176971814,0.4213862289101687,0.09083628875414712,0.10388839418224993
2021-09-01,0.6076464232910019,0.196899390250899,0.8465762892112143,0.9707127411839968,0.6392559932321759,0.8052557857249834,0.9515399936785289,0.8357046194360118,0.8401850153514894,0.538902991378849,0.5799196787148593,0.5286270150083402,0.012919896640826873,0.010845986984815618,0.01691331923890063,0.2057416267942584,0.3442211055276382,0.4801980198019802,0.9844594796318497,0.9949758373417326,1.0,0.968503937007874,0.28658536585365857,0.0,0.0,0.49999999999999994,0.5888623919494781,0.5744033271444119,0.6540992738324525,0.6540992738324525,0.6370205857137956,0.669690579161927,0.0845898441013725,0.5835505602762449,0.5,0.5,0.5,0.0,0.5,0.5,0.5767632515266891,0.021164021164021166,0.37316724021143244,0.38445018393685304,0.703473891195106,0.6690834473324213,0.2561491820157877,0.2873256159097655
2021-10-01,0.6527568222931284,0.18620066872746713,0.6392129205185036,0.8178975485078326,0.4153403936937551,0.6292408356088653,0.7075367983761683,0.8310230057422918,0.8491167909406276,0.7505485127705325,0.7694779116465911,0.6992773763201727,0.015503875968992246,0.01301518438177874,0.02325581395348837,0.2655502392344498,0.3969849246231156,0.5099009900990099,0.989742408533691,0.9960834823182898,1.0,0.968503937007874,0.27439024390243905,0.0,0.0,0.49999999999999994,0.5219921289554438,0.5034428677131669,0.6324423358703573,0.6324423358703573,0.577983104297704,0.5782707567660866,0.07949644536940079,0.6299694189602446,0.5,0.5,0.5,0.5,0.5,0.5,0.7990698928757045,0.021164021164021166,0.24523387701036267,0.23710192344627418,0.5246668123224819,0.49863201094391246,0.1702322388742707,0.19352923716236273
2021-11-01,0.644154661016634,0.19679956305521704,0.6036335519321483,0.7879456985363824,0.37698369845601687,0.5998822367396592,0.6635726864399875,0.8534069712153908,0.8424578332469397,0.6759493531671665,0.8746987951807286,0.7270705947748761,0.01808785529715762,0.015184381778741865,0.03805496828752642,0.28708133971291866,0.39195979899497485,0.4801980198019802,0.9945575360772241,0.9971917286323114,1.0,0.968503937007874,0.27439024390243905,0.0,0.0,0.49999999999999994,0.550574739435427,0.5343317093146766,0.5044878613336623,0.5044878613336623,0.6032177191994869,0.5465191220614185,0.05383589747966079,0.696000767347123,0.0,0.5,0.5,0.5,0.5,0.5,0.7105957309412743,0.021164021164021166,0.31796699841882403,0.3022514300603452,0.6692593401791567,0.6343365253077975,0.3366891659993136,0.37756010685663405
2021-12-01,0.6546125295450863,0.20303933650485478,0.6543099087577873,0.821041960131535,0.43177655856158526,0.6438563148949484,0.7208141931536701,0.8316813576679711,0.8406635033294789,0.6199156050191241,0.9036144578313208,0.682601445247354,0.010335917312661497,0.03253796095444685,0.06342494714587738,0.29425837320574166,0.36934673366834164,0.45792079207920794,1.0,0.9983005771307519,1.0,0.968503937007874,0.27439024390243905,0.0,0.0,0.49999999999999994,0.5920027623542602,0.5841466070513825,0.5690321404667725,0.5690321404667725,0.6404217060128862,0.6241961905426329,0.10278721812543667,0.7716578083212025,0.5,0.5,0.5,0.5,0.5,0.5,0.6577172561771352,0.021164021164021166,0.7166798998232231,0.7380642509760942,0.961503168013983,0.9336525307797537,0.5984441139457728,0.670228554467201
2022-01-01,0.51510859226321,0.2176829534162702,0.5303411459968796,0.26788475897047576,0.4979737834972531,0.5889536274746782,0.449543702261244,0.8497860356241542,0.8324893337054907,0.6545147861569293,0.8377510040160644,0.6753752084491378,0.012919896640826873,0.07158351409978307,0.11627906976744186,0.368421052631579,0.4422110552763819,0.5198019801980198,0.0,0.0,0.0,0.968503937007874,0.2621951219512195,0.0,0.0,0.49999999999999994,0.57796597640735,0.56563220877665,0.5583905265914921,0.5583905265914921,0.6267731198882022,0.5804751039906725,0.06906305291874625,0.8167112405069005,0.5,0.5,0.5,0.5,0.5,0.5,0.6897950388651797,0.021164021164021166,1.0,1.0,0.9218265239239677,0.9020519835841313,0.5331197803454982,0.5676758682101514
2022-02-01,0.5036634646006012,0.1981489513554697,0.4761532539845331,0.22950181073097997,0.43716542821703563,0.5432434477699338,0.38506902830149453,0.8288284993233604,0.8540212927150206,0.7291139457603008,0.7381526104417703,0.7204002223457485,0.010335917312661497,0.1388286334056399,0.2114164904862579,0.4330143540669857,0.4849246231155778,0.556930693069307,0.0,0.0,0.0,0.9700787401574803,0.2560975609756098,0.0,0.0,0.49999999999999994,0.4242375585035832,0.4016720210722914,0.527044896563493,0.527044896563493,0.4916777149850021,0.4759361768563054,0.0403267286018735,0.8317478587629913,0.5,0.5,0.5,0.5,0.5,0.5,0.7712748326560939,0.021164021164021166,0.1220246049246779,0.11787672805953671,0.2353069696307625,0.22932056543547652,0.017274911337375586,0.016918967052537846
2022-03-01,0.44212549048469263,0.18918630508567924,0.19380754750047977,0.024668052588174505,0.1279591611654486,0.30404663783109365,0.051676093077672985,0.8387037782085512,0.8344830336137805,0.9446413178703823,0.7397590361445778,0.9616453585325166,0.04651162790697674,0.18655097613882862,0.2832980972515856,0.5047846889952153,0.5351758793969849,0.5965346534653465,0.0,0.0,0.0,0.9716535433070866,0.25,0.0,0.0,0.49999999999999994,0.4642937829287619,0.4433211674999734,0.42879729113817566,0.42879729113817566,0.5270431965005214,0.4408365240355648,0.0240999505440031,0.8403692293803672,0.5,0.5,0.5,0.5,0.5,0.5,0.9661674832743363,0.05291005291005292,0.029130761403757695,0.02851390573353802,0.07791129560847716,0.07783857729138166,0.0,0.0
2022-04-01,0.6346894010804512,0.18697174775618294,0.7781009379229882,0.45287400424775376,0.7610264799314665,0.799960341230467,0.7393311113916072,0.7990563622398595,0.8281031939072532,0.5107173027322898,0.6859437751004063,0.46081156197887974,0.08010335917312661,0.27331887201735355,0.3995771670190274,0.6650717703349283,0.6909547738693467,0.6955445544554455,0.0,0.0,0.0,0.9732283464566929,0.24390243902439027,0.0,0.0,0.49999999999999994,0.5596557400993796,0.5442652617593261,0.37579802807077684,0.37579802807077684,0.61123502590554,0.4541852899320077,0.024059232938354165,0.8607659929810307,0.5,0.5,0.5,0.5,0.5,0.5,0.5507951860257483,0.08730158730158732,0.05384939080507803,0.05090867088667099,0.07590124535722088,0.07564979480164158,0.0,0.0
2022-05-01,0.5636910345655499,0.18597691811645586,0.456212136058202,0.21915874240232303,0.40882149136026324,0.5272224480266,0.3593481712117744,0.8233056581690501,0.8324893337054907,0.823966239546574,0.7493975903614457,0.7359644246803742,0.1498708010335917,0.3232104121475054,0.4355179704016913,0.6866028708133972,0.728643216080402,0.7599009900990099,0.0,0.0,0.0,0.9763779527559056,0.2378048780487805,0.0,0.0,0.49999999999999994,0.6040361359832848,0.5965502655743787,0.4544414534725453,0.4544414534725453,0.6504169683702884,0.5786190354974561,0.03201487540831923,0.8815351456266857,0.5,0.5,0.5,0.5,0.5,0.5,0.8436379883216469,0.20370370370370375,0.15201835602406652,0.1416750274327143,0.17251474765129998,0.1697674418604651,0.0,0.0
2022-06-01,0.49648729468353403,0.2009819783225818,0.15243230256834223,0.0,0.07420956147198197,0.2701263464571088,0.0,0.802860173366007,0.8327285776944855,1.0,1.0,0.9999999999999999,0.2739018087855297,0.47071583514099774,0.5602536997885834,0.7631578947368421,0.7889447236180904,0.8044554455445545,0.0,0.0,0.0,0.9763779527559056,0.2378048780487805,0.0,0.0,0.49999999999999994,0.5599092794384257,0.5479357970166809,0.5439501163722795,0.5439501163722795,0.6114588671669169,0.5930088325279537,0.0,0.886054594490899,0.5,0.5,0.5,0.5,0.5,0.5,1.0,0.32010582010582017,0.1421347916045097,0.13449215565395964,0.1777583570024033,0.17528499772001824,0.0,0.0
2022-07-01,0.6300249481126747,0.20182190369314723,1.0,0.6164133930068108,1.0,0.9884894604014998,1.0,0.819574997256867,0.8406236293313131,0.33991564039712185,0.4570281124498048,0.2623679822123439,0.4780361757105943,0.6225596529284164,0.6384778012684988,0.7081339712918661,0.728643216080402,0.7673267326732673,0.0,0.0,0.0,0.9748031496062992,0.2378048780487805,0.0,0.0,0.49999999999999994,0.5540325889913204,0.5409351848834812,0.5073547353624752,0.5073547353624752,0.6062705369955512,0.5924099277972034,0.0159923093802774,0.8982080187774355,0.5,0.5,0.5,0.5,0.5,0.5,0.38644503043538864,0.4444444444444445,0.2160020447413509,0.2072408934804828,0.2458378850775617,0.242453260373917,0.009724287838920032,0.01068566340160285
2022-08-01,0.5670588463130021,0.19322988023031393,0.7136327294487191,0.4091075406754849,0.6856868323455212,0.7459799380817851,0.6616235307319092,0.8271460444021799,0.8320108457275012,0.40843882129128606,0.9269076305220927,0.5102834908282317,0.5891472868217054,0.6832971800433839,0.6934460887949259,0.7248803827751197,0.728643216080402,0.7747524752475248,0.0,0.0,0.0,0.9732283464566929,0.24390243902439027,0.0,0.0,0.49999999999999994,0.545665179663043,0.5316973267526373,0.6128563818768492,0.6128563818768492,0.598883235815607,0.5989332699055487,0.019971547609585243,0.9101018991841295,0.5,0.5,0.5,0.5,0.5,0.5,0.434549409561738,0.6164021164021165,0.18607826577944586,0.17598304476938387,0.20240332095258903,0.19990880072959416,0.002173664340464478,0.0026714158504007124
2022-09-01,0.5535416616002612,0.19390227950237862,0.6510764295122986,0.3645587445898066,0.6158635258844799,0.6931601717709768,0.5873174592564887,0.8174170659449178,0.8319310977311696,0.542109699170127,0.8441767068273058,0.5630906058921631,0.6744186046511627,0.8047722342733188,0.8224101479915433,0.8851674641148327,0.8844221105527638,0.8811881188118812,0.0,0.0,0.0,0.9716535433070866,0.24390243902439027,0.0,0.0,0.49999999999999994,0.5404734767766872,0.522185294832163,0.553249086590703,0.553249086590703,0.5942996578700792,0.5469220961441554,0.015967227332625837,0.9270173894399494,0.5,0.5,0.5,0.5,0.5,0.5,0.5783792196603177,0.6772486772486773,0.06777676167004056,0.06141838885016298,0.08630107057024251,0.08572731418148655,0.0016016474087632996,0.0011872959335114278
2022-10-01,0.5822838205697184,0.1993124545327284,0.621959673398125,0.34434945260789745,0.5825346651327477,0.668686564787961,0.5524544763198628,0.8023115467612743,0.8308943737788589,0.5691139549893398,0.6867469879518042,0.586992773763206,0.8578811369509043,0.9349240780911061,0.9365750528541225,1.0,0.9999999999999999,1.0,0.0,0.0,0.0,0.0,0.0,0.0,0.0,0.49999999999999994,0.41209920503284914,0.3900649669357992,0.34924893478973684,0.34924893478973684,0.0,0.0,0.019934042442098954,0.957051130144329,0.5,0.5,0.5,0.5,0.5,0.5,0.5935066797313288,0.814814814814815,0.04659172521164142,0.041069157301937144,0.09014638409438497,0.09037847697218422,0.003203294817526599,0.002819827842089641
2022-11-01,0.6309233553708062,0.20251610430679762,0.8438604012855373,0.5047261925157284,0.8265015317706806,0.8565475499799048,0.8147936717430124,0.8092973921948722,0.8295386578412218,0.39797466350911215,0.599196787148595,0.39355197331850794,0.9999999999999999,1.0,1.0,0.9712918660287081,0.9773869346733668,0.9900990099009901,0.0,0.0,0.0,0.0,0.0,0.0,0.0,0.49999999999999994,0.0,0.0,0.0,0.0,0.598096381319249,0.5654343418199976,0.01991165189238176,0.9863231659839534,0.5,0.5,0.5,0.5,0.5,0.5,0.38644503043538864,1.0,0.05026720610001545,0.04597682623977737,0.09202534411186367,0.09183766529867761,0.001716050795103535,0.0014841199168892847
2022-12-01,0.6386838423798893,0.19829123379529226,0.8792634949571699,0.5303448174885712,0.8653756862273801,0.8865264182710342,0.856631973708665,0.8379357009619253,0.8275050839347662,0.3495358791339988,0.7582329317269156,0.3624235686492488,0.0,0.0,0.0,0.0,0.0,0.0,0.0,0.0,0.0,0.0,0.0,0.0,0.0,0.49999999999999994,0.5447739294632139,0.5307818671826587,0.530802606306213,0.530802606306213,0.598096381319249,0.5654343418199976,0.01592742171605498,1.0,0.5,0.5,0.5,0.5,0.5,0.5,0.38644503043538864,0.0,0.06740843611300888,0.06206307442492032,0.1308280533100284,0.13196534427724577,0.009838691225260269,0.00964677945978035
