Time,Factor_Global,Factor_Response,Factor_Pandemic,Factor_Uncat,Factor_Consumption,Factor_Employment,Factor_Inflation,Factor_Cases1,Factor_Cases2,Factor_Cases3,Factor_Cases4,Factor_Cases5,Factor_Hosp1,Factor_Hosp2,Factor_Deaths1,Factor_Deaths2,Factor_Deaths3,Factor_Deaths4,Factor_Deaths5,Factor_Vax1,Factor_Vax3,Factor_Gather1,Factor_Gather2,Factor_Gather3,Factor_Gather4,Factor_Curfew,Factor_Mask1,Factor_Mask2,Factor_School,Factor_ARP,Factor_PPP,Factor_CARES,Factor_Cons1,Factor_Cons2,Factor_Cons3,Factor_Cons4,Factor_Cons5,Factor_Employment1,Factor_Employment2,Factor_UI,Factor_PartR,Factor_UR,Factor_CPI,Factor_CPIU,Factor_PCE,Factor_PCEC,Factor_RPFI,Factor_FixAss,Factor_Prod,Factor_GDP,Factor_TBill1mo,Factor_TBill6mo,Factor_TBill1yr,Factor_TBill5yr,Factor_TBill10yr,Factor_TBill30yr,Factor_FFR,State,Time
2012-03-01,-0.07655745678983021,-1.1609325748575918,-1.175369519248508,0.7661620502743559,-0.03668481065233259,0.03765436381637961,-0.17078382426331828,29130.89687672332,8833.0,25314.68391236777,2425.728179676142,5851.155562239936,17037.8001704517,8276.883741916079,142036.0,133744.0,100.4235391,99.595,99.735,0.06,0.14,0.19,1.02,2.17,3.28,88.16599528751192,4.582989535,100.0,69.3,4.8,0.0,0.0,0.0,0.0,0.0,0.0,0.0,0.0,,0.0,0.0,,,,,,,,0.0,100.4389816,0.13,,,,,,,VT,2012-03-01
2012-04-01,-0.001098396847514116,-1.1161264822561079,-0.5333764183190997,0.8939608286778771,-0.0005101632448316234,0.016367210072951822,-0.08104447696834052,29272.19140314692,8114.0,25333.213172317606,2427.653055093826,5848.7706860526405,17056.78943117107,8276.423741146467,141899.0,133827.0,100.5903214,99.746,99.866,0.07,0.14,0.18,0.89,2.05,3.18,88.57008410269762,4.628847521,100.0,69.3,4.9,0.0,0.0,0.0,0.0,0.0,0.0,0.0,0.0,,0.0,0.0,,,,,,,,0.0,100.6145742,0.14,,,,,,,VT,2012-04-01
2012-05-01,0.07042796619137946,-1.1005557282380107,2.0608395503710417,0.8711704526602967,0.03531355616995966,0.0073297111103030775,-0.1056628163428301,29484.76585734236,8114.0,25413.450421369867,2435.491308619203,5860.63382587833,17117.325286872405,8296.125134497534,142206.0,133935.0,100.3822825,99.847,99.754,0.07,0.15,0.19,0.76,1.8,2.93,89.19136592016359,4.67490645,100.0,69.2,4.9,0.0,0.0,0.0,0.0,0.0,0.0,0.0,0.0,,0.0,0.0,,,,,,,,0.0,100.3950834,0.16,,,,,,,VT,2012-05-01
2012-06-01,0.14824033680740473,-1.065485096353395,1.4239745916850366,0.8761829163639813,0.07432811832234762,0.003573911098019312,-0.09395148199845081,29679.35087860066,5470.0,25478.01492417556,2441.827810318543,5868.871860707695,17167.31525314932,8310.69967102624,142391.0,134007.0,100.2993302,99.95,99.704,0.05,0.15,0.19,0.71,1.62,2.7,89.7597090487844,4.721166321,100.0,69.2,4.9,0.0,0.0,0.0,0.0,0.0,0.0,0.0,0.0,,0.0,0.0,,,,,,,,0.0,100.3072871,0.16,,,,,,,VT,2012-06-01
2012-07-01,0.17277924802129827,-0.9994527383012165,0.5124635586295119,0.8755977009767568,0.08663236120906091,0.002609326624318633,-0.09699357804970876,29597.92126194777,5765.0,25520.62027939312,2446.0597553639464,5872.050665062493,17202.509858966616,8318.11042042644,142292.0,134153.0,100.3282977,100.053,99.74,0.07,0.15,0.19,0.62,1.53,2.59,89.53980387006217,4.701317717,100.0,69.2,4.9,0.0,0.0,0.0,0.0,0.0,0.0,0.0,0.0,,0.0,0.0,,,,,,,,0.0,100.3511853,0.16,,,,,,,VT,2012-07-01
2012-08-01,0.18777069925846787,-0.9181134455227461,-2.6751522359225386,0.8758649072657682,0.09414922624370299,0.0023439689439476406,-0.09552600768838256,29428.36206178696,5262.0,25486.81821966855,2442.967774169373,5857.673411607964,17186.17703389128,8300.641185777336,142291.0,134330.0,100.9111577,100.116,100.075,0.09,0.14,0.18,0.71,1.68,2.77,89.0509984011991,4.681447471,100.0,69.2,4.8,0.0,0.0,0.0,0.0,0.0,0.0,0.0,0.0,,0.0,0.0,,,,,,,,0.0,100.9218613,0.13,,,,,,,VT,2012-08-01
2012-09-01,0.19855915950985895,-0.8484740471881732,-2.3342721129009405,0.8759441798878178,0.09955865310355322,0.002316713291542438,-0.09564831941691135,29268.970601420617,4051.0,25461.10242182129,2440.6499367397564,5845.196704489984,17175.255780591557,8285.84664122974,143044.0,134512.0,101.3926317,100.24,100.379,0.08,0.14,0.18,0.67,1.72,2.88,88.59062068759401,4.661555581,100.0,69.1,4.8,0.0,0.0,0.0,0.0,0.0,0.0,0.0,0.0,,0.0,0.0,,,,,,,,0.0,101.404741,0.14,,,,,,,VT,2012-09-01
2012-10-01,0.19175541217335831,-0.8001750564265947,-2.26520148366497,0.8758922983427853,0.09614734423646233,0.0025263427734495284,-0.09596860711105022,29036.65517777973,4168.0,25437.057785459136,2438.4914131330884,5833.1429555244285,17165.42341680155,8271.634368657516,143431.0,134671.0,101.6660668,100.482,100.677,0.11,0.15,0.18,0.71,1.75,2.9,87.9369427575315,4.656569851,100.0,69.1,4.7,0.0,0.0,0.0,0.0,0.0,0.0,0.0,0.0,,0.0,0.0,,,,,,,,0.0,101.6681299,0.16,,,,,,,VT,2012-10-01
2012-11-01,0.2261524663541905,-0.7236604565529345,1.610328595612448,0.8762036209549035,0.11339397038422758,0.0022407323847784518,-0.09447531941627156,28910.50171124522,5466.0,25505.60420373257,2445.208679144013,5842.336835339453,17218.058689249174,8287.545514483467,143333.0,134834.0,101.4953345,100.591,100.609,0.12,0.14,0.18,0.67,1.65,2.8,87.60144895585883,4.651193587,100.0,69.0,4.7,0.0,0.0,0.0,0.0,0.0,0.0,0.0,0.0,,0.0,0.0,,,,,,,,0.0,101.4925373,0.16,,,,,,,VT,2012-11-01
2012-12-01,0.26860747683588443,-0.6146423392559556,1.0716468086604036,0.8765687479274638,0.13468107333111923,0.00209551532680343,-0.09338346774227678,28769.29806248944,6340.0,25561.023132822364,2450.6675414790293,5848.518286560695,17261.83730478264,8299.185828039725,143330.0,135075.0,101.4830453,100.664,100.593,0.04,0.12,0.16,0.7,1.72,2.88,87.21717903830286,4.645426787,100.0,68.8,4.6,0.0,0.0,0.0,0.0,0.0,0.0,0.0,0.0,,0.0,0.0,,,,,,,,0.0,101.4925373,0.16,,,,,,,VT,2012-12-01
2013-01-01,0.17723809148033762,-0.46274035491282767,-1.5033504926927972,0.8757580507867239,0.08886879934030509,0.003377450221633293,-0.09759705258925129,28843.46856902845,8433.0,25555.29648334279,2454.2599740045835,5844.809681142736,17256.235096457578,8299.06965514732,143292.0,135265.0,101.6840618,100.871,100.787,0.05,0.11,0.15,0.81,1.91,3.08,87.42426536160417,4.672899571,96.446,68.7,4.6,0.0,0.0,0.0,0.0,0.0,0.0,0.0,0.0,,0.0,0.0,,,,,,,,0.0,101.7120281,0.14,,,,,,,VT,2013-01-01
2013-02-01,0.20697147271258043,-0.457483785396328,-3.3405745474748136,0.876016638058957,0.10377658328948688,0.0026732638700209177,-0.09470827127012858,28867.327032833746,8301.0,25505.391013220476,2453.586539602198,5831.0101888831805,17220.810760936867,8284.59672848538,143362.0,135544.0,102.2361988,100.992,101.156,0.08,0.12,0.16,0.85,1.98,3.17,87.47909826406737,4.700383028,96.446,68.6,4.6,0.0,0.0,0.0,0.0,0.0,0.0,0.0,0.0,,0.0,0.0,,,,,,,,0.0,102.238806,0.15,,,,,,,VT,2013-02-01
2013-03-01,0.2935281387242078,-0.4188947636351042,1.9780804118069166,0.8768055594985189,0.14717622372371267,0.0019681346168095356,-0.09236754455152288,29034.57628460845,8193.0,25582.34263484553,2465.106955841739,5846.2181879374,17271.04223790622,8311.32514377914,143316.0,135689.0,101.9487188,101.085,101.023,0.08,0.11,0.15,0.82,1.96,3.16,87.96864462548132,4.727877159,96.446,68.5,4.6,0.0,0.0,0.0,0.0,0.0,0.0,0.0,0.0,,0.0,0.0,,,,,,,,0.0,101.975417,0.14,,,,,,,VT,2013-03-01
2013-04-01,0.372927256062891,-0.32553707465175247,1.4311910665152965,0.8774949859946616,0.18698737322486692,0.0018577127162936534,-0.09026446967328113,29030.914830665217,7534.0,25645.770592275618,2475.3328578221585,5858.330691604581,17312.14006445821,8333.663549426741,143635.0,135876.0,101.735852,101.163,100.944,0.05,0.09,0.12,0.71,1.76,2.93,88.18933480939926,4.729622812,96.446,68.4,4.5,0.0,0.0,0.0,0.0,0.0,0.0,0.0,0.0,,0.0,0.0,,,,,,,,0.0,101.7559263,0.15,,,,,,,VT,2013-04-01
2013-05-01,0.4067844585462119,-0.27632116030906034,-0.09837253488549472,0.8777883870854708,0.20396381556445167,0.0023643765639935217,-0.08989685403645238,28985.57898557895,5614.0,25672.39217239214,2482.006732006732,5862.035112035116,17328.391578391547,8344.041844041847,143882.0,136091.0,101.7779865,101.272,101.01,0.02,0.08,0.12,0.84,1.93,3.11,88.28180087120087,4.731309266,96.446,68.4,4.5,0.0,0.0,0.0,0.0,0.0,0.0,0.0,0.0,,0.0,0.0,,,,,,,,0.0,101.7998244,0.11,,,,,,,VT,2013-05-01
2013-06-01,0.40348715892118564,-0.28869621752241037,-1.711556317145009,0.8777588043306366,0.20231081331939996,0.0031022681350362505,-0.09040010350366605,28896.846722250764,4957.0,25660.39040581657,2484.934998221836,5856.926937211049,17318.577863832143,8341.861935432884,143999.0,136269.0,102.0202597,101.438,101.228,0.03,0.09,0.14,1.2,2.3,3.4,88.23979397992652,4.732936522,96.446,68.3,4.5,0.0,0.0,0.0,0.0,0.0,0.0,0.0,0.0,,0.0,0.0,,,,,,,,0.0,102.0193152,0.09,,,,,,,VT,2013-06-01
2013-07-01,0.44201884755198295,-0.21776468001014215,-0.7275484794893867,0.8781018741525762,0.22163057202002964,0.0030538544131535716,-0.08870965701580762,28821.194361676207,5143.0,25671.721556787797,2490.1089251534227,5857.152488637184,17324.517697048665,8347.261413790606,144264.0,136391.0,102.2199594,101.567,101.354,0.02,0.07,0.12,1.4,2.58,3.61,87.99228885885115,4.733741086,96.446,68.3,4.4,0.0,0.0,0.0,0.0,0.0,0.0,0.0,0.0,,0.0,0.0,,,,,,,,0.0,102.238806,0.09,,,,,,,VT,2013-07-01
2013-08-01,0.4501538886036268,-0.19202795293277286,-1.0432389454209277,0.8781718297235821,0.22570971530219158,0.0034194086003318603,-0.08911955400989784,28737.23442682169,4731.0,25675.43427576918,2494.532558368633,5855.646405937021,17325.320986438084,8350.178964305655,144326.0,136635.0,102.4639882,101.685,101.51,0.04,0.07,0.13,1.52,2.74,3.76,87.71555385676288,4.734243652,96.446,68.2,4.4,0.0,0.0,0.0,0.0,0.0,0.0,0.0,0.0,,0.0,0.0,,,,,,,,0.0,102.5021949,0.08,,,,,,,VT,2013-08-01
2013-09-01,0.5042921952567087,-0.10283101260672652,0.19410980464884275,0.878658401356308,0.25285468143578194,0.003181442475434188,-0.08687108496519107,28686.26292466765,3605.0,25708.46873461349,2501.797144263909,5860.832102412604,17345.9133431807,8362.629246676514,144418.0,136819.0,102.5026115,101.799,101.55,0.02,0.04,0.12,1.6,2.81,3.79,87.53563904480552,4.73444422,96.446,68.1,4.3,0.0,0.0,0.0,0.0,0.0,0.0,0.0,0.0,,0.0,0.0,,,,,,,,0.0,102.5021949,0.08,,,,,,,VT,2013-09-01
2013-10-01,0.5204160433959636,-0.14932584705595683,-1.1973420917043986,0.8787949556635398,0.26093960623994555,0.0037926406494727992,-0.08743526738534062,28740.357706952967,3919.0,25708.07363860984,2505.800121900867,5858.401656803179,17343.95378253151,8364.201778704046,143537.0,137039.0,102.557474,102.015,101.722,0.11,0.08,0.12,1.37,2.62,3.68,87.66128356697666,4.751888659,96.446,68.1,4.3,0.0,0.0,0.0,0.0,0.0,0.0,0.0,0.0,,0.0,0.0,,,,,,,,0.0,102.5899912,0.09,,,,,,,VT,2013-10-01
2013-11-01,0.5244063682683563,-0.14192983862971295,-1.0590163209500452,0.8788292588102712,0.2629402672183194,0.003798215499261068,-0.08675433148338763,28797.944006569724,4829.0,25710.960172488787,2510.109834022045,5856.726638594704,17344.213674123046,8366.83647261675,144479.0,137314.0,102.7466402,102.194,101.881,0.05,0.1,0.12,1.37,2.72,3.8,87.79713582512932,4.769297868,96.446,68.0,4.2,0.0,0.0,0.0,0.0,0.0,0.0,0.0,0.0,,0.0,0.0,,,,,,,,0.0,102.7655838,0.08,,,,,,,VT,2013-11-01
2013-12-01,0.5519717947450841,-0.1314346129950041,-1.514765903978651,0.879072363813546,0.27676167655026773,0.0038103997592462504,-0.08611082025140664,28842.91367893108,5642.0,25702.75459425571,2513.322361976412,5852.533207946397,17336.996982876848,8365.855569922809,144778.0,137368.0,103.0183197,102.333,102.084,0.02,0.1,0.13,1.58,2.9,3.89,87.89409574468085,4.786671847,96.446,68.0,4.1,0.0,0.0,0.0,0.0,0.0,0.0,0.0,0.0,,0.0,0.0,,,,,,,,0.0,103.0289728,0.09,,,,,,,VT,2013-12-01
2014-01-01,0.7281776198102902,-0.1382500246732705,-0.1946720688274969,0.8806301437739918,0.36511114286818824,0.002137805239253768,-0.07903200603834976,28734.59264618657,7697.0,25725.155947515592,2519.318263295459,5846.850414230499,17359.07689499863,8366.168677525959,145150.0,137552.0,103.2680542,102.426,102.278,0.02,0.07,0.12,1.65,2.86,3.77,87.84207047458887,4.792883896,100.096,68.0,4.1,0.0,0.0,0.0,0.0,0.0,0.0,0.0,0.0,,0.0,0.0,,,,,,,,0.0,103.2923617,0.07,,,,,,,VT,2014-01-01
2014-02-01,0.7159068886072201,-0.10239131942995673,1.2064209180202121,0.8805266492276546,0.35895969121490934,0.003612490253619037,-0.08264666745329158,28664.165152077723,7465.0,25781.18587425981,2528.5980443888584,5848.837512295853,17403.83174708642,8377.435556684712,145134.0,137707.0,103.3817294,102.489,102.338,0.05,0.08,0.12,1.52,2.71,3.66,87.90399205573688,4.799030537,100.096,67.9,4.0,0.0,0.0,0.0,0.0,0.0,0.0,0.0,0.0,,0.0,0.0,,,,,,,,0.0,103.380158,0.07,,,,,,,VT,2014-02-01
2014-03-01,0.6872523868611108,-0.054756986051202446,-0.3287259331723429,0.8802677002080475,0.3445922434518125,0.004258907138190276,-0.08245801930782634,28553.387359449203,7436.0,25800.61535160859,2534.278302760793,5842.548979452522,17423.861209443843,8376.827282213315,145648.0,137986.0,103.5928407,102.684,102.543,0.05,0.08,0.13,1.64,2.72,3.62,87.8402546736491,4.80511177,100.096,67.9,4.0,0.0,0.0,0.0,0.0,0.0,0.0,0.0,0.0,,0.0,0.0,,,,,,,,0.0,103.5996488,0.08,,,,,,,VT,2014-03-01
2014-04-01,0.726770693358689,0.046157906991395846,-0.2596027730749272,0.8806194316898582,0.3644065972017762,0.004010710971190799,-0.0809794572019699,28668.86635131368,6934.0,25821.475151349983,2540.084223913618,5836.626371558535,17444.829443330575,8376.710595472154,145667.0,138298.0,103.7859569,102.879,102.742,0.02,0.05,0.11,1.7,2.71,3.52,87.93766581339666,4.848351445,100.096,67.9,4.0,0.0,0.0,0.0,0.0,0.0,0.0,0.0,0.0,,0.0,0.0,,,,,,,,0.0,103.8191396,0.09,,,,,,,VT,2014-04-01
2014-05-01,0.7283792881121418,0.10242731263838901,-0.03208131716915379,0.8806340013089117,0.3652133532955414,0.004285966019641032,-0.08151028496388313,28790.051723523644,4972.0,25847.77834996453,2546.4119032119143,5831.973040287343,17469.45008534216,8378.384943499257,145825.0,138501.0,103.9834622,103.061,102.919,0.03,0.05,0.1,1.59,2.56,3.39,88.05336173107005,4.891567079,100.096,67.9,4.0,0.0,0.0,0.0,0.0,0.0,0.0,0.0,0.0,,0.0,0.0,,,,,,,,0.0,103.9947322,0.09,,,,,,,VT,2014-05-01
2014-06-01,0.70096527052141,0.13239214476917666,0.5970760046855016,0.8803926361224572,0.3514679390575687,0.004547242895292793,-0.08231207675350184,28927.93710874946,4026.0,25889.309457951185,2554.229145436017,5830.785655359829,17504.34318435483,8385.014800795847,146247.0,138833.0,104.1208381,103.18,103.035,0.02,0.06,0.1,1.68,2.6,3.42,88.2207022856311,4.934758672,100.096,67.9,4.0,0.0,0.0,0.0,0.0,0.0,0.0,0.0,0.0,,0.0,0.0,,,,,,,,0.0,104.1264267,0.1,,,,,,,VT,2014-06-01
2014-07-01,0.6907604611115432,0.17275532729479473,0.18157627491382342,0.8803011806544282,0.34635111054870865,0.004483686141589261,-0.08238388728283856,29095.261168717898,4396.0,25920.94679717027,2561.060503278738,5827.397680653813,17532.528991827403,8388.458183932551,146399.0,139076.0,104.2380246,103.369,103.19,0.02,0.06,0.11,1.7,2.54,3.33,88.54343118519236,4.975520584,100.096,67.9,4.0,0.0,0.0,0.0,0.0,0.0,0.0,0.0,0.0,,0.0,0.0,,,,,,,,0.0,104.2581212,0.09,,,,,,,VT,2014-07-01
2014-08-01,0.6860085752717225,0.24378511830156968,1.9402006495534747,0.8802630982684783,0.34396836480555937,0.004192315328408132,-0.08231443130362404,29309.72988165967,4103.0,25994.746891264524,2572.052556932911,5833.502944777741,17589.223696495632,8405.555501710653,146530.0,139258.0,104.2213464,103.408,103.177,0.03,0.05,0.11,1.63,2.42,3.2,89.01097371507215,5.016400309,100.096,67.9,4.0,0.0,0.0,0.0,0.0,0.0,0.0,0.0,0.0,,0.0,0.0,,,,,,,,0.0,104.2581212,0.09,,,,,,,VT,2014-08-01
2014-09-01,0.6401146637515346,0.32673130957600865,1.5177243095811273,0.8798554109607286,0.32095698718620763,0.004067818205726342,-0.08378063164314889,29513.09554954798,3059.0,26058.71437845799,2582.07125761848,5837.40298247144,17639.264362470083,8419.47424008992,146778.0,139563.0,104.2288077,103.536,103.203,0.01,0.04,0.11,1.77,2.53,3.26,89.44590538065754,5.057397849,100.096,67.9,4.0,0.0,0.0,0.0,0.0,0.0,0.0,0.0,0.0,,0.0,0.0,,,,,,,,0.0,104.2581212,0.09,,,,,,,VT,2014-09-01
2014-10-01,0.5965110046396279,0.3986930196135412,2.054640960484913,0.8794714309069438,0.2990939180801581,0.004003210233837992,-0.08495987217765243,29648.242017762383,3253.0,26135.81515260184,2593.391291986906,5844.245002923781,17698.19501116208,8437.636294910688,147427.0,139805.0,104.2081794,103.629,103.177,0.02,0.05,0.1,1.55,2.3,3.04,89.96310480048848,5.088522598,100.096,67.9,4.0,0.0,0.0,0.0,0.0,0.0,0.0,0.0,0.0,,0.0,0.0,,,,,,,,0.0,104.214223,0.09,,,,,,,VT,2014-10-01
2014-11-01,0.5291912458380219,0.4046525404186397,2.6020680455849776,0.8788789685830487,0.2653396368141913,0.004229659156776224,-0.08720975207501266,29798.767515697007,4569.0,26226.43019263225,2606.0560502305284,5854.098365956013,17766.283859370018,8460.15441618654,147404.0,140089.0,104.0119908,103.74,103.098,0.04,0.07,0.13,1.62,2.33,3.04,90.52839930939494,5.119736232,100.096,67.9,3.9,0.0,0.0,0.0,0.0,0.0,0.0,0.0,0.0,,0.0,0.0,,,,,,,,0.0,104.0386304,0.09,,,,,,,VT,2014-11-01
2014-12-01,0.39024159593588764,0.3937937391088409,3.416836657017188,0.8776533063520442,0.19566971622245719,0.004281714410606802,-0.0911786820895149,29972.50825723723,5218.0,26337.38099863999,2620.7499514280166,5868.467068195066,17848.163979016907,8489.217019623082,147615.0,140366.0,103.6911544,103.837,102.94,0.03,0.11,0.21,1.64,2.21,2.83,91.1657928599184,5.151038751,100.096,67.8,3.9,0.0,0.0,0.0,0.0,0.0,0.0,0.0,0.0,,0.0,0.0,,,,,,,,0.0,103.7313433,0.12,,,,,,,VT,2014-12-01
2015-01-01,0.36539402933282544,0.5569959835564751,5.167947147948233,0.8774408786791605,0.18321069287852093,0.003740960223948148,-0.09108068713039862,30047.49589290655,7059.0,26490.45202426848,2638.9986824769435,5884.375152491094,17967.078189300442,8523.381967826408,148145.0,140562.0,103.0306089,103.816,102.465,0.02,0.08,0.2,1.37,1.88,2.46,91.34131459522764,5.1316466,99.393,67.8,3.8,0.0,0.0,0.0,0.0,0.0,0.0,0.0,0.0,,0.0,0.0,,,,,,,,0.0,103.0289728,0.11,,,,,,,VT,2015-01-01
2015-02-01,0.2871120377710591,0.6457407320033115,-1.7713449394284182,0.8767191264401174,0.1439599783208667,0.003898279984801699,-0.09408232824216956,29934.16736494076,7061.0,26477.75915713438,2640.742833758793,5863.407837558704,17973.608485816883,8504.166910250668,148045.0,140829.0,103.2917548,103.92,102.634,0.02,0.07,0.22,1.47,1.98,2.57,90.94248816181772,5.112208899,99.393,67.7,3.7,0.0,0.0,0.0,0.0,0.0,0.0,0.0,0.0,,0.0,0.0,,,,,,,,0.0,103.2923617,0.11,,,,,,,VT,2015-02-01
2015-03-01,0.21559055254738946,0.6114598615515706,-2.085279427757655,0.8761003969099328,0.10809902341402665,0.004450796250217163,-0.09634849947460267,29813.09138294872,6681.0,26457.901800040843,2641.7617255496884,5840.918594587235,17975.221479903917,8482.704631871711,148128.0,140924.0,103.5700178,104.08,102.831,0.02,0.11,0.25,1.52,2.04,2.63,90.51859172817537,5.092725649,99.393,67.7,3.7,0.0,0.0,0.0,0.0,0.0,0.0,0.0,0.0,,0.0,0.0,,,,,,,,0.0,103.5996488,0.11,,,,,,,VT,2015-03-01
2015-04-01,0.2392630825389583,0.70236582539815,-0.8100213571787729,0.8763136623541822,0.11996792235774326,0.003523898042804315,-0.09422975277020437,29836.782949502773,5841.0,26468.435202280347,2645.8070158390838,5825.187056651444,17997.44112978982,8471.026463252678,148511.0,141202.0,103.6779874,104.256,102.91,0.02,0.09,0.23,1.35,1.94,2.59,90.4298241473132,5.09606113,99.393,67.6,3.6,0.0,0.0,0.0,0.0,0.0,0.0,0.0,0.0,,0.0,0.0,,,,,,,,0.0,103.6874451,0.12,,,,,,,VT,2015-04-01
2015-05-01,0.23861125260580987,0.7294536973532119,-2.59890276373745,0.8762979762398893,0.11964133867196389,0.003642552528711809,-0.09528548912727826,29812.09688885445,4376.0,26436.08547571959,2645.556244910621,5800.074644228159,17990.45458658081,8445.67128103714,148817.0,141540.0,104.019891,104.385,103.156,0.01,0.08,0.24,1.54,2.2,2.96,90.19414129086044,5.099332028,99.393,67.5,3.6,0.0,0.0,0.0,0.0,0.0,0.0,0.0,0.0,,0.0,0.0,,,,,,,,0.0,104.0386304,0.12,,,,,,,VT,2015-05-01
2015-06-01,0.21359392422764228,0.7104287750830847,-2.105471625933599,0.876082622745352,0.10709767300619107,0.003922880314467337,-0.09594749043579211,29800.78563411897,3676.0,26415.64108518132,2646.48399705871,5777.651998916367,17991.50508920624,8424.184372460233,148816.0,141695.0,104.3078098,104.511,103.356,0.01,0.09,0.28,1.68,2.36,3.11,89.9988217036263,5.102538344,99.393,67.3,3.5,0.0,0.0,0.0,0.0,0.0,0.0,0.0,0.0,,0.0,0.0,,,,,,,,0.0,104.3459175,0.13,,,,,,,VT,2015-06-01
2015-07-01,0.19742505954416295,0.6686880535928272,-0.8794977625625012,0.8759423854624064,0.09899042323945198,0.0038142569822787417,-0.0961762203880137,29881.47833064259,3888.0,26424.620476084627,2650.3514080490327,5761.714407246644,18012.554660788952,8412.122208150859,148830.0,141989.0,104.4732753,104.603,103.441,0.03,0.12,0.3,1.63,2.32,3.07,90.23268243733142,5.124095642,99.393,67.2,3.5,0.0,0.0,0.0,0.0,0.0,0.0,0.0,0.0,,0.0,0.0,,,,,,,,0.0,104.4776119,0.13,,,,,,,VT,2015-07-01
2015-08-01,0.07373479598495135,0.5074828330933334,-0.012125315550686681,0.8748504286745994,0.03697195643542976,0.004386681102889521,-0.10063222823136553,29986.36917306317,3830.0,26455.050495285574,2656.367819647726,5750.468861777615,18048.213813860235,8406.901129779655,149181.0,142130.0,104.4728364,104.679,103.442,0.04,0.22,0.38,1.54,2.17,2.86,90.54013416213915,5.145693692,99.393,67.1,3.5,0.0,0.0,0.0,0.0,0.0,0.0,0.0,0.0,,0.0,0.0,,,,,,,,0.0,104.4776119,0.14,,,,,,,VT,2015-08-01
2015-09-01,0.09923012550583621,0.6268177153964397,1.6417410955782763,0.8750797319366401,0.04975437688429678,0.0026085205406462626,-0.09726138079207729,30136.122917251592,2738.0,26524.96877692687,2666.353629137662,5747.780499375538,18110.83464841367,8414.206740311165,148826.0,142265.0,104.2380246,104.814,103.289,0.01,0.18,0.37,1.49,2.17,2.95,90.9835430200699,5.167332495,99.393,67.0,3.4,0.0,0.0,0.0,0.0,0.0,0.0,0.0,0.0,,0.0,0.0,,,,,,,,0.0,104.2581212,0.14,,,,,,,VT,2015-09-01
2015-10-01,0.1836885845644564,0.8475382572701594,0.18576176013722595,0.8758150579813643,0.09210203795545571,0.0016100163524626833,-0.09534518131139724,30147.084454945096,2724.0,26559.556777762748,2672.7927648778978,5737.407285473594,18149.356727411254,8410.280741845314,149246.0,142585.0,104.3411662,104.829,103.274,0.01,0.11,0.26,1.39,2.07,2.89,91.15525945542925,5.16153233,99.393,66.9,3.4,0.0,0.0,0.0,0.0,0.0,0.0,0.0,0.0,,0.0,0.0,,,,,,,,0.0,104.3459175,0.12,,,,,,,VT,2015-10-01
2015-11-01,-0.15975316391635888,0.4131904209609311,-0.7306530992298318,0.8727831312387674,-0.0800989435113023,0.005208743858664883,-0.10994146741380813,30135.285522126636,3693.0,26574.081242278466,2677.2114537871234,5722.708226482286,18174.161562009056,8400.00838679918,149463.0,142810.0,104.465814,104.94,103.337,0.07,0.33,0.48,1.67,2.26,3.03,91.25800682233856,5.155734316,99.393,66.9,3.4,0.0,0.0,0.0,0.0,0.0,0.0,0.0,0.0,,0.0,0.0,,,,,,,,0.0,104.4776119,0.12,,,,,,,VT,2015-11-01
2015-12-01,-0.40235840480918256,0.07394163148963799,0.7925435307376185,0.8706479636446959,-0.2017430478630013,0.005126765455100266,-0.11347137391602401,30166.387417314752,4379.0,26626.441846726004,2685.4425537272527,5716.153525805546,18224.84576719321,8401.692929019013,150128.0,143083.0,104.3534555,105.009,103.253,0.17,0.5,0.65,1.7,2.24,2.97,91.49061367708444,5.149938453,99.393,67.0,3.3,0.0,0.0,0.0,0.0,0.0,0.0,0.0,0.0,,0.0,0.0,,,,,,,,0.0,104.3898156,0.24,,,,,,,VT,2015-12-01
2016-01-01,-0.16075108422235937,0.1744415665084778,-0.9411686555549592,0.8727789037748892,-0.08060223229835982,0.0013180365268659691,-0.10285387747377596,30227.83445943769,6476.0,26635.93273059329,2688.0094089404297,5709.897456746627,18238.03393155606,8397.995598835818,150653.0,143198.0,104.3056153,105.204,103.306,0.23,0.43,0.54,1.52,2.09,2.86,91.83526248233406,5.164167694,100.199,67.0,3.2,0.0,0.0,0.0,0.0,0.0,0.0,0.0,0.0,,0.0,0.0,,,,,,,,0.0,104.3459175,0.34,,,,,,,VT,2016-01-01
2016-02-01,-0.1392721170544085,0.1710197822823611,0.3239528928717177,0.8729715973352629,-0.06983168080151375,0.001367849732329567,-0.10560679061975801,30323.54403569603,6378.0,26675.610055339203,2693.622750431025,5710.111517922289,18271.8919302868,8403.814984857587,150939.0,143410.0,104.1669227,105.369,103.242,0.26,0.45,0.53,1.22,1.78,2.62,92.28453923790704,5.178413306,100.199,67.1,3.2,0.0,0.0,0.0,0.0,0.0,0.0,0.0,0.0,,0.0,0.0,,,,,,,,0.0,104.1703248,0.38,,,,,,,VT,2016-02-01
2016-03-01,-0.19793837811474413,0.08602659275515076,-2.9510613596652315,0.872435756042831,-0.09924678591273632,0.0020967679931496058,-0.10707951021259486,30330.30218107672,6269.0,26637.112126863867,2691.3394729467245,5693.605589431876,18252.191223509628,8385.017539451686,151218.0,143666.0,104.4934648,105.521,103.481,0.25,0.47,0.66,1.38,1.89,2.68,92.46335711869811,5.192675289,100.199,67.1,3.2,0.0,0.0,0.0,0.0,0.0,0.0,0.0,0.0,,0.0,0.0,,,,,,,,0.0,104.5215101,0.36,,,,,,,VT,2016-03-01
2016-04-01,0.019634490207179632,0.28255849804816807,-3.991060253161347,0.874367325961787,0.009844260721234233,0.0008374491559690622,-0.09876476636809084,30283.174248480587,5546.0,26572.40367420196,2686.3989674734885,5671.543556501614,18214.49325615066,8358.006735822823,151074.0,143856.0,104.8937422,105.786,103.823,0.19,0.37,0.56,1.26,1.81,2.62,92.32516690906638,5.193616918,100.199,67.1,3.1,0.0,0.0,0.0,0.0,0.0,0.0,0.0,0.0,,0.0,0.0,,,,,,,,0.0,104.9165935,0.37,,,,,,,VT,2016-04-01
2016-05-01,-0.010778865772407777,0.17815810474923877,-1.977039121953554,0.8741002431106192,-0.0054039520885455295,0.0024634136518628174,-0.10301292254628787,30291.025899958644,4206.0,26556.04925448253,2686.339286572992,5659.84143929266,18209.908601581792,8346.236828016454,151132.0,143901.0,105.141721,105.948,103.977,0.23,0.42,0.59,1.3,1.81,2.63,92.35354989084124,5.194528364,100.199,67.1,3.1,0.0,0.0,0.0,0.0,0.0,0.0,0.0,0.0,,0.0,0.0,,,,,,,,0.0,105.1799824,0.37,,,,,,,VT,2016-05-01
2016-06-01,0.07934715237107443,0.22967950988954433,-2.419632623660455,0.8748958462858211,0.03978512512162915,0.002232807766979217,-0.09815855989039096,30286.057115430765,3879.0,26528.533717302616,2685.145188384929,5645.788336933046,18197.64818814495,8330.981521478281,151223.0,144152.0,105.4335899,106.077,104.175,0.22,0.4,0.55,1.17,1.64,2.45,92.3418134677226,5.19540963,100.199,67.1,3.1,0.0,0.0,0.0,0.0,0.0,0.0,0.0,0.0,,0.0,0.0,,,,,,,,0.0,105.4433714,0.38,,,,,,,VT,2016-06-01
2016-07-01,0.147011111348301,0.23648305132119873,-0.7529335507525402,0.8755020036545738,0.07371225433895627,0.0023963195363534803,-0.09727207656524274,30359.790695145464,3846.0,26540.53682345343,2687.9473795313666,5640.164526921136,18212.480889417664,8328.151886750205,151554.0,144515.0,105.380483,106.257,104.218,0.26,0.4,0.51,1.07,1.5,2.23,92.6058877065382,5.210424067,100.199,67.1,3.1,0.0,0.0,0.0,0.0,0.0,0.0,0.0,0.0,,0.0,0.0,,,,,,,,0.0,105.3994732,0.39,,,,,,,VT,2016-07-01
2016-08-01,0.07104805695519781,0.1481541568633995,-1.9692234972373965,0.8748205458036197,0.03562455405067312,0.003311902611983757,-0.10025691805638226,30400.514815311577,3914.0,26523.783062192982,2687.83413493782,5628.445142787792,18207.56765733488,8316.311214159341,151779.0,144664.0,105.5753549,106.456,104.374,0.26,0.45,0.57,1.13,1.56,2.26,92.76912590300267,5.225434844,100.199,67.1,3.1,0.0,0.0,0.0,0.0,0.0,0.0,0.0,0.0,,0.0,0.0,,,,,,,,0.0,105.5750658,0.4,,,,,,,VT,2016-08-01
2016-09-01,0.056661466937804286,0.12903625200251148,-2.2326572330716177,0.8746936678317502,0.028410751339789524,0.0031287591030872922,-0.09969320768131525,30433.838649514608,2510.0,26500.74123666969,2687.078571086988,5615.417722729664,18198.316675433984,8302.520204676965,151761.0,144961.0,105.8523012,106.579,104.555,0.19,0.47,0.59,1.18,1.63,2.35,92.90958294677444,5.240441958,100.199,67.1,3.1,0.0,0.0,0.0,0.0,0.0,0.0,0.0,0.0,,0.0,0.0,,,,,,,,0.0,105.8823529,0.4,,,,,,,VT,2016-09-01
2016-10-01,0.08144242066491549,0.034741114701471,-2.7478851749139057,0.8749161011809491,0.0408362261801012,0.0035478243826408177,-0.0997155730493245,30388.34704381625,2673.0,26465.14483486983,2685.043803561545,5599.762054727416,18180.418503744106,8284.821763721613,151793.0,145069.0,106.10028,106.737,104.786,0.24,0.48,0.66,1.27,1.76,2.5,92.76398038860152,5.239802494,100.199,67.1,3.1,0.0,0.0,0.0,0.0,0.0,0.0,0.0,0.0,,0.0,0.0,,,,,,,,0.0,106.1018437,0.4,,,,,,,VT,2016-10-01
2016-11-01,-0.047393385354497525,-0.19227172781348323,-0.7593539853809284,0.8737782147304421,-0.023762172905325073,0.004398945678303704,-0.10415834246548804,30398.342650360315,3336.0,26477.86172641645,2687.906626218686,5594.350002225908,18195.69254447055,8282.264578126296,151954.0,145189.0,106.2253667,106.789,104.826,0.3,0.58,0.74,1.6,2.14,2.86,92.78609073130713,5.239089365,100.199,67.1,3.1,0.0,0.0,0.0,0.0,0.0,0.0,0.0,0.0,,0.0,0.0,,,,,,,,0.0,106.2335382,0.41,,,,,,,VT,2016-11-01
2016-12-01,-0.14155573584385397,-0.40194524494238115,-2.369147769564608,0.8729457309351045,-0.07097579817951023,0.00433743008389171,-0.1060977405031371,30364.60763495434,4541.0,26452.479122427794,2686.8983117019147,5580.905948560709,18184.770084843403,8267.804260262625,152157.0,145408.0,106.493535,106.929,105.017,0.42,0.64,0.87,1.96,2.49,3.11,92.6730561718579,5.238302572,100.199,67.1,3.1,0.0,0.0,0.0,0.0,0.0,0.0,0.0,0.0,,0.0,0.0,,,,,,,,0.0,106.4969271,0.54,,,,,,,VT,2016-12-01
2017-01-01,-0.105805491602016,-0.34462785529845874,-2.398088437806158,0.8732585441989679,-0.05305160888814887,0.0020941170592261027,-0.10282056771801959,30305.131805302542,6065.0,26426.16468073268,2684.75827261688,5572.26839202591,18169.224979761213,8257.034570431088,152152.0,145639.0,106.9240965,107.205,105.408,0.5,0.62,0.83,1.92,2.43,3.02,92.5169190004554,5.253840003,101.069,67.3,3.1,0.0,0.0,0.0,0.0,0.0,0.0,0.0,0.0,,0.0,0.0,,,,,,,,0.0,106.9359087,0.65,,,,,,,VT,2017-01-01
2017-02-01,-0.13566606538297338,-0.3607435211971327,-0.005800729806549471,0.8730001988728311,-0.06802338863618802,0.0020214721260861344,-0.1054378935331312,30311.70471409179,6005.0,26457.31110479616,2688.4531590413944,5575.763316598779,18193.173565722554,8264.23226295349,152480.0,145845.0,107.09439,107.414,105.57,0.48,0.65,0.82,1.9,2.42,3.03,92.56135124561904,5.269310133,101.069,67.3,3.1,0.0,0.0,0.0,0.0,0.0,0.0,0.0,0.0,,0.0,0.0,,,,,,,,0.0,107.1115013,0.66,,,,,,,VT,2017-02-01
2017-03-01,-0.4596253410908956,-0.853711620524841,2.218646007227219,0.8701423243467525,-0.23045660033551674,0.0044320979509198865,-0.11719423455311065,30381.47319736144,6095.0,26543.59219804382,2697.7500189551897,5590.880658124194,18255.03260292668,8288.654371066797,153065.0,145975.0,107.0443553,107.364,105.512,0.66,0.89,1.01,2.01,2.48,3.08,92.79780212677232,5.284712961,101.069,67.4,3.1,0.0,0.0,0.0,0.0,0.0,0.0,0.0,0.0,,0.0,0.0,,,,,,,,0.0,107.0676032,0.79,,,,,,,VT,2017-03-01
2017-04-01,-0.5225294044073254,-0.9506554111068766,-0.8409153570424391,0.8695787091769933,-0.2619984891003682,0.002566431900811521,-0.11471388211861773,30325.093307106505,4962.0,26556.93624854999,2699.6330761083373,5590.64028849549,18266.725929288372,8290.304887274928,153255.0,146172.0,107.1764644,107.62,105.744,0.75,0.95,1.04,1.82,2.3,2.94,92.69248635383568,5.289384473,101.069,67.4,3.1,0.0,0.0,0.0,0.0,0.0,0.0,0.0,0.0,,0.0,0.0,,,,,,,,0.0,107.1992976,0.9,,,,,,,VT,2017-04-01
2017-05-01,-0.6518867112179723,-1.1020872007694276,1.8740585607670293,0.8684405107501231,-0.32685879305536514,0.0017506616751214326,-0.11991693507159643,30343.978407148817,3760.0,26636.073115512896,2708.203265414231,5604.256137629198,18323.66889279878,8312.498817564372,153069.0,146389.0,107.0935122,107.719,105.714,0.73,1.04,1.12,1.84,2.3,2.96,92.81557504209472,5.293973485,101.069,67.4,3.0,0.0,0.0,0.0,0.0,0.0,0.0,0.0,0.0,,0.0,0.0,,,,,,,,0.0,107.1115013,0.91,,,,,,,VT,2017-05-01
2017-06-01,-0.754548569338506,-1.2444732067469262,0.4702834235797223,0.8675298190842804,-0.37833408869759577,0.0010179199132816354,-0.12192723326864578,30325.28469498653,3181.0,26682.181165241225,2713.41492227,5610.924727118084,18357.888768133063,8324.386901668007,153318.0,146588.0,107.1632974,107.876,105.815,0.84,1.11,1.2,1.77,2.19,2.8,92.82215156641308,5.298479995,101.069,67.4,3.0,0.0,0.0,0.0,0.0,0.0,0.0,0.0,0.0,,0.0,0.0,,,,,,,,0.0,107.1992976,1.04,,,,,,,VT,2017-06-01
2017-07-01,-0.7518866637660414,-1.3297220579796498,1.2458072829928875,0.8675575380975402,-0.3769998448413174,-8.116550313902491e-05,-0.12114136549196454,30404.911723764388,3489.0,26746.88844378101,2720.517374955122,5621.508159961707,18404.90227571919,8342.080648513822,153569.0,146772.0,107.1984094,107.941,105.842,0.97,1.13,1.22,1.87,2.32,2.88,92.97279900228644,5.299805274,101.069,67.4,2.9,0.0,0.0,0.0,0.0,0.0,0.0,0.0,0.0,,0.0,0.0,,,,,,,,0.0,107.1992976,1.15,,,,,,,VT,2017-07-01
2017-08-01,-0.749144978017513,-1.3123454631928335,-1.1172163742415073,0.867566231011135,-0.37562533332488096,-0.0009209499744235469,-0.12092528020791157,30420.13453605167,3392.0,26754.953986910823,2721.857238460596,5620.194860484037,18412.93330694136,8342.114936894988,153503.0,146907.0,107.610976,108.074,106.093,0.98,1.13,1.23,1.78,2.21,2.8,92.92578253984712,5.301101513,101.069,67.3,2.9,0.0,0.0,0.0,0.0,0.0,0.0,0.0,0.0,,0.0,0.0,,,,,,,,0.0,107.6382792,1.16,,,,,,,VT,2017-08-01
2017-09-01,-0.7502306056904205,-1.4266084722257528,-2.6589231548710055,0.8675606943930794,-0.376169304653786,-0.0004966029686643571,-0.12179759030801457,30393.27267092993,2150.0,26726.037881135497,2719.431689062925,5611.131457118442,18395.49821111643,8330.633574668282,154286.0,146999.0,108.1604796,108.215,106.491,0.99,1.17,1.28,1.8,2.2,2.78,92.74981109201715,5.302368714,101.069,67.3,2.9,0.0,0.0,0.0,0.0,0.0,0.0,0.0,0.0,,0.0,0.0,,,,,,,,0.0,108.1650571,1.15,,,,,,,VT,2017-09-01
2017-10-01,-0.8056451397111114,-1.6632551570148215,-0.14318807134248634,0.8670819632128122,-0.40395407796401034,0.0002531656026464462,-0.12379214426590071,30407.133748405973,2202.0,26757.66696671921,2723.1640537093995,5614.795089140604,18419.723451604063,8338.037281524268,153609.0,147147.0,108.2443097,108.499,106.648,1.0,1.25,1.4,1.98,2.36,2.88,92.58332726352111,5.31987011,101.069,67.3,3.0,0.0,0.0,0.0,0.0,0.0,0.0,0.0,0.0,,0.0,0.0,,,,,,,,0.0,108.2528534,1.15,,,,,,,VT,2017-10-01
2017-11-01,-0.9617254932737653,-1.9988231744601972,-0.3924207430282648,0.8656910306981792,-0.48221318880385644,0.0009444838581147462,-0.1286981792631455,30415.258600514862,3072.0,26784.187534129,2726.3749122396443,5617.39605273422,18440.42437007564,8343.856775099463,153805.0,147377.0,108.5331063,108.582,106.825,1.09,1.39,1.56,2.05,2.35,2.8,92.39771969108357,5.337096515,101.069,67.2,3.0,0.0,0.0,0.0,0.0,0.0,0.0,0.0,0.0,,0.0,0.0,,,,,,,,0.0,108.5601405,1.16,,,,,,,VT,2017-11-01
2017-12-01,-1.0721157435830726,-2.293755113950842,-0.1913171176941581,0.8647259828156618,-0.5375637256625933,0.00047154266411487576,-0.1308358240823096,30429.6130117779,3674.0,26816.133856795663,2730.1364741073094,5621.144139091419,18464.85324359693,8351.374088614693,153904.0,147521.0,108.7617735,108.742,106.98,1.2,1.5,1.7,2.18,2.4,2.77,92.2293820433726,5.354047929,101.069,67.2,3.0,0.0,0.0,0.0,0.0,0.0,0.0,0.0,0.0,,0.0,0.0,,,,,,,,0.0,108.7796313,1.3,,,,,,,VT,2017-12-01
2018-01-01,-1.307549036182594,-2.4946408660761987,-0.4201693055842573,0.8626371215907869,-0.6556115818826397,-0.0011621287584287535,-0.1367211766492906,30542.71219487966,5460.0,26843.901939233623,2727.2141601932435,5625.873213986327,18490.814565054025,8353.17275510267,154425.0,147670.0,109.1734623,109.08,107.362,1.3,1.62,1.8,2.38,2.58,2.88,92.16119138987725,5.369137978,102.202,67.3,3.0,0.0,0.0,0.0,0.0,0.0,0.0,0.0,0.0,,0.0,0.0,,,,,,,,0.0,109.1747147,1.41,,,,,,,VT,2018-01-01
2018-02-01,-1.5185271081743883,-2.8790269290811796,0.7613212488165588,0.8607740196092745,-0.7613965352062392,-0.0010247060345601683,-0.1438088137496403,30688.904374758004,5144.0,26901.18466898955,2727.324816105301,5636.794425087109,18537.065427797166,8364.196670538138,155197.0,148058.0,109.4789372,109.311,107.625,1.38,1.79,1.96,2.6,2.86,3.13,92.19399763995357,5.384151491,102.202,67.3,2.9,0.0,0.0,0.0,0.0,0.0,0.0,0.0,0.0,,0.0,0.0,,,,,,,,0.0,109.4820018,1.42,,,,,,,VT,2018-02-01
2018-03-01,-1.59144426743589,-3.2434295043290167,1.8888426954955242,0.8601364884898787,-0.7979580409704596,-0.001895502292152808,-0.144324332657117,30866.140271115357,5211.0,26985.9524759457,2730.243929595368,5653.478942631544,18602.229603718788,8383.79246035796,155214.0,148281.0,109.541261,109.562,107.777,1.64,1.92,2.06,2.63,2.84,3.09,92.32031683939988,5.399088468,102.202,67.4,2.9,0.0,0.0,0.0,0.0,0.0,0.0,0.0,0.0,,0.0,0.0,,,,,,,,0.0,109.5697981,1.51,,,,,,,VT,2018-03-01
2018-04-01,-1.6548241810161912,-3.393256116369776,1.244599043328547,0.8595732386474377,-0.8297376472339693,-0.003605620691140711,-0.14528146521747168,30892.105295650166,4426.0,27055.691373115533,2731.6615426405438,5667.018557617514,18657.01127285745,8398.741835512585,155312.0,148426.0,109.7892399,109.75,107.988,1.66,1.98,2.15,2.7,2.87,3.07,92.40136527206728,5.417811099,102.202,67.5,2.8,0.0,0.0,0.0,0.0,0.0,0.0,0.0,0.0,,0.0,0.0,,,,,,,,0.0,109.7892888,1.69,,,,,,,VT,2018-04-01
2018-05-01,-1.7706442536750209,-3.610688490183763,1.2667285350747388,0.8585436599163783,-0.8878102374985266,-0.004193745668274085,-0.1491281255278325,30919.683651745767,3125.0,27126.66253824185,2733.2251932503304,5680.820385792056,18712.616959199488,8414.099495038192,155652.0,148755.0,110.067064,109.956,108.193,1.71,2.07,2.27,2.82,2.98,3.13,92.48597986930764,5.436450024,102.202,67.5,2.7,0.0,0.0,0.0,0.0,0.0,0.0,0.0,0.0,,0.0,0.0,,,,,,,,0.0,110.0965759,1.7,,,,,,,VT,2018-05-01
2018-06-01,-1.7409788554800694,-3.7685376549097014,2.1083845349318797,0.8588159349177452,-0.8729363532753953,-0.005240275930411591,-0.1470045805328868,30970.3001375592,2777.0,27217.70359223391,2736.828014069813,5698.828438749227,18782.047139414863,8435.702613624822,155762.0,148966.0,110.2158513,110.073,108.317,1.81,2.11,2.33,2.78,2.91,3.05,92.63825382903885,5.455005243,102.202,67.4,2.6,0.0,0.0,0.0,0.0,0.0,0.0,0.0,0.0,,0.0,0.0,,,,,,,,0.0,110.2282704,1.82,,,,,,,VT,2018-06-01
2018-07-01,-1.780513078968113,-3.9211878248651377,2.3395064575946587,0.8584634257281426,-0.8927588344696784,-0.005458306100558019,-0.1489269753694192,30930.05094526993,3111.0,27314.58166154754,2741.0292358824445,5718.0608207199975,18855.491604945077,8459.128488459677,156146.0,149022.0,110.305826,110.219,108.417,1.89,2.17,2.39,2.78,2.89,3.01,92.56671213924017,5.43941024,102.202,67.3,2.6,0.0,0.0,0.0,0.0,0.0,0.0,0.0,0.0,,0.0,0.0,,,,,,,,0.0,110.3160667,1.91,,,,,,,VT,2018-07-01
2018-08-01,-1.8208147221898736,-4.090865478382222,2.4775584341198886,0.8581023801758034,-0.9129662742315993,-0.005607801898936543,-0.149768696944211,30894.14634446066,2863.0,27415.070689941203,2745.602231602487,5738.050911503936,18931.417546834808,8483.683864506342,155504.0,149272.0,110.4927976,110.246,108.502,1.94,2.24,2.45,2.77,2.89,3.04,92.50475419807933,5.423755749,102.202,67.2,2.5,0.0,0.0,0.0,0.0,0.0,0.0,0.0,0.0,,0.0,0.0,,,,,,,,0.0,110.4916594,1.91,,,,,,,VT,2018-08-01
2018-09-01,-1.916050627764705,-4.351619275016949,0.8517025784069792,0.8572624415272584,-0.9607177393406969,-0.005267708820125782,-0.15311086619780834,30815.44630212069,2065.0,27477.19288565175,2746.3490224208645,5750.013794625614,18980.83006860527,8496.385808089168,156015.0,149361.0,110.707859,110.476,108.738,2.04,2.34,2.56,2.89,3.0,3.15,92.31119360297228,5.408041771,102.202,67.1,2.4,0.0,0.0,0.0,0.0,0.0,0.0,0.0,0.0,,0.0,0.0,,,,,,,,0.0,110.7111501,1.95,,,,,,,VT,2018-09-01
2018-10-01,-2.005713396020061,-4.6551734334581,1.3451455495695948,0.8564748395545834,-1.0056751916960924,-0.005450381184730707,-0.15512843552042524,30793.88686913196,2071.0,27551.68741507841,2748.353592107038,5764.569791781426,19038.764031189912,8512.938685077053,156391.0,149526.0,110.9812941,110.626,108.924,2.17,2.46,2.65,3.0,3.15,3.34,92.45091577613748,5.406556908,102.202,67.0,2.4,0.0,0.0,0.0,0.0,0.0,0.0,0.0,0.0,,0.0,0.0,,,,,,,,0.0,111.0184372,2.19,,,,,,,VT,2018-10-01
2018-11-01,-1.9604568727507505,-4.857530861262379,2.833381895191295,0.8568771603394139,-0.9829839347724513,-0.006505745649096475,-0.15274483012716056,30812.21876558168,2846.0,27661.67442116565,2753.910133463031,5786.553974066019,19121.210313636628,8540.471754963954,156721.0,149622.0,110.8913194,110.831,108.969,2.24,2.52,2.7,2.95,3.12,3.36,92.70914544503482,5.405063336,102.202,66.9,2.3,0.0,0.0,0.0,0.0,0.0,0.0,0.0,0.0,,0.0,0.0,,,,,,,,0.0,110.9306409,2.2,,,,,,,VT,2018-11-01
2018-12-01,-1.8642254655628339,-4.925510502970337,3.091669713709017,0.8577250721356084,-0.9347334707777785,-0.007665053166025845,-0.1495360743942899,30837.041590590048,3526.0,27777.43116404107,2760.0444073363856,5809.745758824124,19207.64099788056,8569.790166160508,156817.0,149805.0,110.844796,111.009,108.991,2.37,2.54,2.66,2.68,2.83,3.1,92.9859576478792,5.403561053,102.202,66.9,2.3,0.0,0.0,0.0,0.0,0.0,0.0,0.0,0.0,,0.0,0.0,,,,,,,,0.0,110.8867428,2.27,,,,,,,VT,2018-12-01
2019-01-01,-1.4556273782095834,-5.068447165251347,0.5898675234012227,0.8613404833338244,-0.7298610437154218,-0.00855388073029978,-0.13696203032713775,31023.794011580423,5225.0,27830.971978796715,2761.897770477559,5817.16784275581,19251.91401243684,8579.06561323337,156529.0,150114.0,110.809245,111.134,108.977,2.4,2.51,2.58,2.54,2.71,3.04,93.64634308156766,5.426844396,103.455,66.9,2.2,0.0,0.0,0.0,0.0,0.0,0.0,0.0,0.0,,0.0,0.0,,,,,,,,0.0,110.8428446,2.4,,,,,,,VT,2019-01-01
2019-02-01,-1.2682357942992089,-5.1420639586595085,-1.3163391182281576,0.8629848871805224,-0.6359012397096813,-0.0074372158304069754,-0.13387793850076307,31158.265076136548,5005.0,27837.77386864081,2759.1177566440088,5814.826012863503,19263.84536919969,8573.943769507512,156908.0,150092.0,111.1011139,111.207,109.146,2.43,2.5,2.55,2.49,2.68,3.02,94.15102413281292,5.450154641,103.455,66.9,2.2,0.0,0.0,0.0,0.0,0.0,0.0,0.0,0.0,,0.0,0.0,,,,,,,,0.0,111.1062335,2.4,,,,,,,VT,2019-02-01
2019-03-01,-1.087636135155026,-5.226709741446299,-2.6309250196308565,0.8645804405438038,-0.5453474858485866,-0.00635645937400035,-0.12860352592475888,31255.72215673912,5006.0,27811.98888919346,2753.1226300448634,5805.693374633371,19253.195727456303,8558.816004678234,156755.0,150320.0,111.6005829,111.35,109.443,2.45,2.51,2.49,2.37,2.57,2.98,94.54568076532988,5.473491789,103.455,66.9,2.1,0.0,0.0,0.0,0.0,0.0,0.0,0.0,0.0,,0.0,0.0,,,,,,,,0.0,111.6330114,2.41,,,,,,,VT,2019-03-01
2019-04-01,-0.8413687004268027,-5.213058835991986,-2.9862686589329526,0.8667632214615502,-0.42186781449882615,-0.0055541957946742635,-0.12180402524320404,31166.21121029941,4289.0,27776.21910487639,2746.158984635935,5794.498087083257,19235.59239691501,8540.657071719193,156683.0,150563.0,111.9912044,111.65,109.78,2.43,2.46,2.42,2.33,2.53,2.94,94.17954718527965,5.478748082,103.455,66.8,2.1,0.0,0.0,0.0,0.0,0.0,0.0,0.0,0.0,,0.0,0.0,,,,,,,,0.0,112.0280948,2.42,,,,,,,VT,2019-04-01
2019-05-01,-0.6248543868868285,-5.180793331662181,-0.1749371044837598,0.868682018757325,-0.3133064021166993,-0.004830666582779358,-0.115985989892014,31151.082629381464,3096.0,27806.575577726024,2745.745946208373,5797.111673463443,19263.755886493866,8542.857619671817,156814.0,150630.0,112.0623063,111.773,109.856,2.4,2.42,2.34,2.19,2.4,2.82,94.03598938610544,5.483776258,103.455,66.8,2.1,0.0,0.0,0.0,0.0,0.0,0.0,0.0,0.0,,0.0,0.0,,,,,,,,0.0,112.071993,2.39,,,,,,,VT,2019-05-01
2019-06-01,-0.15873959202089666,-4.594180206172962,-0.09981788139693387,0.8727994075804933,-0.07959577094533933,-0.007001821700073356,-0.0995380283683243,31135.12530131441,2673.0,27836.13044071497,2745.258561877473,5799.56337835994,19291.353981898395,8544.821940237412,157164.0,150797.0,112.0781068,112.0,109.935,2.22,2.17,2.0,1.83,2.07,2.57,93.8875135307227,5.488576316,103.455,66.8,2.2,0.0,0.0,0.0,0.0,0.0,0.0,0.0,0.0,,0.0,0.0,,,,,,,,0.0,112.1158911,2.38,,,,,,,VT,2019-06-01
2019-07-01,-0.021033672745873526,-4.420621998454709,-0.9124532983207609,0.8740139402634264,-0.01054764095027062,-0.0045675611744313265,-0.10069511862239054,31292.22906485975,3163.0,27845.39423886252,2742.777384174733,5797.795520191836,19304.874319520863,8540.572904366567,157525.0,150879.0,112.3146742,112.157,110.094,2.15,2.08,1.96,1.83,2.06,2.57,94.19779779097864,5.515186328,103.455,66.7,2.3,0.0,0.0,0.0,0.0,0.0,0.0,0.0,0.0,,0.0,0.0,,,,,,,,0.0,112.3353819,2.4,,,,,,,VT,2019-07-01
2019-08-01,0.2554706274220171,-4.058067964557373,0.42820425553702257,0.8764525051222355,0.12809241334852858,-0.0042342476723564075,-0.09014402986404033,31483.43200280872,2827.0,27885.234688071312,2743.3140837056167,5802.400755457088,19339.58038232911,8545.714839162703,157782.0,151111.0,112.4371275,112.27,110.132,2.07,1.93,1.77,1.49,1.63,2.12,94.6119260523735,5.54185087,103.455,66.8,2.4,0.0,0.0,0.0,0.0,0.0,0.0,0.0,0.0,,0.0,0.0,,,,,,,,0.0,112.4670764,2.13,,,,,,,VT,2019-08-01
2019-09-01,0.25445519816660783,-3.958046404507439,0.036512883296992246,0.8764479441276529,0.12758457364278605,-0.001723427638789814,-0.0939889987191576,31663.868901249472,1736.0,27915.672325714346,2742.92921502264,5805.053218035153,19367.75794640994,8547.982433057792,158302.0,151318.0,112.6201491,112.339,110.207,1.99,1.89,1.8,1.57,1.7,2.16,94.99477056811274,5.568569943,103.455,66.8,2.5,0.0,0.0,0.0,0.0,0.0,0.0,0.0,0.0,,0.0,0.0,,,,,,,,0.0,112.642669,2.04,,,,,,,VT,2019-09-01
2019-10-01,0.5426899146583315,-3.4384065597166646,-1.3841488658390184,0.878988157894124,0.27210556046015716,-0.0026973273763554236,-0.0818493809007727,31688.05411915996,1777.0,27910.38400816252,2739.04289263408,5800.286172264836,19371.13041063302,8539.329064898915,158474.0,151447.0,112.9313296,112.496,110.423,1.73,1.67,1.61,1.53,1.71,2.19,95.13089700515292,5.563293874,103.455,66.9,2.6,0.0,0.0,0.0,0.0,0.0,0.0,0.0,0.0,,0.0,0.0,,,,,,,,0.0,112.9499561,1.83,,,,,,,VT,2019-10-01
2019-11-01,0.5812786359848047,-3.212455528190355,0.4198633850624309,0.8793306349773596,0.291455407403324,-0.0006825894113695824,-0.08497746354918088,31760.946509880603,2937.0,27948.0593348964,2739.3808821177618,5804.456453846781,19404.304978470613,8543.837335964543,158642.0,151662.0,113.1433186,112.524,110.469,1.58,1.59,1.57,1.64,1.81,2.28,95.41318967312095,5.558015961,103.455,66.9,2.6,0.0,0.0,0.0,0.0,0.0,0.0,0.0,0.0,,0.0,0.0,,,,,,,,0.0,113.1694469,1.55,,,,,,,VT,2019-11-01
2019-12-01,0.5912575931863391,-3.164949049983144,-1.9061683131256975,0.8794265356085187,0.296459541445605,0.0014505755567221323,-0.08465526601040961,31770.24635168328,3229.0,27929.85117757549,2734.250830804797,5797.030775899436,19398.659875740497,8531.281606704233,158834.0,151764.0,113.3517964,112.772,110.736,1.55,1.58,1.55,1.68,1.86,2.3,95.50435720994076,5.552736205,103.455,66.8,2.6,0.0,0.0,0.0,0.0,0.0,0.0,0.0,0.0,,0.0,0.0,,,,,,,,0.0,113.3889377,1.55,,,,,,,VT,2019-12-01
2020-01-01,1.215259002411356,-3.5279570422432163,-5.077750293999785,0.8849426167620608,0.6093356984626882,0.0014963395770170613,-0.064658594535572,31784.353667916515,4768.0,27832.066928660675,2734.7730987405084,5797.211506105179,19300.164948081914,8531.984604845687,158543.0,152098.0,113.5356958,113.008,110.944,1.53,1.56,1.53,1.56,1.76,2.22,96.23278149336602,5.570512212,108.136,66.7,2.5,0.0,0.0,0.0,0.0,0.0,0.0,0.0,0.0,0.0,0.0,0.0,0.0,0.0,0.0,0.0,0.0,0.0,0.0,0.0,113.5645303,1.55,0.0,0.0,0.0,0.0,0.0,0.0,VT,2020-01-01
2020-02-01,1.4065866374215577,-3.4319800931819358,-4.155442028499626,0.8866355826383556,0.7052693098944025,0.003252798826515455,-0.06255739000810269,31821.884097115963,4732.0,27755.12439602656,2737.31280573812,5801.671618498847,19216.214999549837,8538.984424236967,158749.0,152371.0,113.6783385,113.206,111.07,1.58,1.51,1.41,1.32,1.5,1.97,97.03415890879626,5.588124747,108.136,66.6,2.6,0.0,0.0,0.0,0.0,0.0,0.0,0.0,0.0,0.0,0.0,0.0,0.0,0.0,0.0,0.0,0.0,0.0,0.0,0.0,113.6962248,1.58,0.0,0.0,0.0,0.0,0.0,0.0,VT,2020-02-01
2020-03-01,4.870598250596583,-1.9848054173006888,0.5142237417794588,-3.293131738022953,-14.256548548630633,-0.10759448886856926,-3.195504485251804,31966.27084386054,4764.0,27771.263444741213,2749.0435284775863,5825.610878510071,19196.676712625427,8574.654406987656,155451.0,150944.0,113.3087842,113.143,110.824,0.37,0.3,0.33,0.59,0.87,1.46,98.16622247888544,5.605573809,108.136,66.4,2.7,0.0,0.0,0.0,273.0,273.0,16.0,16.0,293.0,13.0,0.0,0.0,0.0,0.0,0.0,1.0,0.0,0.0,0.0,0.0,113.3450395,0.65,1104.0,1060.0,166.0,166.0,0.0,0.0,VT,2020-03-01
2020-04-01,8.285411400855969,-3.928692864733195,4.906392792007995,-0.42248757147900395,2.224777352380421,-0.03768682665025338,2.486615422397899,30979.55616837659,69914.0,27873.43027598112,2769.3666070980435,5867.751601851765,19236.372542794164,8637.118208949809,133258.0,130430.0,112.3998209,112.668,110.237,0.11,0.17,0.18,0.39,0.66,1.27,98.38384589566118,5.415824547,108.136,68.1,14.3,0.0,1250000000.0,564206007.0,523.0,523.0,32.0,32.0,573.0,36.0,0.0,0.0,0.0,1.0,0.0,1.0,0.0,0.0,1.0,0.0,112.4231782,0.05,636.0,622.0,54.0,54.0,27.0,26.0,VT,2020-04-01
2020-05-01,6.322714731273821,-2.3932883596787806,-2.9338747540051004,0.7271621243835509,7.841840693900225,0.0461911559131239,12.598991683994862,29791.275875297182,56283.0,27798.466436496245,2772.1342721388005,5872.691876674554,19153.6931483512,8644.826148813356,137128.0,133055.0,112.3339858,112.819,110.353,0.1,0.15,0.16,0.34,0.67,1.38,97.9707334644278,5.228141326,108.136,64.5,9.5,0.0,0.0,0.0,108.0,108.0,6.0,6.0,115.0,6.0,0.0,0.0,0.0,1.0,0.0,0.0,1.0,0.0,1.0,0.0,112.3353819,0.05,187.0,166.0,8.0,8.0,0.0,0.0,VT,2020-05-01
2020-06-01,5.71629036632034,-2.0159694309442386,-5.955058597127338,0.4681593854863553,0.9885926351452078,0.04352012503958435,2.0271394639112916,28533.94253517057,48149.0,27654.31708594441,2767.9555017788457,5862.920556950138,19023.486175572936,8630.876058728985,142276.0,137620.0,112.8927063,113.051,110.746,0.13,0.18,0.18,0.34,0.73,1.49,97.30957714048364,5.042524145,108.136,63.3,7.6,0.0,0.0,0.0,204.0,204.0,1.0,1.0,227.0,1.0,0.0,0.0,0.0,1.0,1.0,0.0,1.0,0.0,1.0,0.0,112.9060579,0.08,442.0,440.0,18.0,18.0,0.0,0.0,VT,2020-06-01
2020-07-01,5.160533729334099,-1.4668170780199536,-5.336396206025185,0.6661504594047025,2.7514314596830345,0.026518805477165775,-0.6379065555491353,29504.375540190147,34517.0,27527.78227936231,2765.473446653225,5856.749075674635,18905.597270239126,8622.22252232786,143779.0,139064.0,113.4746886,113.425,111.072,0.11,0.14,0.15,0.28,0.62,1.31,97.88083189282628,5.180174555,108.136,62.8,6.4,0.0,0.0,0.0,193.0,193.0,2.0,2.0,206.0,1.0,0.0,0.0,0.0,0.0,1.0,0.0,1.0,0.0,1.0,0.0,113.476734,0.09,370.0,370.0,10.0,10.0,0.0,0.0,VT,2020-07-01
2020-08-01,5.0305046318030575,-1.296031172706875,-5.462201449144923,0.715743316031461,2.6806057762526816,0.02404848711439389,0.23840051827505715,30465.573417346583,27251.0,27398.7906639979,2762.6835171871094,5849.931036133479,18786.206029925237,8612.614553320587,147201.0,140799.0,113.9298286,113.782,111.411,0.08,0.12,0.13,0.27,0.65,1.36,98.4409006292018,5.31897176,108.136,62.1,5.1,0.0,0.0,0.0,183.0,183.0,0.0,0.0,210.0,1.0,0.0,0.0,0.0,0.0,0.0,0.0,1.0,0.0,1.0,1.0,113.9596137,0.1,384.0,378.0,8.0,8.0,0.0,0.0,VT,2020-08-01
2020-09-01,4.684628899525438,-1.0396265559843778,-4.100253915003841,0.8141436697208979,3.5168520630298508,0.039205628932635475,-0.041918787903142234,31459.507405051383,21604.0,27304.055083189232,2763.298182111402,5850.326574861351,18690.45272504099,8613.624756972753,147625.0,141760.0,114.197558,113.979,111.613,0.09,0.12,0.13,0.27,0.68,1.42,99.12272486179924,5.45891576,108.136,61.8,4.5,0.0,0.0,0.0,126.0,123.0,0.0,0.0,128.0,0.0,0.0,0.0,0.0,0.0,0.0,0.0,1.0,0.0,1.0,1.0,114.2230026,0.09,238.0,234.0,4.0,4.0,0.0,0.0,VT,2020-09-01
2020-10-01,4.497690785899788,-0.882128726761222,-2.4276209513877607,0.153042207117978,-1.278835751299523,0.013831817114185388,0.03995705264404159,31637.97530333432,11766.0,27250.36125441862,2768.0448074902106,5859.472031145502,18622.85934365148,8627.516838635713,149854.0,142479.0,114.2686599,114.017,111.648,0.09,0.11,0.13,0.34,0.79,1.57,99.46148977142448,5.531667745,108.136,61.4,4.0,0.0,0.0,0.0,414.0,406.0,0.0,0.0,427.0,0.0,0.0,0.0,0.0,0.0,0.0,0.0,1.0,0.0,0.0,1.0,114.3107989,0.09,1100.0,1070.0,30.0,30.0,0.0,0.0,VT,2020-10-01
2020-11-01,4.604551460482429,-0.9284892799612203,-2.226237463709264,-3.5609139196165027,-2.336277888694834,-0.09012372405132867,0.014941120653863988,31821.175051791324,10400.0,27200.84149756121,2773.210586331856,5869.505191075771,18558.133182884678,8642.715777407626,149928.0,142743.0,114.4306142,114.048,111.666,0.09,0.1,0.12,0.39,0.87,1.62,99.81532373327602,5.604437425,108.136,61.2,3.8,0.0,0.0,0.0,2013.0,1934.0,15.0,15.0,1993.0,11.0,0.0,0.0,1.0,0.0,0.0,0.0,1.0,0.0,0.0,1.0,114.4424934,0.09,4846.0,4656.0,180.0,176.0,0.0,0.0,VT,2020-11-01
2020-12-01,5.25456897883714,-1.3562946079661162,-6.78128293270479,-4.710373521414192,1.4879588682361509,-0.056340046337646645,0.041177368888406896,31871.33303611234,11217.0,27038.519839500663,2766.830138207757,5855.104770396789,18416.58493089612,8621.934908604546,149961.0,142475.0,114.8006074,114.422,112.15,0.08,0.09,0.1,0.39,0.93,1.67,99.75291359786,5.677224798,108.136,61.0,3.8,0.0,0.0,0.0,2933.0,2845.0,73.0,69.0,3240.0,67.0,0.0,0.01962,1.0,0.0,0.0,0.0,1.0,0.0,0.0,1.0,114.8375768,0.09,6004.0,5810.0,222.0,222.0,38.0,36.0,VT,2020-12-01
2021-01-01,4.692785519728819,-0.9347536650258206,4.167115053716331,-7.066386727024841,1.3360324916389643,-0.013755230914309113,0.06469777847769202,31960.568351053626,12557.0,27141.745793473885,2798.2096172009365,5870.920417232914,18472.61575904,8669.13003443386,149871.0,142969.0,115.0797482,114.782,112.583,0.08,0.09,0.1,0.45,1.08,1.82,100.21391728768998,5.704133791,110.906,61.0,3.9,0.0,0.0,0.0,4113.0,4007.0,34.0,31.0,4553.0,38.0,0.0,0.10766,1.0,1.0,0.0,0.0,1.0,0.0,0.0,1.0,115.1009658,0.09,7963.0,7754.0,320.0,314.0,0.0,0.0,VT,2021-01-01
2021-02-01,3.9216393061118295,-0.2737983300260942,4.509295875336458,-3.5105639480370283,2.9313223156278005,-0.008583288349978797,-0.03819366855822139,32064.72440340764,12027.0,27257.44578512345,2830.726238849399,5889.481030326104,18537.23851594798,8720.207269175495,150205.0,143544.0,115.5827284,114.975,112.961,0.04,0.06,0.07,0.54,1.26,2.04,100.7133972787068,5.730771832,110.906,61.0,3.9,0.0,0.0,0.0,2972.0,2897.0,25.0,25.0,3233.0,30.0,0.0,0.26051,1.0,0.0,0.0,0.0,1.0,0.0,0.0,1.0,115.5838455,0.08,5684.0,5574.0,176.0,174.0,0.0,0.0,VT,2021-02-01
2021-03-01,3.4974739225479246,0.03269259096045955,1.4309477691552492,-4.630257561394328,0.9098274768920367,-0.05229008148096368,0.033155690561318264,32085.24007321881,10061.0,27301.79438890453,2855.6436567164183,5892.684279076317,18553.4664531118,8748.327935792735,150751.0,144328.0,116.3209593,115.457,113.632,0.02,0.05,0.08,0.82,1.61,2.34,100.94161081385523,5.757138924,110.906,61.0,3.8,0.0,0.0,0.0,3925.0,3850.0,19.0,19.0,4077.0,23.0,0.189,0.52637,1.0,1.0,0.0,0.0,1.0,0.0,0.0,1.0,116.3301141,0.07,8728.0,8558.0,220.0,218.0,0.0,0.0,VT,2021-03-01
2021-04-01,2.8878165302631857,0.5668761083208834,1.9193893281511396,-3.260164454377867,1.813946161835701,-0.048575799079412146,-0.026536775180025274,32106.01259359119,11757.0,27361.181626662496,2881.9073629907125,5899.204584580726,18580.069679091022,8781.111947571473,151171.0,144614.0,117.0666515,116.186,114.238,0.02,0.04,0.06,0.86,1.64,2.3,101.21053204712967,5.766283384,110.906,61.1,3.7,1049287303.0,0.0,0.0,3505.0,3401.0,19.0,19.0,3677.0,19.0,0.373,0.90295,1.0,1.0,0.0,0.0,1.0,0.0,0.0,1.0,117.0763828,0.07,5986.0,5770.0,164.0,164.0,0.0,0.0,VT,2021-04-01
2021-05-01,2.1916274701512224,1.0880778230564614,1.9831949463607843,-0.7806067674883996,4.395038042521595,-0.027716090166790337,-0.04313015986274795,32133.56093793997,8227.0,27425.91237803264,2908.527044014205,5906.941940503461,18610.44339351501,8815.46898451763,151482.0,145096.0,117.8882735,116.787,114.819,0.01,0.04,0.05,0.82,1.62,2.32,101.49165634607512,5.775255215,110.906,61.1,3.6,0.0,0.0,0.0,1186.0,1120.0,6.0,6.0,1268.0,9.0,0.56,1.24065,1.0,1.0,0.0,0.0,1.0,0.0,0.0,1.0,117.9104478,0.06,1910.0,1808.0,66.0,66.0,0.0,0.0,VT,2021-05-01
2021-06-01,1.0070887577987873,1.9084798115672401,1.1169833699278158,0.4264873402952355,6.420565219277428,0.02703465547497638,-0.11619459837880554,32144.67598607286,5775.0,27476.18181503231,2933.404354830328,5911.630203190771,18631.14725701121,8845.034558021098,151684.0,145789.0,118.9223234,117.349,115.458,0.03,0.05,0.07,0.84,1.52,2.16,101.71181139461967,5.784054418,110.906,61.1,3.5,0.0,0.0,0.0,167.0,152.0,2.0,2.0,190.0,1.0,0.656,1.36474,1.0,0.0,0.0,0.0,1.0,0.0,0.0,0.0,118.9640035,0.08,306.0,286.0,18.0,18.0,0.0,0.0,VT,2021-06-01
2021-07-01,1.1548826424338279,1.7943931467565457,2.217292781332464,-0.28234949222695616,-2.6345796409159092,-0.016524563176454392,-0.06988495313404966,32241.96598440044,4961.0,27552.24050029029,2960.8386644365096,5921.928796004112,18669.473039849632,8882.767460440655,152782.0,146558.0,119.4617323,117.811,115.986,0.05,0.05,0.08,0.76,1.32,1.94,102.26221733657508,5.774109084,110.906,61.0,3.3,0.0,0.0,0.0,469.0,452.0,2.0,1.0,479.0,4.0,0.675,1.39905,1.0,0.0,0.0,0.0,1.0,0.0,0.0,0.0,119.4907814,0.1,1332.0,1270.0,46.0,46.0,0.0,0.0,VT,2021-07-01
2021-08-01,1.3266350920651044,1.6514139792570117,2.908764202365101,-5.455124237807989,-4.9234880521794055,0.006297718381355382,-0.06734304790133103,32357.81434280281,4423.0,27644.21810770268,2989.8205718342465,5935.700136260065,18718.697399608394,8925.520708094278,153211.0,147221.0,119.860254,118.199,116.444,0.04,0.06,0.07,0.77,1.28,1.92,102.86765191851876,5.764172285,110.906,60.9,3.2,0.0,0.0,0.0,3034.0,2966.0,17.0,16.0,3311.0,16.0,0.679,1.40068,0.0,0.0,0.0,0.0,1.0,0.0,0.0,0.0,119.8858648,0.09,7028.0,6856.0,250.0,250.0,0.0,0.0,VT,2021-08-01
2021-09-01,1.0444062608648068,1.8572320742449966,3.736916575701736,-6.4275637191213155,-0.8966316578787452,-0.01347565960083606,-0.0741360325120376,32498.887062529968,2833.0,27757.794842818985,3021.00455448257,5954.151256763235,18782.63903157318,8975.155811245806,153867.0,147778.0,120.3527006,118.446,116.808,0.05,0.05,0.08,0.86,1.37,1.94,103.54982775152386,5.754244023,110.906,60.9,3.2,0.0,0.0,0.0,4900.0,4779.0,44.0,43.0,5462.0,41.0,0.695,1.439,0.0,0.0,0.0,0.0,1.0,0.0,0.0,0.0,120.3687445,0.08,9972.0,9738.0,290.0,288.0,0.0,0.0,VT,2021-09-01
2021-10-01,0.5732442677570586,2.122810130065971,0.5574976121018244,-7.147768401524376,-0.3677352135387316,-0.013038121636533243,-0.08770176743390663,32562.585653606173,1961.0,27797.83337163808,3044.019214781646,5956.88023675153,18796.93392010487,9000.89945153321,154395.0,148559.0,121.3955285,118.929,117.479,0.06,0.06,0.11,1.11,1.58,2.06,103.95954766383778,5.752573096,110.906,60.9,3.1,0.0,0.0,0.0,6090.0,5958.0,47.0,45.0,6529.0,47.0,0.712,1.57064,0.0,0.0,0.0,0.0,1.0,0.0,0.0,0.0,121.4223003,0.08,12448.0,12134.0,320.0,316.0,0.0,0.0,VT,2021-10-01
2021-11-01,0.3878868497918141,2.1682738290714276,0.002043796395812117,-9.832173452883524,-0.9383162798124444,-0.02226361743349435,-0.09244153510408944,32611.75972927242,2213.0,27825.641567963878,3065.4751833051355,5957.0572476029365,18803.10913705584,9022.53243090804,155535.0,149173.0,122.2443623,119.543,118.2,0.07,0.07,0.18,1.2,1.56,1.94,104.31882978003384,5.750898029,110.906,60.8,3.1,0.0,0.0,0.0,8995.0,8713.0,38.0,37.0,9823.0,46.0,0.729,1.7954,0.0,0.0,0.0,0.0,1.0,0.0,0.0,0.0,122.2563652,0.08,19897.0,19308.0,424.0,422.0,0.0,0.0,VT,2021-11-01
2021-12-01,0.016797493232095062,2.1638041537477477,0.6833965610768059,-7.654295275281126,-1.3170525999333107,-0.034321969341226194,-0.1034812024384466,32682.323440563443,2823.0,27871.862404389056,3088.748832473641,5961.242332191752,18821.871239723663,9049.991164665396,156081.0,149742.0,122.9474811,120.193,118.841,0.04,0.15,0.3,1.23,1.47,1.85,104.74259060425274,5.749218824,110.906,60.8,3.1,0.0,0.0,0.0,14462.0,13567.0,55.0,54.0,14433.0,61.0,0.775,2.00859,0.0,0.0,0.0,0.0,1.0,0.0,0.0,0.0,122.9587357,0.08,19125.0,17906.0,338.0,336.0,0.0,0.0,VT,2021-12-01
2022-01-01,-9.362058135681059,8.013417391153158,-0.9903884827744528,-10.477012277045635,-7.319603602089298,0.06926362684318904,-0.4887391375165737,32798.32704160351,3936.0,27930.837009321836,3089.769452047535,5983.790774175727,18857.26980778838,9073.560226223288,157122.0,150106.0,123.7405746,120.761,119.469,0.05,0.33,0.55,1.54,1.76,2.1,,,,60.9,3.0,0.0,0.0,0.0,35886.0,32719.0,58.0,45.0,40025.0,65.0,0.794,2.12307,,,,,,,,0.0,123.7489025,0.08,64095.0,58742.0,446.0,444.0,11.0,11.0,VT,2022-01-01
2022-02-01,-9.2557403217904,6.848868608390915,-1.7795540218321408,-2.663197739437112,-0.12131781163209572,0.024853905872137233,-0.3049135810423866,32890.934003450464,3780.0,27970.33012143096,3088.696211730375,6002.055284661085,18879.564756721946,9090.751496391436,157590.0,151010.0,124.7276622,121.205,120.178,0.04,0.64,1.0,1.81,1.93,2.25,,,,60.9,2.9,0.0,0.0,0.0,7486.0,7192.0,57.0,53.0,7892.0,62.0,0.801,2.1586,,,,,,,,0.0,124.7585601,0.08,14141.0,13472.0,138.0,136.0,0.0,0.0,VT,2022-02-01
2022-03-01,-8.915219526979827,5.770604826988307,-5.895754161308506,-0.47295189267183707,-2.5707758672597376,0.013502481882352832,-0.3521380760943101,32864.466992523965,3346.0,27909.162469811497,3076.59020285029,5998.569909578721,18833.981750892264,9075.160112429012,158328.0,151424.0,126.2752258,121.651,121.321,0.18,0.86,1.34,2.11,2.13,2.41,,,,61.2,2.6,0.0,0.0,0.0,4089.0,3786.0,19.0,17.0,4275.0,19.0,0.806,2.18039,,,,,,,,0.0,126.2949956,0.2,7530.0,7070.0,50.0,50.0,0.0,0.0,VT,2022-03-01
2022-04-01,-8.794875953168114,4.246983008397871,2.785832896414539,-4.536128249279635,-5.819354240113689,-0.028925150935409268,-0.33377695432873783,33013.08786390596,2412.0,28055.548700399548,3087.425175971858,6039.584413020409,18928.511690783133,9127.009588992292,157982.0,151678.0,126.6943759,122.03,121.563,0.31,1.26,1.89,2.78,2.75,2.81,,,,61.4,2.5,0.0,0.0,0.0,6555.0,6084.0,17.0,15.0,7203.0,20.0,0.811,2.2499,,,,,,,,0.0,126.7339772,0.33,26225.0,24332.0,212.0,210.0,0.0,0.0,VT,2022-04-01
2022-05-01,-8.390853512657614,3.218682925940376,-1.9119916762385742,-4.284697366878162,-4.905192202869197,-0.04230307885742092,-0.3234636136651501,33026.901062959936,1873.0,28087.21041155625,3085.67729626601,6055.8258381030255,18945.67320795855,9141.503134369012,158299.0,152042.0,127.9281256,122.488,122.3,0.58,1.49,2.06,2.87,2.9,3.07,,,,61.5,2.3,0.0,0.0,0.0,8419.0,7681.0,31.0,20.0,7618.0,24.0,0.816,2.30882,,,,,,,,0.0,127.9631255,0.77,15781.0,14274.0,204.0,200.0,0.0,0.0,VT,2022-05-01
2022-06-01,-8.574600936007803,1.2042170696235643,-6.475796683938121,-1.4337668341368466,-1.1956814789556631,-0.028522299757120787,-0.335761706067104,32913.48209080899,1798.0,28010.35526912365,3072.090161279876,6048.52160113997,18889.703024807302,9120.611762419843,158057.0,152412.0,129.6196487,123.258,123.512,1.06,2.17,2.65,3.19,3.14,3.25,,,,61.6,2.2,0.0,0.0,0.0,3006.0,2702.0,15.0,12.0,4208.0,22.0,0.82,2.34735,,,,,,,,0.0,129.6312555,1.21,6376.0,5785.0,88.0,88.0,0.0,0.0,VT,2022-06-01
2022-07-01,-8.540615505649463,-0.8723591329093997,6.11857400200984,0.031851989240530565,-2.579196125691632,-0.011506739075038859,-0.3308725166813016,32986.83652492905,2000.0,28235.40415623289,3091.66079132124,6106.327544429767,19037.368547587623,9197.988335751032,158272.0,152980.0,129.5946314,123.352,123.397,1.85,2.87,3.02,2.96,2.9,3.1,,,,61.7,2.1,0.0,0.0,0.0,1731.0,1521.0,10.0,7.0,1981.0,10.0,0.823,2.3808,,,,,,,,0.0,129.6312555,1.68,3785.0,3393.0,32.0,30.0,0.0,0.0,VT,2022-07-01
2022-08-01,-8.146445416643134,-2.0867254822481742,1.9363588841318875,0.5426891465176537,-4.788222181514092,-0.04085641734300616,-0.31494700591701835,32941.15586878742,2001.0,28358.280529333137,3100.05280400017,6142.0212078106815,19116.15263588945,9242.074011810828,158694.0,153332.0,129.7478077,124.031,123.728,2.28,3.15,3.28,3.03,2.9,3.13,,,,61.8,2.1,0.0,0.0,0.0,2256.0,1922.0,13.0,10.0,2659.0,14.0,0.828,2.41525,,,,,,,,0.0,129.76295,2.33,3534.0,3061.0,12.0,10.0,0.0,0.0,VT,2022-08-01
2022-09-01,-8.249181370987976,-3.880943645769981,0.9708437731557147,0.8012900299796291,-3.717650871320349,-0.034987269087006265,-0.32435940987971323,32870.547867970425,1289.0,28458.708539394625,3106.0215538766374,6172.7974934355725,19179.82908323534,9278.81904731221,158850.0,153682.0,130.2485933,124.607,124.154,2.61,3.71,3.89,3.7,3.52,3.56,,,,61.8,2.1,0.0,0.0,0.0,2099.0,1659.0,12.0,8.0,2135.0,12.0,0.833,2.48226,,,,,,,,0.0,130.2897278,2.56,1953.0,1600.0,0.0,0.0,0.0,0.0,VT,2022-09-01
2022-10-01,-9.29527957244651,-5.081810076311503,0.30584501563115557,0.7920143146681285,-0.6997795128663319,0.0763552627036562,-0.3502728274197349,33062.27582388483,1377.0,28548.595898563428,3110.875734548735,6201.222888230905,19236.430407442207,9312.098622779664,158593.0,154006.0,130.8196031,124.987,124.623,3.32,4.31,4.43,4.18,3.98,4.04,,,,,,0.0,0.0,0.0,546.0,438.0,9.0,6.0,0.0,0.0,0.842,2.6069,,,,,,,,0.0,130.8604039,3.08,2793.0,2040.0,0.0,0.0,0.0,0.0,VT,2022-10-01
2022-11-01,-9.195532609478885,-6.165458157919576,3.6330910850507894,0.7929415974535692,13.545776743039982,-0.00783597819408437,-0.34215116883592595,33345.331238376195,1765.0,28717.70051732612,3124.3854079822117,6246.81347399474,19346.42815152095,9371.198881976929,158527.0,154296.0,130.9455675,125.258,124.744,3.87,4.61,4.73,4.06,3.89,4.0,,,,,,0.0,0.0,0.0,0.0,0.0,0.0,0.0,0.0,,0.848,2.70499,,,,,,,,0.0,,3.78,1387.0,1126.0,0.0,0.0,0.0,0.0,VT,2022-11-01
2022-12-01,-1.5874998749994313,3.8055820968454217,5.909607310943701,0.8600284471124445,-0.7971041421485543,-0.09462228765809867,-0.04908927961684117,33642.926391526256,,28899.43834178625,3139.276814973279,6295.138972349751,19464.942432036158,9434.41578732303,159244.0,154535.0,,125.727,124.809,,,,,,,,,,,,0.0,0.0,0.0,0.0,0.0,0.0,0.0,0.0,,0.853,2.75383,,,,,,,,0.0,,,1622.0,1342.0,0.0,0.0,0.0,0.0,VT,2022-12-01
