Time,Cases1,Cases2,Cases3,Cases4,Cases5,Hosp1,Hosp2,Deaths1,Deaths2,Deaths3,Deaths4,Deaths5,Vax1,Vax3,Gather1,Gather2,Gather3,Gather4,Curfew,Mask1,Mask2,School,ARP,PPP,CARES,Cons1,Cons2,Cons3,Cons4,Cons5,Employment1,Employment2,UI,PartR,UR,CPI,PCE,PCEC,FixAss,Prod,GDP,TBill1mo,TBill6mo,TBill1yr,TBill5yr,TBill10yr,TBill30yr,FFR
2012-03-01,0.6848072728405075,0.18492387350936357,0.4193844113753243,0.2865760621298725,0.23922221467198423,0.4978415428122873,0.2616498042339752,0.818221718298526,0.8269867219586109,0.4302109789922408,0.5172690763052178,0.4319066147859912,0.015503875968992246,0.03036876355748373,0.040169133192389,0.24401913875598089,0.5452261306532663,0.8118811881188118,0.818356250598633,0.7702217353558264,0.9240265380421726,1.0,0.5172413793103449,0.0,0.0,0.5,0.5179346561750261,0.5179346561750261,0.48758547543983954,0.47359285803226076,0.5633186089618998,0.562303274023707,0.0038583969838704786,0.0,0.0,0.5,0.5,0.5,0.5,0.5,0.4898555265684134,0.0343915343915344,0.0,0.0,0.0,0.0,0.0,0.0
2012-04-01,0.6207866502331659,0.17728386671312682,0.4558678666585225,0.30964836014131086,0.28269527680515494,0.5285816099971242,0.2954611046995177,0.8067005595991368,0.821284740220902,0.41367091940953865,0.5028112449799159,0.39911061700945016,0.01808785529715762,0.03036876355748373,0.03805496828752642,0.21291866028708137,0.5150753768844221,0.7871287128712872,0.8196284431173644,0.7755833086460977,0.9240265380421726,0.9984825493171471,0.5172413793103449,0.0,0.0,0.5,0.5179346561750261,0.5179346561750261,0.48758547543983954,0.47359285803226076,0.5633186089618998,0.562303274023707,0.0038583969838704786,0.0,0.0,0.5,0.5,0.5,0.5,0.5,0.46901243133422943,0.03703703703703705,0.0,0.0,0.0,0.0,0.0,0.0
2012-05-01,0.6630863711757233,0.1742773958894287,0.6063941851497209,0.40498344871095565,0.46159645420401707,0.6554846766962072,0.43478554238657374,0.8229399070992283,0.8222815901750469,0.26953588374852383,0.4626506024096368,0.2640355753196258,0.01808785529715762,0.03253796095444685,0.040169133192389,0.18181818181818185,0.4522613065326633,0.7252475247524752,0.8228980185801895,0.7809473246492545,0.9240265380421726,0.9984825493171471,0.5172413793103449,0.0,0.0,0.5,0.5179346561750261,0.5179346561750261,0.48758547543983954,0.47359285803226076,0.5633186089618998,0.562303274023707,0.0038583969838704786,0.0,0.0,0.5,0.5,0.5,0.5,0.5,0.2832134236445018,0.04232804232804233,0.0,0.0,0.0,0.0,0.0,0.0
2012-06-01,0.6523606998797402,0.19861137908890114,0.5681556444100699,0.3807739450999128,0.4161213590992231,0.6232516983433856,0.39938179041156585,0.8184777440474013,0.8208461262410782,0.3176371158872454,0.4642570281124557,0.29849916620344075,0.012919896640826873,0.03253796095444685,0.040169133192389,0.16985645933014354,0.40703517587939697,0.6683168316831684,0.8256622112845851,0.7863137820108679,0.9240265380421726,1.0,0.5229885057471265,0.0,0.0,0.5,0.5179346561750261,0.5179346561750261,0.48758547543983954,0.47359285803226076,0.5633186089618998,0.562303274023707,0.0038583969838704786,0.0,0.0,0.5,0.5,0.5,0.5,0.5,0.3450898129961927,0.04232804232804233,0.0,0.0,0.0,0.0,0.0,0.0
2012-07-01,0.5947425628982728,0.20498573078263274,0.5146029569488522,0.34684158437418233,0.3525229704347931,0.5780956646923758,0.34983317630660754,0.80809041366446,0.8237968021053471,0.3606751413889343,0.4642570281124443,0.3463035019455266,0.01808785529715762,0.03253796095444685,0.040169133192389,0.14832535885167467,0.3844221105527638,0.6410891089108911,0.8261399793653872,0.7853852084437979,0.9240265380421726,1.0,0.5172413793103449,0.0,0.0,0.5,0.5179346561750261,0.5179346561750261,0.48758547543983954,0.47359285803226076,0.5633186089618998,0.562303274023707,0.0038583969838704786,0.0,0.0,0.5,0.5,0.5,0.5,0.5,0.40712714074421674,0.04232804232804233,0.0,0.0,0.0,0.0,0.0,0.0
2012-08-01,0.5424119150684429,0.18105923381070177,0.32832121141724724,0.22874356809580976,0.13151060351903524,0.42098778333297365,0.17756085286412848,0.8116747741487144,0.8250328960484868,0.5736708717261573,0.43212851405622554,0.5125069483046181,0.02325581395348837,0.03036876355748373,0.03805496828752642,0.16985645933014354,0.42211055276381904,0.6856435643564356,0.8241404945435165,0.784455352909583,0.9240265380421726,1.0,0.5172413793103449,0.0,0.0,0.5,0.5179346561750261,0.5179346561750261,0.48758547543983954,0.47359285803226076,0.5633186089618998,0.562303274023707,0.0038583969838704786,0.0,0.0,0.5,0.5,0.5,0.5,0.5,0.6544999908956352,0.0343915343915344,0.0,0.0,0.0,0.0,0.0,0.0
2012-09-01,0.5481044182453308,0.181332811136613,0.34808576429051763,0.24121563186081613,0.1551504960611171,0.43762687345098966,0.19591168463350622,0.839252404813284,0.8252322660393158,0.5346835499697278,0.48112449799196316,0.49527515286270263,0.020671834625322995,0.03036876355748373,0.03805496828752642,0.16028708133971295,0.43216080402010043,0.7128712871287128,0.8224011048121315,0.7835242140537938,0.9240265380421726,1.0,0.5172413793103449,0.0,0.0,0.5,0.5179346561750261,0.5179346561750261,0.48758547543983954,0.47359285803226076,0.5633186089618998,0.562303274023707,0.0038583969838704786,0.0,0.0,0.5,0.5,0.5,0.5,0.5,0.6120910821344223,0.03703703703703705,0.0,0.0,0.0,0.0,0.0,0.0
2012-10-01,0.5254962691400535,0.20010453533611136,0.35220602232235504,0.2437745145838811,0.1602132637680797,0.44107428874856613,0.19978861893288313,0.8258659156578033,0.8243151640815025,0.45468355458425286,0.5759036144578348,0.4919399666481389,0.02842377260981912,0.03253796095444685,0.03805496828752642,0.16985645933014354,0.4396984924623115,0.7178217821782178,0.8198253708502914,0.7860347181475399,0.9240265380421726,1.0,0.5172413793103449,0.0,0.0,0.5,0.5179346561750261,0.5179346561750261,0.48758547543983954,0.47359285803226076,0.5633186089618998,0.562303274023707,0.0038583969838704786,0.0,0.0,0.5,0.5,0.5,0.5,0.5,0.5090766294747028,0.04232804232804233,0.0,0.0,0.0,0.0,0.0,0.0
2012-11-01,0.5887810253233123,0.20796628375440246,0.5779118305752842,0.38690320618306373,0.42787953347787605,0.6314510136701754,0.40847412392560295,0.8081269887714422,0.8244746600741657,0.28388189224908494,0.4690763052208783,0.2884936075597495,0.031007751937984492,0.03036876355748373,0.03805496828752642,0.16028708133971295,0.414572864321608,0.693069306930693,0.8202261882619287,0.788519381088448,0.9240265380421726,1.0,0.5172413793103449,0.0,0.0,0.5,0.5179346561750261,0.5179346561750261,0.48758547543983954,0.47359285803226076,0.5633186089618998,0.562303274023707,0.0038583969838704786,0.0,0.0,0.5,0.5,0.5,0.5,0.5,0.30472564197226726,0.04232804232804233,0.0,0.0,0.0,0.0,0.0,0.0
2012-12-01,0.5798088813855345,0.24732686154971478,0.5459114849500125,0.3666105020845928,0.38993027218208454,0.6044595592997295,0.3788869751891195,0.81160162393475,0.8275848319310978,0.3448101478246569,0.440160642570286,0.31739855475264594,0.010335917312661497,0.02603036876355748,0.03382663847780126,0.1674641148325359,0.43216080402010043,0.7128712871287128,0.8201915998507177,0.7909782042309471,0.9240265380421726,0.9984825493171471,0.5229885057471265,0.0,0.0,0.5,0.5179346561750261,0.5179346561750261,0.48758547543983954,0.47359285803226076,0.5633186089618998,0.562303274023707,0.0038583969838704786,0.0,0.0,0.5,0.5,0.5,0.5,0.5,0.38644503043538864,0.04232804232804233,0.0,0.0,0.0,0.0,0.0,0.0
2013-01-01,0.6360808792906042,0.2576594451851831,0.4186723283615208,0.30699999594574096,0.2124438754507978,0.49879927326243867,0.25722923515860946,0.8103214951903734,0.8255512580246421,0.42683545662842204,0.5477911646586291,0.43413007226236966,0.012919896640826873,0.023861171366594356,0.03171247357293869,0.19377990430622014,0.4798994974874371,0.7623762376237624,0.8222252844217526,0.7957394667773938,0.9145829868233816,0.9969650986342944,0.5287356321839081,0.0,0.0,0.5,0.5179346561750261,0.5179346561750261,0.48758547543983954,0.47359285803226076,0.5633186089618998,0.562303274023707,0.0038583969838704786,0.0,0.0,0.5,0.5,0.5,0.5,0.5,0.488572451107093,0.03703703703703705,0.0,0.0,0.0,0.0,0.0,0.0
2013-02-01,0.605733417513292,0.17204558086225816,0.310911365197043,0.2384050941910505,0.08518956086662302,0.40783895078664445,0.15775589188708183,0.8142716067444496,0.829100043861398,0.5618565434527971,0.4787148594377576,0.5314063368538073,0.020671834625322995,0.02603036876355748,0.03382663847780126,0.20334928229665072,0.4974874371859296,0.7846534653465347,0.8228272486349645,0.800503495068067,0.9145829868233816,0.9954476479514414,0.5344827586206897,0.0,0.0,0.5,0.5179346561750261,0.5179346561750261,0.48758547543983954,0.47359285803226076,0.5633186089618998,0.562303274023707,0.0038583969838704786,0.0,0.0,0.5,0.5,0.5,0.5,0.5,0.6306631223540836,0.03968253968253969,0.0,0.0,0.0,0.0,0.0,0.0
2013-03-01,0.6922002636295331,0.1874955003729291,0.6201526440946036,0.4348509393129487,0.4511163398165105,0.6687835599431668,0.4434168319997881,0.8100288943345159,0.8237569281071814,0.23898732944729356,0.4562248995983839,0.2523624235686447,0.020671834625322995,0.023861171366594356,0.03171247357293869,0.19617224880382775,0.4924623115577889,0.7821782178217822,0.8275186242905146,0.8052702884257518,0.9145829868233816,0.9954476479514414,0.5344827586206897,0.0,0.0,0.5,0.5179346561750261,0.5179346561750261,0.48758547543983954,0.47359285803226076,0.5633186089618998,0.562303274023707,0.0038583969838704786,0.0,0.0,0.5,0.5,0.5,0.5,0.5,0.2644921257929878,0.03703703703703705,0.0,0.0,0.0,0.0,0.0,0.0
2013-04-01,0.585032199840478,0.18052647796550622,0.5872042685336467,0.41395968934948824,0.41205535727391696,0.6409892126992063,0.41296100261762236,0.8233788083830145,0.8254316360301448,0.2676793464484213,0.4441767068273105,0.28237909949972645,0.012919896640826873,0.01952277657266811,0.025369978858350947,0.16985645933014354,0.4422110552763819,0.7252475247524752,0.8294868414055598,0.805462927522507,0.9145829868233816,0.9939301972685887,0.5344827586206897,0.0,0.0,0.5,0.5179346561750261,0.5179346561750261,0.48758547543983954,0.47359285803226076,0.5633186089618998,0.562303274023707,0.0038583969838704786,0.0,0.0,0.5,0.5,0.5,0.5,0.5,0.2845791550208805,0.03968253968253969,0.0,0.0,0.0,0.0,0.0,0.0
2013-05-01,0.5599010350831866,0.14982246271429026,0.4974328496509136,0.35683018318892584,0.3060183619823861,0.5652167223145804,0.3300864898408829,0.820745400680297,0.8265481079787871,0.36573842493466246,0.4690763052208897,0.3629794330183454,0.005167958656330749,0.017353579175704986,0.025369978858350947,0.20095693779904308,0.4849246231155778,0.7698019801980198,0.8302481279176442,0.8056449208065203,0.9145829868233816,0.9939301972685887,0.5287356321839081,0.0,0.0,0.5,0.5179346561750261,0.5179346561750261,0.48758547543983954,0.47359285803226076,0.5633186089618998,0.562303274023707,0.0038583969838704786,0.0,0.0,0.5,0.5,0.5,0.5,0.5,0.406835582959781,0.029100529100529106,0.0,0.0,0.0,0.0,0.0,0.0
2013-06-01,0.5337415621339285,0.2048244641484114,0.403167726513912,0.296708942581781,0.1949190120770587,0.4856236298990533,0.24313025243447695,0.8159906367726125,0.8250727700466526,0.44270045019270493,0.5148594377510008,0.44747081712061676,0.007751937984496123,0.01952277657266811,0.02959830866807611,0.28708133971291866,0.5778894472361809,0.8415841584158416,0.8297441923465932,0.8058162676005768,0.9145829868233816,0.9939301972685887,0.5287356321839081,0.0,0.0,0.5,0.5179346561750261,0.5179346561750261,0.48758547543983954,0.47359285803226076,0.5633186089618998,0.562303274023707,0.0038583969838704786,0.0,0.0,0.5,0.5,0.5,0.5,0.5,0.48826749926619073,0.02380952380952381,0.0,0.0,0.0,0.0,0.0,0.0
2013-07-01,0.6043659708171446,0.21277404528712662,0.4600563607530019,0.3328680554079635,0.2621973939215597,0.533631817449963,0.295670611076543,0.8214037526059763,0.822839826149368,0.4263290898195059,0.48514056224898766,0.396331295163983,0.005167958656330749,0.015184381778741865,0.025369978858350947,0.3349282296650718,0.6482412060301507,0.8935643564356436,0.830271306658998,0.8087336807978077,0.9145829868233816,0.992412746585736,0.5287356321839081,0.0,0.0,0.5,0.5179346561750261,0.5179346561750261,0.48758547543983954,0.47359285803226076,0.5633186089618998,0.562303274023707,0.0038583969838704786,0.0,0.0,0.5,0.5,0.5,0.5,0.5,0.4880507891371031,0.02380952380952381,0.0,0.0,0.0,0.0,0.0,0.0
2013-08-01,0.5991717655434188,0.18994329749950326,0.4414235483604361,0.3209012386886192,0.24039150825422953,0.5178817486358682,0.2785244781239185,0.8139790058885922,0.8277044539255952,0.44337555466547196,0.47630522088354066,0.4130072262368018,0.010335917312661497,0.015184381778741865,0.02748414376321353,0.3636363636363637,0.6884422110552764,0.9306930693069306,0.8305375390876628,0.8116314689945644,0.9145829868233816,0.992412746585736,0.5229885057471265,0.0,0.0,0.5,0.5179346561750261,0.5179346561750261,0.48758547543983954,0.47359285803226076,0.5633186089618998,0.562303274023707,0.0038583969838704786,0.0,0.0,0.5,0.5,0.5,0.5,0.5,0.508087151477284,0.021164021164021166,0.0,0.0,0.0,0.0,0.0,0.0
2013-09-01,0.6190811279042869,0.18174749676746793,0.5129780601757153,0.36651905364884174,0.3247595709525147,0.578295107133005,0.34454051313151657,0.8150762590980578,0.8253120140356474,0.36438821598913385,0.47309236947791417,0.34852695942189715,0.005167958656330749,0.008676789587852493,0.025369978858350947,0.38277511961722493,0.7060301507537688,0.9381188118811881,0.8317379402843789,0.8145096335452762,0.9145829868233816,0.9893778452200304,0.5172413793103449,0.0,0.0,0.5,0.5179346561750261,0.5179346561750261,0.48758547543983954,0.47359285803226076,0.5633186089618998,0.562303274023707,0.0038583969838704786,0.0,0.0,0.5,0.5,0.5,0.5,0.5,0.38644503043538864,0.021164021164021166,0.0,0.0,0.0,0.0,0.0,0.0
2013-10-01,0.6486681710186434,0.19239973391005355,0.431322014459379,0.31429734019021743,0.2287859992016058,0.5093187093830147,0.26928770613071773,0.779488680004389,0.826747477969616,0.37063289390784976,0.55502008032128,0.4219010561422999,0.02842377260981912,0.017353579175704986,0.025369978858350947,0.32775119617224885,0.6582914572864321,0.9108910891089109,0.8341669802855188,0.8187230938553266,0.9145829868233816,0.9893778452200304,0.5057471264367817,0.0,0.0,0.5,0.5179346561750261,0.5179346561750261,0.48758547543983954,0.47359285803226076,0.5633186089618998,0.562303274023707,0.0038583969838704786,0.0,0.0,0.5,0.5,0.5,0.5,0.5,0.4269236247433059,0.02380952380952381,0.0,0.0,0.0,0.0,0.0,0.0
2013-11-01,0.650713384397731,0.2151570477838797,0.43929204782634257,0.319297260044608,0.2383342824654253,0.5160307935142628,0.27668188800783267,0.8461651000329176,0.8289405478687348,0.42227850143727325,0.5253012048192782,0.4146748193440837,0.012919896640826873,0.021691973969631236,0.025369978858350947,0.32775119617224885,0.6834170854271356,0.9405940594059405,0.8366988833084493,0.8229413854139839,0.9145829868233816,0.9878603945371773,0.5,0.0,0.0,0.5,0.5179346561750261,0.5179346561750261,0.48758547543983954,0.47359285803226076,0.5633186089618998,0.562303274023707,0.0038583969838704786,0.0,0.0,0.5,0.5,0.5,0.5,0.5,0.4672993994296326,0.021164021164021166,0.0,0.0,0.0,0.0,0.0,0.0
2013-12-01,0.6429124358547887,0.23506915746822904,0.4121471619427307,0.3018290418913793,0.20663107657357827,0.4930783414117873,0.2517203253587179,0.8226473062433708,0.8201283942740939,0.45400845011149127,0.49317269076304804,0.4391328515842153,0.005167958656330749,0.021691973969631236,0.02748414376321353,0.37799043062200965,0.728643216080402,0.9628712871287128,0.8388654818219056,0.8271645095756773,0.9145829868233816,0.9878603945371773,0.4942528735632184,0.0,0.0,0.5,0.5179346561750261,0.5179346561750261,0.48758547543983954,0.47359285803226076,0.5633186089618998,0.562303274023707,0.0038583969838704786,0.0,0.0,0.5,0.5,0.5,0.5,0.5,0.5074704493765487,0.02380952380952381,0.0,0.0,0.0,0.0,0.0,0.0
2014-01-01,0.5546916866182963,0.2981114525228149,0.48242730590710037,0.28434388174422914,0.2509861791154026,0.5730361546808508,0.2667820057278659,0.8253172890530704,0.8253120140356474,0.44556964420194434,0.45622489959839535,0.43413007226236966,0.005167958656330749,0.015184381778741865,0.025369978858350947,0.39473684210526316,0.7185929648241205,0.9331683168316831,0.8398680296132989,0.8297189513494938,0.9294320932897193,0.9878603945371773,0.48275862068965525,0.0,0.0,0.5,0.5179346561750261,0.5179346561750261,0.48758547543983954,0.47359285803226076,0.5633186089618998,0.562303274023707,0.0038583969838704786,0.0,0.0,0.5,0.5,0.5,0.5,0.5,0.5071643687139576,0.018518518518518524,0.0,0.0,0.0,0.0,0.0,0.0
2014-02-01,0.5778417134777897,0.1559289966047614,0.5645836434505279,0.33697766588306366,0.34755742991999267,0.6424149746377517,0.3425445968725165,0.8111261475439815,0.8241556680888393,0.39324893219976476,0.43212851405622554,0.3596442468037737,0.012919896640826873,0.017353579175704986,0.025369978858350947,0.3636363636363637,0.6809045226130652,0.905940594059406,0.8419663558968701,0.8322719696183241,0.9294320932897193,0.9878603945371773,0.4655172413793104,0.0,0.0,0.5,0.5179346561750261,0.5179346561750261,0.48758547543983954,0.47359285803226076,0.5633186089618998,0.562303274023707,0.0038583969838704786,0.0,0.0,0.5,0.5,0.5,0.5,0.5,0.42661706933130766,0.018518518518518524,0.0,0.0,0.0,0.0,0.0,0.0
2014-03-01,0.5529814517685159,0.18430904446639465,0.47510558618394283,0.2798768821780396,0.2429957582702407,0.5666749555611622,0.2604602906176175,0.8305109542445411,0.829100043861398,0.430717345801157,0.5381526104417611,0.4402445803224085,0.012919896640826873,0.017353579175704986,0.02748414376321353,0.3923444976076555,0.6834170854271356,0.8960396039603961,0.8428672423984293,0.8348235630277391,0.9294320932897193,0.9878603945371773,0.4540229885057472,0.0,0.0,0.5,0.5179346561750261,0.5179346561750261,0.48758547543983954,0.47359285803226076,0.5633186089618998,0.562303274023707,0.0038583969838704786,0.0,0.0,0.5,0.5,0.5,0.5,0.5,0.48672750752784855,0.021164021164021166,0.0,0.0,0.0,0.0,0.0,0.0
2014-04-01,0.6856351018398261,0.16440125442403336,0.47856618602133627,0.2822171440869588,0.2474028271273649,0.5694991792303313,0.26388853845544613,0.8124062762883582,0.8304158858008693,0.42379744804664726,0.5381526104417725,0.4369093941078368,0.005167958656330749,0.010845986984815618,0.02325581395348837,0.40669856459330145,0.6809045226130652,0.8712871287128713,0.844986663160478,0.8435185332937097,0.9294320932897193,0.9863429438543246,0.4367816091954023,0.0,0.0,0.5,0.5179346561750261,0.5179346561750261,0.48758547543983954,0.47359285803226076,0.5633186089618998,0.562303274023707,0.0038583969838704786,0.0,0.0,0.5,0.5,0.5,0.5,0.5,0.4865172962337585,0.02380952380952381,0.0,0.0,0.0,0.0,0.0,0.0
2014-05-01,0.6890593862223721,0.169998070559912,0.4918410866242052,0.2908079293229227,0.26324417236305464,0.5806408303384429,0.276296048044873,0.8174902161588823,0.8260696200007975,0.4254852476828989,0.5277108433734952,0.42468037798776703,0.007751937984496123,0.010845986984815618,0.021141649048625793,0.38038277511961727,0.6432160804020101,0.8391089108910891,0.847285292276251,0.8522310542519848,0.9294320932897193,0.9848254931714719,0.42528735632183917,0.0,0.0,0.5,0.5179346561750261,0.5179346561750261,0.48758547543983954,0.47359285803226076,0.5633186089618998,0.562303274023707,0.0038583969838704786,0.0,0.0,0.5,0.5,0.5,0.5,0.5,0.4663520639259441,0.02380952380952381,0.0,0.0,0.0,0.0,0.0,0.0
2014-06-01,0.6992916840552934,0.19151564718316147,0.52904976098639,0.314623519025117,0.3069199808726438,0.6120803180124544,0.3105661108936403,0.8271460444021799,0.8312133657641853,0.40236288103641005,0.47710843373493866,0.39077265147304074,0.005167958656330749,0.01301518438177874,0.021141649048625793,0.40191387559808617,0.6532663316582914,0.8465346534653465,0.8500853249876652,0.8609611252253497,0.9294320932897193,0.983308042488619,0.4137931034482759,0.0,0.0,0.5,0.5179346561750261,0.5179346561750261,0.48758547543983954,0.47359285803226076,0.5633186089618998,0.562303274023707,0.0038583969838704786,0.0,0.0,0.5,0.5,0.5,0.5,0.5,0.44628767841617856,0.02645502645502646,0.0,0.0,0.0,0.0,0.0,0.0
2014-07-01,0.658273628539829,0.20185687010260592,0.5048312117377857,0.2992814431466619,0.2789302302603493,0.5914900771873302,0.28856628134987744,0.8172707655169891,0.8276645799274294,0.3945991795996356,0.5333333333333272,0.4124513618677052,0.005167958656330749,0.01301518438177874,0.02325581395348837,0.40669856459330145,0.6381909547738693,0.8242574257425742,0.8515692778537848,0.8664186259567735,0.9294320932897193,0.9817905918057662,0.4022988505747127,0.0,0.0,0.5,0.5179346561750261,0.5179346561750261,0.48758547543983954,0.47359285803226076,0.5633186089618998,0.562303274023707,0.0038583969838704786,0.0,0.0,0.5,0.5,0.5,0.5,0.5,0.446212758943782,0.02380952380952381,0.0,0.0,0.0,0.0,0.0,0.0
2014-08-01,0.6873901410197538,0.1758223878404958,0.6079416445333264,0.3649575092018715,0.39908013614311955,0.6788684242796685,0.3829174911368579,0.8165026882703632,0.8252322660393158,0.3431223866427475,0.41285140562248973,0.3190661478599278,0.007751937984496123,0.010845986984815618,0.02325581395348837,0.3899521531100479,0.6080402010050251,0.7920792079207921,0.8544375667187053,0.8718757203594669,0.9294320932897193,0.9817905918057662,0.39080459770114945,0.0,0.0,0.5,0.5179346561750261,0.5179346561750261,0.48758547543983954,0.47359285803226076,0.5633186089618998,0.562303274023707,0.0038583969838704786,0.0,0.0,0.5,0.5,0.5,0.5,0.5,0.38644503043538864,0.02380952380952381,0.0,0.0,0.0,0.0,0.0,0.0
2014-09-01,0.6805613816246121,0.18047608214231206,0.5838883174765975,0.34966360106258365,0.3711257636258008,0.6584636623062752,0.3609590907918555,0.8207819757872792,0.8301367678137087,0.35240507314324365,0.4843373493975896,0.34074485825458434,0.0025839793281653744,0.008676789587852493,0.02325581395348837,0.42344497607655507,0.6356783919597989,0.8069306930693069,0.8569823995321404,0.877332409110644,0.9294320932897193,0.9817905918057662,0.37931034482758624,0.0,0.0,0.5,0.5179346561750261,0.5179346561750261,0.48758547543983954,0.47359285803226076,0.5633186089618998,0.562303274023707,0.0038583969838704786,0.0,0.0,0.5,0.5,0.5,0.5,0.5,0.38644503043538864,0.02380952380952381,0.0,0.0,0.0,0.0,0.0,0.0
2014-10-01,0.6401698758451518,0.1939677639517237,0.6160190218349848,0.37008249664950466,0.4084375731206241,0.6857292389896057,0.39027044680265716,0.8354485936871365,0.8276247059292636,0.34160340157903124,0.45622489959839535,0.3118399110617037,0.005167958656330749,0.010845986984815618,0.021141649048625793,0.37081339712918665,0.5778894472361809,0.7524752475247525,0.8604119829919442,0.8811692588962224,0.9294320932897193,0.9817905918057662,0.37356321839080464,0.0,0.0,0.5,0.5179346561750261,0.5179346561750261,0.48758547543983954,0.47359285803226076,0.5633186089618998,0.562303274023707,0.0038583969838704786,0.0,0.0,0.5,0.5,0.5,0.5,0.5,0.366530751947438,0.02380952380952381,0.0,0.0,0.0,0.0,0.0,0.0
2014-11-01,0.6495670850593844,0.20905051389340853,0.6490953822103712,0.39105281808735354,0.4467111316294916,0.7138367447934642,0.4203492182472312,0.8108701217951062,0.829299413852227,0.2740928389396726,0.4706827309236858,0.28237909949971857,0.010335917312661497,0.015184381778741865,0.02748414376321353,0.38755980861244027,0.5854271356783919,0.7524752475247525,0.8642901130331959,0.8850094446406791,0.9294320932897193,0.9802731411229133,0.3620689655172414,0.0,0.0,0.5,0.5179346561750261,0.5179346561750261,0.48758547543983954,0.47359285803226076,0.5633186089618998,0.562303274023707,0.0038583969838704786,0.0,0.0,0.5,0.5,0.5,0.5,0.5,0.30670483289101214,0.02380952380952381,0.0,0.0,0.0,0.0,0.0,0.0
2014-12-01,0.6637030633716241,0.24311665049200726,0.698881079057976,0.4225671934151234,0.5041828878181672,0.7561829776968676,0.4655275925752063,0.8194286968289382,0.8290202958650664,0.22616034446479094,0.4594377510040218,0.23846581434130099,0.007751937984496123,0.023861171366594356,0.04439746300211416,0.3923444976076555,0.5552763819095476,0.7004950495049505,0.8688432016681356,0.888852966344014,0.9294320932897193,0.9802731411229133,0.35632183908045983,0.0,0.0,0.5,0.5179346561750261,0.5179346561750261,0.48758547543983954,0.47359285803226076,0.5633186089618998,0.562303274023707,0.0038583969838704786,0.0,0.0,0.5,0.5,0.5,0.5,0.5,0.24657836823237916,0.03174603174603175,0.0,0.0,0.0,0.0,0.0,0.0
2015-01-01,0.7102482390909958,0.24238807087668576,0.8804677946981437,0.6147001217294568,0.6355355733329253,0.9125554776062086,0.6256673880506959,0.8310961559562562,0.8257905020136369,0.09552743671338254,0.3646586345381502,0.062256809338526176,0.005167958656330749,0.017353579175704986,0.042283298097251586,0.32775119617224885,0.47236180904522607,0.6089108910891089,0.8740491854188208,0.8891007368001538,0.9351980188871025,0.9787556904400606,0.3505747126436782,0.0,0.0,0.5,0.5179346561750261,0.5179346561750261,0.48758547543983954,0.47359285803226076,0.5633186089618998,0.562303274023707,0.0038583969838704786,0.0,0.0,0.5,0.5,0.5,0.5,0.5,0.06520263862566872,0.029100529100529106,0.0,0.0,0.0,0.0,0.0,0.0
2015-02-01,0.5949368540792168,0.18779355567010608,0.47446965562510685,0.3571545495534051,0.16630561966325091,0.5674536771958386,0.2566908454348517,0.8080538385574777,0.8286215558834085,0.4499578232749109,0.4650602409638538,0.420233463035018,0.005167958656330749,0.015184381778741865,0.04651162790697674,0.3516746411483254,0.4974874371859296,0.6361386138613861,0.8737839545962818,0.8893474013649315,0.9351980188871025,0.9787556904400606,0.3505747126436782,0.0,0.0,0.5,0.5179346561750261,0.5179346561750261,0.48758547543983954,0.47359285803226076,0.5633186089618998,0.562303274023707,0.0038583969838704786,0.0,0.0,0.5,0.5,0.5,0.5,0.5,0.5071643687139576,0.029100529100529106,0.0,0.0,0.0,0.0,0.0,0.0
2015-03-01,0.5898965546323997,0.19598215699882796,0.4565772601891729,0.3456271566946817,0.14628588192643638,0.5521360259216239,0.2406930766531097,0.8147470831352182,0.8217632281988916,0.4565400918843499,0.5100401606425669,0.43579766536965153,0.005167958656330749,0.023861171366594356,0.05285412262156448,0.3636363636363637,0.5125628140703518,0.650990099009901,0.8732794291468652,0.8895929600383474,0.9351980188871025,0.9802731411229133,0.3448275862068966,0.0,0.0,0.5,0.5179346561750261,0.5179346561750261,0.48758547543983954,0.47359285803226076,0.5633186089618998,0.562303274023707,0.0038583969838704786,0.0,0.0,0.5,0.5,0.5,0.5,0.5,0.5268995464237676,0.029100529100529106,0.0,0.0,0.0,0.0,0.0,0.0
2015-04-01,0.6343873342504388,0.15064607445334932,0.5310261155293042,0.3928611701033457,0.23230270557807095,0.6154226359178352,0.30834241825519965,0.8257196152298745,0.8290601698632323,0.39105488111762915,0.5228915662650613,0.3702056698165616,0.005167958656330749,0.01952277657266811,0.04862579281183932,0.32296650717703357,0.4874371859296482,0.6410891089108911,0.8738404691517964,0.8916218677446344,0.9351980188871025,0.9817905918057662,0.3448275862068966,0.0,0.0,0.5,0.5179346561750261,0.5179346561750261,0.48758547543983954,0.47359285803226076,0.5633186089618998,0.562303274023707,0.0038583969838704786,0.0,0.0,0.5,0.5,0.5,0.5,0.5,0.42649910361680954,0.03174603174603175,0.0,0.0,0.0,0.0,0.0,0.0
2015-05-01,0.6043202514831107,0.17636666273099286,0.425232664169155,0.3253591127111911,0.11148931578490004,0.5252565504056314,0.21277721223880863,0.8229033319922461,0.83145260975318,0.4810126674763619,0.48514056224899904,0.4630350194552582,0.0025839793281653744,0.017353579175704986,0.050739957716701894,0.368421052631579,0.5527638190954773,0.7326732673267327,0.8729830269968274,0.8936477733588167,0.9351980188871025,0.9817905918057662,0.3448275862068966,0.0,0.0,0.5,0.5179346561750261,0.5179346561750261,0.48758547543983954,0.47359285803226076,0.5633186089618998,0.562303274023707,0.0038583969838704786,0.0,0.0,0.5,0.5,0.5,0.5,0.5,0.5463261569997493,0.03174603174603175,0.0,0.0,0.0,0.0,0.0,0.0
2015-06-01,0.6124900469271279,0.20089215005860317,0.45419358539912824,0.34362852258541515,0.145339957924202,0.5498108968926814,0.2392486097349664,0.8116747741487144,0.8241556680888393,0.46025316648454945,0.48273092369477066,0.4374652584769255,0.0025839793281653744,0.01952277657266811,0.05919661733615222,0.40191387559808617,0.5929648241206029,0.7698019801980198,0.8725157743471487,0.8956706762036796,0.9351980188871025,0.983308042488619,0.3448275862068966,0.0,0.0,0.5,0.5179346561750261,0.5179346561750261,0.48758547543983954,0.47359285803226076,0.5633186089618998,0.562303274023707,0.0038583969838704786,0.0,0.0,0.5,0.5,0.5,0.5,0.5,0.5259031143216174,0.0343915343915344,0.0,0.0,0.0,0.0,0.0,0.0
2015-07-01,0.6377278011347224,0.2168690658918189,0.5265500758574047,0.3896772168762699,0.22841067228913298,0.6114062243728977,0.304785744123255,0.8122234007534471,0.829698153833885,0.41316455260062246,0.4554216867469859,0.3735408560311333,0.007751937984496123,0.02603036876355748,0.06342494714587738,0.3899521531100479,0.5829145728643215,0.7599009900990099,0.8746915489351075,0.8993606970708069,0.9351980188871025,0.983308042488619,0.339080459770115,0.0,0.0,0.5,0.5179346561750261,0.5179346561750261,0.48758547543983954,0.47359285803226076,0.5633186089618998,0.562303274023707,0.0038583969838704786,0.0,0.0,0.5,0.5,0.5,0.5,0.5,0.4460882639121812,0.0343915343915344,0.0,0.0,0.0,0.0,0.0,0.0
2015-08-01,0.6527683833552167,0.19065171878554707,0.5794709554519981,0.42344457281270287,0.2888415456918631,0.6565104158382898,0.3525888072508659,0.8245492118064445,0.8235974321145182,0.34936710301581114,0.4425702811245029,0.32684824902723275,0.010335917312661497,0.04772234273318871,0.080338266384778,0.368421052631579,0.5452261306532663,0.7079207920792079,0.8775804079853122,0.9030573485456029,0.9351980188871025,0.983308042488619,0.339080459770115,0.0,0.0,0.5,0.5179346561750261,0.5179346561750261,0.48758547543983954,0.47359285803226076,0.5633186089618998,0.562303274023707,0.0038583969838704786,0.0,0.0,0.5,0.5,0.5,0.5,0.5,0.38644503043538864,0.03703703703703705,0.0,0.0,0.0,0.0,0.0,0.0
2015-09-01,0.680644583866923,0.1865984547200728,0.6772779922112753,0.48604940076423875,0.3997964648584041,0.7399918127414463,0.4406451725416697,0.7987271862770199,0.8233581881255234,0.2592405405388798,0.4899598393574216,0.24124513618677604,0.0025839793281653744,0.03904555314533622,0.07822410147991543,0.3564593301435407,0.5452261306532663,0.7301980198019802,0.8817865654531161,0.9067606299508536,0.9351980188871025,0.983308042488619,0.339080459770115,0.0,0.0,0.5,0.5179346561750261,0.5179346561750261,0.48758547543983954,0.47359285803226076,0.5633186089618998,0.562303274023707,0.0038583969838704786,0.0,0.0,0.5,0.5,0.5,0.5,0.5,0.28699818910469443,0.03703703703703705,0.0,0.0,0.0,0.0,0.0,0.0
2015-10-01,0.5725936296119916,0.18797786039493047,0.5899074315067983,0.4301948587304655,0.30042050411712146,0.665461325967383,0.361880908410914,0.8270728941882155,0.8307348777861957,0.3891983053631844,0.3935742971887539,0.3179544191217346,0.0025839793281653744,0.023861171366594356,0.05496828752642706,0.33253588516746413,0.5201005025125627,0.7153465346534653,0.8823321938669443,0.9045959962586796,0.9351980188871025,0.9848254931714719,0.339080459770115,0.0,0.0,0.5,0.5179346561750261,0.5179346561750261,0.48758547543983954,0.47359285803226076,0.5633186089618998,0.562303274023707,0.0038583969838704786,0.0,0.0,0.5,0.5,0.5,0.5,0.5,0.42624863828929027,0.03174603174603175,0.0,0.0,0.0,0.0,0.0,0.0
2015-11-01,0.5584800534101014,0.21282588099098348,0.5401074410824099,0.39826504034224247,0.24412529712292816,0.6229225313666618,0.31712512681627203,0.8196481474708314,0.826946847960445,0.397468373608875,0.4706827309236972,0.3613118399110635,0.01808785529715762,0.07158351409978307,0.10147991543340379,0.3995215311004785,0.5678391959798994,0.75,0.8822063470992725,0.9024337795452378,0.9351980188871025,0.9878603945371773,0.3448275862068966,0.0,0.0,0.5,0.5179346561750261,0.5179346561750261,0.48758547543983954,0.47359285803226076,0.5633186089618998,0.562303274023707,0.0038583969838704786,0.0,0.0,0.5,0.5,0.5,0.5,0.5,0.4460882639121812,0.03174603174603175,0.0,0.0,0.0,0.0,0.0,0.0
2015-12-01,0.5850646787493047,0.24127936276641393,0.6340852950835889,0.4585525894392563,0.35023909880568127,0.7032177739959917,0.4015356565043553,0.8360337953988515,0.8288607998724032,0.3063291544228068,0.43694779116465954,0.27959977765425137,0.04392764857881137,0.10845986984815617,0.13742071881606766,0.40669856459330145,0.5628140703517588,0.7351485148514851,0.8833312297118255,0.9002739798105291,0.9351980188871025,0.990895295902883,0.3505747126436782,0.0,0.0,0.5,0.5179346561750261,0.5179346561750261,0.48758547543983954,0.47359285803226076,0.5633186089618998,0.562303274023707,0.0038583969838704786,0.0,0.0,0.5,0.5,0.5,0.5,0.5,0.34669114019714875,0.0634920634920635,0.0,0.0,0.0,0.0,0.0,0.0
2016-01-01,0.5532093195692511,0.24386826819793178,0.5422018333375965,0.32530655334585845,0.2950695287285547,0.6286963302291232,0.3093905122715088,0.8309132804213452,0.8225607081622075,0.33113924379685733,0.5381526104417611,0.3557531962201213,0.059431524547803614,0.09327548806941431,0.11416490486257928,0.3636363636363637,0.5251256281407034,0.7079207920792079,0.8831477339209025,0.899186626519826,0.9369906303709044,0.9939301972685887,0.35632183908045983,0.0,0.0,0.5,0.5179346561750261,0.5179346561750261,0.48758547543983954,0.47359285803226076,0.5633186089618998,0.562303274023707,0.0038583969838704786,0.0,0.0,0.5,0.5,0.5,0.5,0.5,0.36655568719683596,0.08994708994708997,0.0,0.0,0.0,0.0,0.0,0.0
2016-02-01,0.5743257185281287,0.19615638255901352,0.6173864402502812,0.37354186438620984,0.3796668592126841,0.6929983813920244,0.37676682074812423,0.8221718298526023,0.8264284859842896,0.29620254887701364,0.5140562248996028,0.29071706503613587,0.06718346253229973,0.09761388286334055,0.1120507399577167,0.291866028708134,0.4472361809045226,0.6485148514851485,0.8839458169070826,0.8980882651065961,0.9369906303709044,0.9954476479514414,0.35632183908045983,0.0,0.0,0.5,0.5179346561750261,0.5179346561750261,0.48758547543983954,0.47359285803226076,0.5633186089618998,0.562303274023707,0.0038583969838704786,0.0,0.0,0.5,0.5,0.5,0.5,0.5,0.3068045550997388,0.10052910052910055,0.0,0.0,0.0,0.0,0.0,0.0
2016-03-01,0.5198261622186683,0.18653366009025174,0.4222427519989331,0.24848019314520853,0.16057952986044158,0.5259680372487602,0.20220996640371486,0.821915804103727,0.8281829419035848,0.4751055033396845,0.5036144578313254,0.4591439688715899,0.06459948320413436,0.10195227765726679,0.13953488372093023,0.33014354066985646,0.47487437185929643,0.6633663366336634,0.8821350979667278,0.8969788962480538,0.9369906303709044,0.9954476479514414,0.35632183908045983,0.0,0.0,0.5,0.5179346561750261,0.5179346561750261,0.48758547543983954,0.47359285803226076,0.5633186089618998,0.562303274023707,0.0038583969838704786,0.0,0.0,0.5,0.5,0.5,0.5,0.5,0.5455932999927877,0.09523809523809525,0.0,0.0,0.0,0.0,0.0,0.0
2016-04-01,0.5689430601484675,0.1620470495405341,0.3562147450215371,0.2063501135138881,0.08712189746888763,0.4692695078167916,0.1435890401349391,0.8064445338502615,0.8255512580246421,0.5034599296500892,0.5943775100401611,0.5163979988882705,0.049095607235142114,0.08026030368763556,0.11839323467230443,0.3014354066985646,0.45477386934673364,0.6485148514851485,0.8812062543716852,0.8975383154228584,0.9369906303709044,0.9954476479514414,0.3505747126436782,0.0,0.0,0.5,0.5179346561750261,0.5179346561750261,0.48758547543983954,0.47359285803226076,0.5633186089618998,0.562303274023707,0.0038583969838704786,0.0,0.0,0.5,0.5,0.5,0.5,0.5,0.5648549216007717,0.09788359788359789,0.0,0.0,0.0,0.0,0.0,0.0
2016-05-01,0.6025474716557014,0.17800380704447216,0.47670004524058857,0.2836326497123819,0.2226339932734929,0.5723308322808787,0.25152366496582446,0.8138327054606634,0.8197695282906018,0.4448945012748405,0.5116465863453744,0.41189549749861654,0.059431524547803614,0.09110629067245118,0.12473572938689216,0.3110047846889953,0.45477386934673364,0.650990099009901,0.8818680835535022,0.8980939455822501,0.9369906303709044,0.9939301972685887,0.3448275862068966,0.0,0.0,0.5,0.5179346561750261,0.5179346561750261,0.48758547543983954,0.47359285803226076,0.5633186089618998,0.562303274023707,0.0038583969838704786,0.0,0.0,0.5,0.5,0.5,0.5,0.5,0.5050156064601883,0.09788359788359789,0.0,0.0,0.0,0.0,0.0,0.0
2016-06-01,0.5946709770908853,0.20178631595013408,0.44840324771013584,0.2656326373589912,0.19135316460391905,0.5479778266907677,0.22653262202124952,0.8150396839910756,0.8279835719127557,0.46177215154826573,0.48514056224899904,0.4363535297387402,0.05684754521963824,0.08676789587852494,0.11627906976744186,0.2799043062200957,0.41206030150753764,0.6064356435643564,0.8821481591123886,0.8986457880806579,0.9369906303709044,0.992412746585736,0.339080459770115,0.0,0.0,0.5,0.5179346561750261,0.5179346561750261,0.48758547543983954,0.47359285803226076,0.5633186089618998,0.562303274023707,0.0038583969838704786,0.0,0.0,0.5,0.5,0.5,0.5,0.5,0.5047218904883682,0.10052910052910055,0.0,0.0,0.0,0.0,0.0,0.0
2016-07-01,0.576711691464741,0.2062917025436932,0.5473271909687681,0.3289447727878174,0.30210579143006516,0.6327344093536214,0.3148174695736379,0.8238177096668008,0.8324494597073249,0.3291139688329094,0.5261044176706877,0.35019455252918696,0.06718346253229973,0.08676789587852494,0.10782241014799153,0.2559808612440192,0.37688442211055273,0.551980198019802,0.8819290510875311,0.8984496335631682,0.9369906303709044,0.990895295902883,0.33333333333333337,0.0,0.0,0.5,0.5179346561750261,0.5179346561750261,0.48758547543983954,0.47359285803226076,0.5633186089618998,0.562303274023707,0.0038583969838704786,0.0,0.0,0.5,0.5,0.5,0.5,0.5,0.3667525437889898,0.1031746031746032,0.0,0.0,0.0,0.0,0.0,0.0
2016-08-01,0.5566675217982432,0.1904314170441554,0.47488091900662416,0.28272055205036056,0.22151176214139565,0.5705233819862405,0.25050095654645427,0.8199407483266888,0.8239164240998446,0.4244725909737511,0.5413654618473875,0.41300722623679387,0.06718346253229973,0.09761388286334055,0.120507399577167,0.2703349282296651,0.39195979899497485,0.5594059405940593,0.8807363391956262,0.8982360956253682,0.9369906303709044,0.9893778452200304,0.33333333333333337,0.0,0.0,0.5,0.5179346561750261,0.5179346561750261,0.48758547543983954,0.47359285803226076,0.5633186089618998,0.562303274023707,0.0038583969838704786,0.0,0.0,0.5,0.5,0.5,0.5,0.5,0.46516619609263693,0.10582010582010584,0.0,0.0,0.0,0.0,0.0,0.0
2016-09-01,0.5523490062673391,0.17536306590909748,0.45873984573251214,0.2725134143201942,0.20388770680757828,0.556572283201421,0.23638954932734696,0.8110529973300171,0.8298177758283823,0.4560337635297814,0.4803212851405537,0.42690383546415345,0.049095607235142114,0.10195227765726679,0.12473572938689216,0.2822966507177034,0.4095477386934673,0.5816831683168316,0.8793177074364917,0.8980051735900437,0.9369906303709044,0.9878603945371773,0.32758620689655177,0.0,0.0,0.5,0.5179346561750261,0.5179346561750261,0.48758547543983954,0.47359285803226076,0.5633186089618998,0.562303274023707,0.0038583969838704786,0.0,0.0,0.5,0.5,0.5,0.5,0.5,0.5238955135889429,0.10582010582010584,0.0,0.0,0.0,0.0,0.0,0.0
2016-10-01,0.6359502831883236,0.1966214640130626,0.42671404817815334,0.2522009255962542,0.16870075297388315,0.528951183287164,0.2082471331070334,0.8128817526791265,0.8222815901750469,0.4448945012748405,0.5084337349397594,0.4546970539188409,0.062015503875968984,0.10412147505422992,0.13953488372093023,0.3038277511961723,0.4422110552763819,0.6188118811881188,0.8814404318998813,0.9014759083222617,0.9369906303709044,0.9863429438543246,0.32758620689655177,0.0,0.0,0.5,0.5179346561750261,0.5179346561750261,0.48758547543983954,0.47359285803226076,0.5633186089618998,0.562303274023707,0.0038583969838704786,0.0,0.0,0.5,0.5,0.5,0.5,0.5,0.4843822270366448,0.10582010582010584,0.0,0.0,0.0,0.0,0.0,0.0
2016-11-01,0.6695622421675514,0.2074666451644488,0.5483958852838561,0.3298496978149929,0.304103523113945,0.6334319980412236,0.31629765210099775,0.8175999414798288,0.8227600781530364,0.39763714972706815,0.4232931726907671,0.34852695942189715,0.07751937984496123,0.12581344902386116,0.15644820295983086,0.38277511961722493,0.5376884422110553,0.7079207920792079,0.8851711754836953,0.9049525483653647,0.9369906303709044,0.9848254931714719,0.3218390804597701,0.0,0.0,0.5,0.5179346561750261,0.5179346561750261,0.48758547543983954,0.47359285803226076,0.5633186089618998,0.562303274023707,0.0038583969838704786,0.0,0.0,0.5,0.5,0.5,0.5,0.5,0.4451110629392015,0.10846560846560847,0.0,0.0,0.0,0.0,0.0,0.0
2016-12-01,0.6426519022181398,0.24277107913296148,0.4518830050171671,0.2684318681004544,0.19732385450897696,0.550394581110781,0.23100131969117738,0.8191360959730807,0.8267076039714503,0.45265824116596265,0.49397590361445753,0.4324624791550878,0.10852713178294572,0.1388286334056399,0.18393234672304437,0.46889952153110054,0.6256281407035176,0.7698019801980198,0.8876284081015545,0.9084350937193527,0.9369906303709044,0.983308042488619,0.31034482758620696,0.0,0.0,0.5,0.5179346561750261,0.5179346561750261,0.48758547543983954,0.47359285803226076,0.5633186089618998,0.562303274023707,0.0038583969838704786,0.0,0.0,0.5,0.5,0.5,0.5,0.5,0.5035612152628012,0.14285714285714288,0.0,0.0,0.0,0.0,0.0,0.0
2017-01-01,0.4955166959582143,0.25295391517950994,0.3529050870468558,0.2428613168366569,0.24309047493560745,0.42404102906334223,0.242980262357333,0.8115284737207856,0.8271860919494398,0.5151054818052563,0.6032128514056195,0.5436353529738771,0.12919896640826872,0.13449023861171366,0.17547568710359404,0.45933014354066987,0.6105527638190955,0.7475247524752475,0.8834132691665849,0.9083332562268133,0.9377852931936206,0.9817905918057662,0.3045977011494253,0.0,0.0,0.5,0.5179346561750261,0.5179346561750261,0.48758547543983954,0.47359285803226076,0.5633186089618998,0.562303274023707,0.0038583969838704786,0.0,0.0,0.5,0.5,0.5,0.5,0.5,0.5810025026950394,0.171957671957672,0.0,0.0,0.0,0.0,0.0,0.0
2017-02-01,0.53625211398062,0.18312978220365098,0.4983483836633693,0.3354273847425548,0.40398333384858937,0.5491798445535822,0.3715136086489164,0.8237079843458542,0.8261892419952949,0.41502112835506727,0.549397590361448,0.41634241245135767,0.12403100775193797,0.14099783080260303,0.17336152219873147,0.4545454545454546,0.6080402010050251,0.75,0.881108660507884,0.9081951105533352,0.9377852931936206,0.9817905918057662,0.2931034482758621,0.0,0.0,0.5,0.5179346561750261,0.5179346561750261,0.48758547543983954,0.47359285803226076,0.5633186089618998,0.562303274023707,0.0038583969838704786,0.0,0.0,0.5,0.5,0.5,0.5,0.5,0.4640465340039597,0.17460317460317465,0.0,0.0,0.0,0.0,0.0,0.0
2017-03-01,0.574876193592868,0.1857186876351688,0.6379097289647762,0.4242973383688139,0.5586613370179115,0.6691849152570978,0.495024955415556,0.8331077868402765,0.8231588181346944,0.33029536320590264,0.3413654618473899,0.2940522512506996,0.17054263565891473,0.193058568329718,0.21353065539112048,0.48086124401913877,0.6231155778894472,0.7623762376237624,0.8806156525960668,0.9080206580533478,0.9377852931936206,0.9817905918057662,0.2873563218390805,0.0,0.0,0.5,0.5179346561750261,0.5179346561750261,0.48758547543983954,0.47359285803226076,0.5633186089618998,0.562303274023707,0.0038583969838704786,0.0,0.0,0.5,0.5,0.5,0.5,0.5,0.36705649917596056,0.20899470899470904,0.0,0.0,0.0,0.0,0.0,0.0
2017-04-01,0.5931343391379731,0.17571727655211938,0.4532799848175023,0.3066849357013822,0.35376379649059836,0.5104940818787035,0.33146562488582487,0.8186606195823123,0.8258303760118028,0.4003375676181199,0.5871485943775102,0.45525291828793746,0.19379844961240308,0.20607375271149672,0.21987315010570824,0.43540669856459335,0.5778894472361809,0.7277227722772277,0.8814139663382455,0.9106807303984039,0.9377852931936206,0.9802731411229133,0.2816091954022989,0.0,0.0,0.5,0.5179346561750261,0.5179346561750261,0.48758547543983954,0.47359285803226076,0.5633186089618998,0.562303274023707,0.0038583969838704786,0.0,0.0,0.5,0.5,0.5,0.5,0.5,0.4445870616874527,0.23809523809523814,0.0,0.0,0.0,0.0,0.0,0.0
2017-05-01,0.6389475535393389,0.17459704939654602,0.6198242391179906,0.4127695306684244,0.5385472031970018,0.6536511033459577,0.4789773051749486,0.8049083793570095,0.8266278559751187,0.3176371543415931,0.46104417670681785,0.30961645358532525,0.18863049095607234,0.22559652928416485,0.23678646934460887,0.4401913875598087,0.5778894472361809,0.7326732673267327,0.8843931472164207,0.9133387541694432,0.9377852931936206,0.9817905918057662,0.2816091954022989,0.0,0.0,0.5,0.5179346561750261,0.5179346561750261,0.48758547543983954,0.47359285803226076,0.5633186089618998,0.562303274023707,0.0038583969838704786,0.0,0.0,0.5,0.5,0.5,0.5,0.5,0.34769153044275264,0.24074074074074078,0.0,0.0,0.0,0.0,0.0,0.0
2017-06-01,0.6159650104385218,0.19428741745884104,0.5362141430120044,0.3594900519989465,0.44564563382223216,0.5818157874796728,0.4048407505658707,0.8208185508942614,0.8259101240081343,0.3763713203806818,0.5076305220883613,0.3824346859366314,0.21705426356589144,0.24078091106290672,0.2536997885835095,0.42344497607655507,0.5502512562814069,0.693069306930693,0.8862733527799419,0.9159947300436804,0.9377852931936206,0.9817905918057662,0.2816091954022989,0.0,0.0,0.5,0.5179346561750261,0.5179346561750261,0.48758547543983954,0.47359285803226076,0.5633186089618998,0.562303274023707,0.0038583969838704786,0.0,0.0,0.5,0.5,0.5,0.5,0.5,0.42519853042802463,0.2751322751322752,0.0,0.0,0.0,0.0,0.0,0.0
2017-07-01,0.6593921647698278,0.20739177136998888,0.5832959024757134,0.38948555491649806,0.4979179300592702,0.6222774325225062,0.4465627641413523,0.8208917011082257,0.8253120140356474,0.363037968589263,0.4337349397590331,0.34130072262368094,0.2506459948320413,0.24511930585683292,0.25792811839323465,0.44736842105263164,0.5829145728643215,0.7128712871287128,0.8887104953095157,0.9172546694310681,0.9377852931936206,0.9817905918057662,0.2873563218390805,0.0,0.0,0.5,0.5179346561750261,0.5179346561750261,0.48758547543983954,0.47359285803226076,0.5633186089618998,0.562303274023707,0.0038583969838704786,0.0,0.0,0.5,0.5,0.5,0.5,0.5,0.38644503043538864,0.30423280423280424,0.0,0.0,0.0,0.0,0.0,0.0
2017-08-01,0.6198668709633075,0.19249188627246575,0.43990586487454353,0.2980688048816635,0.33832676714623905,0.499147527123972,0.3192590064517614,0.8092973921948722,0.8233581881255234,0.5081856609594256,0.4883534136546141,0.4658143413007254,0.2532299741602067,0.24511930585683292,0.2600422832980972,0.42583732057416274,0.5552763819095476,0.693069306930693,0.8892623887804729,0.9185132659020016,0.9377852931936206,0.9817905918057662,0.2873563218390805,0.0,0.0,0.5,0.5179346561750261,0.5179346561750261,0.48758547543983954,0.47359285803226076,0.5633186089618998,0.562303274023707,0.0038583969838704786,0.0,0.0,0.5,0.5,0.5,0.5,0.5,0.5797420956596897,0.3068783068783069,0.0,0.0,0.0,0.0,0.0,0.0
2017-09-01,0.5939182186021613,0.1805149589202047,0.3462803051532065,0.2383354108646746,0.23385526489802272,0.4188175322063735,0.23597549043465368,0.8403496580227496,0.8216436062043941,0.5608438867436547,0.494779116465867,0.5475264035575296,0.25581395348837205,0.2537960954446854,0.2706131078224101,0.4306220095693781,0.5527638190954773,0.6881188118811881,0.8885809119269973,0.9197705194564801,0.9377852931936206,0.9817905918057662,0.2816091954022989,0.0,0.0,0.5,0.5179346561750261,0.5179346561750261,0.48758547543983954,0.47359285803226076,0.5633186089618998,0.562303274023707,0.0038583969838704786,0.0,0.0,0.5,0.5,0.5,0.5,0.5,0.6173731189319898,0.30423280423280424,0.0,0.0,0.0,0.0,0.0,0.0
2017-10-01,0.6303036783584539,0.1981664559641297,0.4995487014624425,0.336023821188855,0.4042796902466451,0.5504703286087798,0.371952145216927,0.7869500018287553,0.8238765501016787,0.38177219461713296,0.609638554216861,0.41356309060589047,0.25839793281653745,0.2711496746203904,0.29598308668076106,0.4736842105263158,0.5929648241206029,0.7128712871287128,0.8885011477073691,0.9243827927700577,0.9377852931936206,0.9817905918057662,0.2816091954022989,0.0,0.0,0.5,0.5179346561750261,0.5179346561750261,0.48758547543983954,0.47359285803226076,0.5633186089618998,0.562303274023707,0.0038583969838704786,0.0,0.0,0.5,0.5,0.5,0.5,0.5,0.42482466933750934,0.30423280423280424,0.0,0.0,0.0,0.0,0.0,0.0
2017-11-01,0.62667340425073,0.2018410314153163,0.4866130575400032,0.3277510242525889,0.3897234985152372,0.5394021406361561,0.36037177908347956,0.8188800702242054,0.8271462179512741,0.46059071872093027,0.448192771084335,0.42468037798777497,0.28165374677002586,0.30151843817787416,0.32980972515856233,0.4904306220095694,0.5904522613065326,0.693069306930693,0.8882433492463603,0.9289693447977729,0.9377852931936206,0.9817905918057662,0.27586206896551724,0.0,0.0,0.5,0.5179346561750261,0.5179346561750261,0.48758547543983954,0.47359285803226076,0.5633186089618998,0.562303274023707,0.0038583969838704786,0.0,0.0,0.5,0.5,0.5,0.5,0.5,0.5205313286487907,0.3068783068783069,0.0,0.0,0.0,0.0,0.0,0.0
2017-12-01,0.6304132107320387,0.24086035749357096,0.5003460902491893,0.33648750084909185,0.40489198355055595,0.5512238138507212,0.37249407156903247,0.8153322848469331,0.8237170541090155,0.43746835207444684,0.5100401606425783,0.4124513618677052,0.3100775193798449,0.32537960954446854,0.35940803382663844,0.521531100478469,0.6030150753768844,0.6856435643564356,0.8881570951547826,0.9335301748624113,0.9377852931936206,0.9817905918057662,0.2701149425287357,0.0,0.0,0.5,0.5179346561750261,0.5179346561750261,0.48758547543983954,0.47359285803226076,0.5633186089618998,0.562303274023707,0.0038583969838704786,0.0,0.0,0.5,0.5,0.5,0.5,0.5,0.4819909125408515,0.343915343915344,0.0,0.0,0.0,0.0,0.0,0.0
2018-01-01,0.6878427145346793,0.2515529112947119,0.413943269557535,0.229188806480575,0.2918586944380979,0.4909471600543365,0.26218354133704025,0.8307669799934164,0.8239164240998446,0.5078481087230449,0.6530120481927666,0.5386325736520237,0.3359173126614987,0.351409978308026,0.38054968287526425,0.5693779904306221,0.6482412060301507,0.7128712871287128,0.890297471687988,0.9391116749325569,0.9500748461495815,0.9817905918057662,0.25862068965517243,0.0,0.0,0.5,0.5179346561750261,0.5179346561750261,0.48758547543983954,0.47359285803226076,0.5633186089618998,0.562303274023707,0.0038583969838704786,0.0,0.0,0.5,0.5,0.5,0.5,0.5,0.5579471916957951,0.3730158730158731,0.0,0.0,0.0,0.0,0.0,0.0
2018-02-01,0.7081350217167087,0.1842068129393436,0.48903027968573154,0.2773095827801637,0.3754792507241563,0.555364986911831,0.3289913685700269,0.8399473318459456,0.8334463096614698,0.46700424966652926,0.5670682730923763,0.4724847137298529,0.3565891472868217,0.3882863340563991,0.4143763213530655,0.6220095693779906,0.7185929648241205,0.7747524752475248,0.8934214715550094,0.9447058937691852,0.9500748461495815,0.9817905918057662,0.25287356321839083,0.0,0.0,0.5,0.5179346561750261,0.5179346561750261,0.48758547543983954,0.47359285803226076,0.5633186089618998,0.562303274023707,0.0038583969838704786,0.0,0.0,0.5,0.5,0.5,0.5,0.5,0.5194109536914079,0.3756613756613757,0.0,0.0,0.0,0.0,0.0,0.0
2018-03-01,0.7272507314839266,0.18324353277600353,0.5587461994262124,0.32186456048072887,0.45319800846667313,0.6151817774780403,0.39100374056353704,0.8123331260743938,0.8268670999641135,0.37350208791709466,0.5831325301204743,0.41078376876042333,0.4237726098191214,0.41648590021691967,0.4355179704016913,0.6291866028708134,0.7135678391959798,0.7648514851485149,0.8974656203501897,0.9503128320495109,0.9500748461495815,0.983308042488619,0.25287356321839083,0.0,0.0,0.5,0.5179346561750261,0.5179346561750261,0.48758547543983954,0.47359285803226076,0.5633186089618998,0.562303274023707,0.0038583969838704786,0.0,0.0,0.5,0.5,0.5,0.5,0.5,0.42436736595965463,0.39947089947089953,0.0,0.0,0.0,0.0,0.0,0.0
2018-04-01,0.6095105101777737,0.17765103628211296,0.5210704129277955,0.2980518941361438,0.41102606584837137,0.582840901997015,0.3575267373430112,0.8152957097399509,0.8237569281071814,0.44489453972918275,0.5325301204819292,0.44357976653696435,0.42894056847545214,0.42950108459869846,0.4545454545454545,0.6459330143540671,0.7211055276381909,0.7599009900990099,0.8986942614555484,0.9540761817082228,0.9500748461495815,0.983308042488619,0.2471264367816092,0.0,0.0,0.5,0.5179346561750261,0.5179346561750261,0.48758547543983954,0.47359285803226076,0.5633186089618998,0.562303274023707,0.0038583969838704786,0.0,0.0,0.5,0.5,0.5,0.5,0.5,0.4811192658411546,0.44708994708994715,0.0,0.0,0.0,0.0,0.0,0.0
2018-05-01,0.6104963037032469,0.1694293176981492,0.5244581480410454,0.3003734261629789,0.4147018261136431,0.585738910550638,0.36056111980102207,0.8241468856296404,0.8310937437696878,0.45637131576616224,0.546987951807231,0.44024458032240055,0.441860465116279,0.4490238611713665,0.47991543340380544,0.6746411483253589,0.7487437185929647,0.7747524752475248,0.8999597438682996,0.9578294733764229,0.9500748461495815,0.983308042488619,0.2471264367816092,0.0,0.0,0.5,0.5179346561750261,0.5179346561750261,0.48758547543983954,0.47359285803226076,0.5633186089618998,0.562303274023707,0.0038583969838704786,0.0,0.0,0.5,0.5,0.5,0.5,0.5,0.5186743811521983,0.44973544973544977,0.0,0.0,0.0,0.0,0.0,0.0
2018-06-01,0.6247776059203756,0.19711102343837744,0.5752144247877142,0.33272127592339856,0.47134263806067855,0.6292931923106035,0.4056967789214279,0.8157346110237372,0.8263886119861239,0.4067510601093712,0.4755020080321197,0.3952195664257898,0.4677002583979328,0.457700650759219,0.49260042283298094,0.6650717703349283,0.7311557788944724,0.754950495049505,0.9018861134570373,0.9615727050224677,0.9500748461495815,0.983308042488619,0.24137931034482762,0.0,0.0,0.5,0.5179346561750261,0.5179346561750261,0.48758547543983954,0.47359285803226076,0.5633186089618998,0.562303274023707,0.0038583969838704786,0.0,0.0,0.5,0.5,0.5,0.5,0.5,0.4430028402296328,0.48148148148148157,0.0,0.0,0.0,0.0,0.0,0.0
2018-07-01,0.6265437227088877,0.20799364148699356,0.5900456489641305,0.3422151120808393,0.4878665064244785,0.6420176454956493,0.418891218474695,0.8257561903368567,0.8202081422704255,0.38413506027180394,0.4987951807228915,0.38187882156754266,0.48837209302325574,0.47071583514099774,0.5052854122621564,0.6650717703349283,0.7261306532663316,0.745049504950495,0.9045756010779878,0.9624262520210732,0.9500748461495815,0.983308042488619,0.2471264367816092,0.0,0.0,0.5,0.5179346561750261,0.5179346561750261,0.48758547543983954,0.47359285803226076,0.5633186089618998,0.562303274023707,0.0038583969838704786,0.0,0.0,0.5,0.5,0.5,0.5,0.5,0.42411303235985887,0.5052910052910053,0.0,0.0,0.0,0.0,0.0,0.0
2018-08-01,0.6291425453637396,0.18627016192897933,0.5992413415025233,0.3481138016384376,0.4981037485573014,0.649906409268346,0.4270737175335675,0.7882301305731318,0.82794369791459,0.4214345823919763,0.40321285140562185,0.37354085603112536,0.5012919896640826,0.48590021691973967,0.5179704016913319,0.6626794258373206,0.7261306532663316,0.7524752475247525,0.9073822696830276,0.9632787371472629,0.9500748461495815,0.983308042488619,0.2471264367816092,0.0,0.0,0.5,0.5179346561750261,0.5179346561750261,0.48758547543983954,0.47359285803226076,0.5633186089618998,0.562303274023707,0.0038583969838704786,0.0,0.0,0.5,0.5,0.5,0.5,0.5,0.46169203142117976,0.5052910052910053,0.0,0.0,0.0,0.0,0.0,0.0
2018-09-01,0.6022318048993975,0.18427304744982737,0.5031502458543771,0.28743473133032527,0.39051018854999714,0.5674188340980124,0.34169881952996906,0.8304012289235946,0.8215239842098968,0.4322363308648733,0.5662650602409669,0.457476375764316,0.5271317829457364,0.5075921908893708,0.5412262156448202,0.6913875598086126,0.7537688442211055,0.7797029702970297,0.9089173278941381,0.9641301610782509,0.9500748461495815,0.983308042488619,0.25287356321839083,0.0,0.0,0.5,0.5179346561750261,0.5179346561750261,0.48758547543983954,0.47359285803226076,0.5633186089618998,0.562303274023707,0.0038583969838704786,0.0,0.0,0.5,0.5,0.5,0.5,0.5,0.4803372275646968,0.5158730158730159,0.0,0.0,0.0,0.0,0.0,0.0
2018-10-01,0.590825159317839,0.19871217073528946,0.5344487937973735,0.30738734777846416,0.4254338454246175,0.5942760095079254,0.3695321874930612,0.8254635894809992,0.8245544080704973,0.45468355458425286,0.5020080321285179,0.4296831573096206,0.5607235142118863,0.5336225596529284,0.5602536997885834,0.7177033492822967,0.7914572864321607,0.8267326732673267,0.9108050621534161,0.9644075725380743,0.9500748461495815,0.983308042488619,0.25287356321839083,0.0,0.0,0.5,0.5179346561750261,0.5179346561750261,0.48758547543983954,0.47359285803226076,0.5633186089618998,0.562303274023707,0.0038583969838704786,0.0,0.0,0.5,0.5,0.5,0.5,0.5,0.5175846971585569,0.5793650793650794,0.0,0.0,0.0,0.0,0.0,0.0
2018-11-01,0.6158068478936728,0.21908792199302524,0.6235026893054234,0.36372038141188434,0.5250847935896461,0.6707172006288552,0.4486677997233105,0.8237811345598186,0.8218031021970573,0.31493669799619367,0.5461847389558215,0.35130628126736435,0.5788113695090439,0.5466377440347071,0.5708245243128964,0.7057416267942584,0.7839195979899497,0.8316831683168316,0.913863582469669,0.9646842668276882,0.9500748461495815,0.9848254931714719,0.25862068965517243,0.0,0.0,0.5,0.5179346561750261,0.5179346561750261,0.48758547543983954,0.47359285803226076,0.5633186089618998,0.562303274023707,0.0038583969838704786,0.0,0.0,0.5,0.5,0.5,0.5,0.5,0.34901330450987317,0.5820105820105822,0.0,0.0,0.0,0.0,0.0,0.0
2018-12-01,0.6198708918342297,0.22308791047397994,0.6379836066401503,0.3728830934290736,0.5412872801549217,0.6831470474264004,0.46153625344979154,0.8152225595259865,0.8252721400374816,0.33164561060577347,0.5244979919678687,0.3385214007782138,0.6124031007751938,0.5509761388286334,0.562367864693446,0.6411483253588518,0.7110552763819095,0.7673267326732673,0.9171093288415906,0.9649602439470923,0.9500748461495815,0.9863429438543246,0.25862068965517243,0.0,0.0,0.5,0.5179346561750261,0.5179346561750261,0.48758547543983954,0.47359285803226076,0.5633186089618998,0.562303274023707,0.0038583969838704786,0.0,0.0,0.5,0.5,0.5,0.5,0.5,0.3677181770869809,0.6005291005291006,0.0,0.0,0.0,0.0,0.0,0.0
2019-01-01,0.6283732070973786,0.2377660539494487,0.5477076857589562,0.38596411758272703,0.4338603053299931,0.593287203375756,0.4111777143970655,0.8011777184448264,0.8302962638063719,0.3358649751061992,0.4819277108433726,0.3185102834908312,0.6201550387596898,0.5444685466377439,0.5454545454545454,0.6076555023923446,0.6809045226130652,0.7524752475247525,0.9192965266605587,0.9645789518384292,0.9659403818077656,0.9878603945371773,0.25862068965517243,0.0,0.0,0.5,0.5179346561750261,0.5179346561750261,0.48758547543983954,0.47359285803226076,0.5633186089618998,0.562303274023707,0.0038583969838704786,0.0,0.0,0.5,0.5,0.5,0.5,0.5,0.367710785590423,0.634920634920635,0.0,0.0,0.0,0.0,0.0,0.0
2019-02-01,0.5957838988741904,0.20657679891490593,0.4308844260741122,0.3122415881026704,0.30290140505302093,0.49302603586113725,0.3073258986852727,0.8255733148019457,0.8170979704134934,0.46177215154826573,0.44016064257027454,0.420233463035018,0.627906976744186,0.5422993492407808,0.5391120507399576,0.5956937799043064,0.6733668341708543,0.7475247524752475,0.9199326514211198,0.9641962220032742,0.9659403818077656,0.9878603945371773,0.25862068965517243,0.0,0.0,0.5,0.5179346561750261,0.5179346561750261,0.48758547543983954,0.47359285803226076,0.5633186089618998,0.562303274023707,0.0038583969838704786,0.0,0.0,0.5,0.5,0.5,0.5,0.5,0.4987402542359537,0.634920634920635,0.0,0.0,0.0,0.0,0.0,0.0
2019-03-01,0.5730555516817339,0.19608870816786705,0.34945461807394285,0.2607322526158005,0.21152562504022668,0.4231848129995746,0.23483082548764903,0.8061153578874218,0.8270664699549424,0.5416034092699008,0.4963855421686745,0.4913841022790423,0.6330749354005167,0.5444685466377439,0.5264270613107822,0.5669856459330145,0.6457286432160803,0.7376237623762376,0.9194835446829562,0.9638120557960563,0.9659403818077656,0.9878603945371773,0.2471264367816092,0.0,0.0,0.5,0.5179346561750261,0.5179346561750261,0.48758547543983954,0.47359285803226076,0.5633186089618998,0.562303274023707,0.0038583969838704786,0.0,0.0,0.5,0.5,0.5,0.5,0.5,0.6102461835552806,0.6375661375661377,0.0,0.0,0.0,0.0,0.0,0.0
2019-04-01,0.587146392415816,0.16276411011055406,0.32452637574260423,0.2448311316359921,0.183451846546826,0.40185216228063786,0.2125220059857477,0.809077941552979,0.8276645799274294,0.4997468165955419,0.6224899598393667,0.5136186770428033,0.627906976744186,0.5336225596529284,0.5116279069767441,0.5574162679425838,0.6356783919597989,0.7277227722772277,0.9178687137599736,0.966787253002068,0.9659403818077656,0.9878603945371773,0.235632183908046,0.0,0.0,0.5,0.5179346561750261,0.5179346561750261,0.48758547543983954,0.47359285803226076,0.5633186089618998,0.562303274023707,0.0038583969838704786,0.0,0.0,0.5,0.5,0.5,0.5,0.5,0.5536100520329739,0.6402116402116403,0.0,0.0,0.0,0.0,0.0,0.0
2019-05-01,0.6332266871332458,0.16985840213563103,0.4898016767233641,0.3491672805566164,0.36875398327296005,0.5436827416506694,0.35947873639018857,0.8165026882703632,0.8206467562502493,0.3768776487352557,0.4803212851405537,0.36853807670927974,0.6201550387596898,0.5249457700650758,0.4947145877378435,0.5239234449760766,0.6030150753768844,0.698019801980198,0.9184286287990749,0.9697430073783196,0.9659403818077656,0.9863429438543246,0.2298850574712644,0.0,0.0,0.5,0.5179346561750261,0.5179346561750261,0.48758547543983954,0.47359285803226076,0.5633186089618998,0.562303274023707,0.0038583969838704786,0.0,0.0,0.5,0.5,0.5,0.5,0.5,0.40498285989435534,0.6322751322751324,0.0,0.0,0.0,0.0,0.0,0.0
2019-06-01,0.6326346992386903,0.20476542904124106,0.48780494512967887,0.347866394281589,0.36648459502131847,0.5419838675017209,0.3576680299582823,0.8245126366994623,0.8246341560668289,0.3556118578432116,0.5638554216867498,0.3702056698165695,0.5736434108527132,0.47071583514099774,0.4228329809725158,0.437799043062201,0.5201005025125627,0.6361386138613861,0.9189506680281806,0.972679319602026,0.9659403818077656,0.9848254931714719,0.21839080459770116,0.0,0.0,0.5,0.5179346561750261,0.5179346561750261,0.48758547543983954,0.47359285803226076,0.5633186089618998,0.562303274023707,0.0038583969838704786,0.0,0.0,0.5,0.5,0.5,0.5,0.5,0.40497562210225224,0.6296296296296297,0.0,0.0,0.0,0.0,0.0,0.0
2019-07-01,0.6404881195194119,0.2092232995729314,0.43711154244500017,0.31573446837234076,0.30954979231643837,0.4985284549794499,0.3124798444976452,0.8249149628762664,0.8212448662227362,0.44050632220187935,0.5076305220883499,0.4146748193440758,0.5555555555555555,0.4511930585683297,0.4143763213530655,0.437799043062201,0.5175879396984925,0.6361386138613861,0.9203481297398708,0.9756570536537457,0.9659403818077656,0.9848254931714719,0.21839080459770116,0.0,0.0,0.5,0.5179346561750261,0.5179346561750261,0.48758547543983954,0.47359285803226076,0.5633186089618998,0.562303274023707,0.0038583969838704786,0.0,0.0,0.5,0.5,0.5,0.5,0.5,0.4789903770229635,0.634920634920635,0.0,0.0,0.0,0.0,0.0,0.0
2019-08-01,0.6618535605313974,0.18687347192664674,0.5135195857355856,0.3640584705727777,0.39528377864079456,0.5640657506143528,0.3804965011742486,0.8211111517501188,0.8272259659476057,0.3966244930179258,0.4722891566265047,0.34741523068371977,0.5348837209302325,0.4186550976138828,0.3742071881606765,0.3564593301435407,0.4095477386934673,0.5247524752475248,0.9227524208887621,0.9786327817959652,0.9659403818077656,0.983308042488619,0.21264367816091959,0.0,0.0,0.5,0.5179346561750261,0.5179346561750261,0.48758547543983954,0.47359285803226076,0.5633186089618998,0.562303274023707,0.0038583969838704786,0.0,0.0,0.5,0.5,0.5,0.5,0.5,0.4418862562771654,0.5634920634920636,0.0,0.0,0.0,0.0,0.0,0.0
2019-09-01,0.6551984661328586,0.18747678192431413,0.49003158905986743,0.34915190513056105,0.3688896746400896,0.5439381472951577,0.35954288390271966,0.8307304048864342,0.8262291159934607,0.41991563578260227,0.43694779116465954,0.36798221234018313,0.5142118863049095,0.4099783080260303,0.38054968287526425,0.375598086124402,0.42713567839195976,0.5346534653465347,0.9248426103142035,0.9816065033514703,0.9659403818077656,0.9817905918057662,0.21264367816091959,0.0,0.0,0.5,0.5179346561750261,0.5179346561750261,0.48758547543983954,0.47359285803226076,0.5633186089618998,0.562303274023707,0.0038583969838704786,0.0,0.0,0.5,0.5,0.5,0.5,0.5,0.4602666248266547,0.5396825396825398,0.0,0.0,0.0,0.0,0.0,0.0
2019-10-01,0.5316332729750016,0.19794615422273804,0.4007890705038032,0.2925141535000551,0.2686051616211358,0.46746354687167135,0.2799294332649275,0.8180022676566329,0.8231189441365286,0.46919830074865937,0.5076305220883499,0.44635908838243943,0.44702842377260976,0.3622559652928416,0.34038054968287523,0.3660287081339713,0.4296482412060301,0.5420792079207921,0.9228664774023605,0.977180732893601,0.9659403818077656,0.9802731411229133,0.21264367816091959,0.0,0.0,0.5,0.5179346561750261,0.5179346561750261,0.48758547543983954,0.47359285803226076,0.5633186089618998,0.562303274023707,0.0038583969838704786,0.0,0.0,0.5,0.5,0.5,0.5,0.5,0.5153587985364816,0.48412698412698424,0.0,0.0,0.0,0.0,0.0,0.0
2019-11-01,0.5619475451804811,0.21520312396508579,0.5081292942639808,0.36052988375308603,0.3891446807333824,0.5594856130452843,0.37559373951664843,0.8178559672287041,0.8265481079787871,0.43105485958319556,0.4040160642570313,0.3518621456364609,0.4082687338501292,0.34490238611713664,0.33192389006342493,0.3923444976076555,0.45477386934673364,0.5643564356435643,0.9222947819078968,0.9727623237579014,0.9659403818077656,0.9802731411229133,0.20689655172413796,0.0,0.0,0.5,0.5179346561750261,0.5179346561750261,0.48758547543983954,0.47359285803226076,0.5633186089618998,0.562303274023707,0.0038583969838704786,0.0,0.0,0.5,0.5,0.5,0.5,0.5,0.4783136359715723,0.4100529100529101,0.0,0.0,0.0,0.0,0.0,0.0
2019-12-01,0.5229450379838962,0.23240825800357667,0.36854591504242595,0.2718712984199461,0.23223585261191607,0.4398984828293075,0.2510081584181534,0.8187337697962767,0.8220423461860521,0.42970465063766694,0.5807228915662688,0.4747081712062314,0.40051679586563305,0.3427331887201735,0.3276955602536998,0.40191387559808617,0.4673366834170854,0.5693069306930693,0.9198636505078992,0.9683512745899424,0.9659403818077656,0.9787556904400606,0.20689655172413796,0.0,0.0,0.5,0.5179346561750261,0.5179346561750261,0.48758547543983954,0.47359285803226076,0.5633186089618998,0.562303274023707,0.0038583969838704786,0.0,0.0,0.5,0.5,0.5,0.5,0.5,0.47813718804845706,0.4100529100529101,0.0,0.0,0.0,0.0,0.0,0.0
2020-01-01,0.4144852830780392,0.2347351051544848,0.1603993227955824,0.46999257605947364,0.3081250908901945,0.12920452801698756,0.38478429677157183,0.8010679931238799,0.8312931137605168,0.4202531880189831,0.5710843373493893,0.4419121734296825,0.3953488372093023,0.3383947939262473,0.32346723044397463,0.3732057416267943,0.4422110552763819,0.5495049504950495,0.9194132660067355,0.9636259186362055,0.9728890613738427,0.9787556904400606,0.21264367816091959,0.0,0.0,0.5,0.5788201193883299,0.5788201193883299,0.48758547543983954,0.47359285803226076,0.6184720214827506,0.562303274023707,0.0038583969838704786,0.0,0.0,0.5,0.5,0.5,0.5,0.5,0.45967215208634193,0.4100529100529101,4.2909977087551885e-05,2.623171977028508e-05,0.00014491703499746396,0.0001555330896648262,0.0,0.0
2020-02-01,0.4292900951238223,0.19923916705783426,0.21248975589380265,0.5022603414524719,0.36592572430012144,0.17415789333053983,0.43049259453929867,0.8192458212940272,0.8288607998724032,0.4043881944547002,0.5405622489959896,0.3963312951639751,0.4082687338501292,0.3275488069414316,0.2980972515856236,0.31578947368421056,0.37688442211055273,0.4876237623762376,0.9196270464623866,0.9589120970007017,0.9728890613738427,0.9787556904400606,0.21839080459770116,0.0,0.0,0.5,0.45704919296172225,0.45704919296172225,0.48758547543983954,0.47359285803226076,0.508165196441049,0.562303274023707,0.0038583969838704786,0.0,0.0,0.5,0.5,0.5,0.5,0.5,0.44129177590845026,0.4179894179894181,0.00010061649799839752,0.00012179012750489503,0.0014491703499746396,0.0015553308966482619,0.0,0.0
2020-03-01,0.4934979682298466,0.1927150677751828,0.44488314179459665,0.6526112925747334,0.6297068545770803,0.3721669895717115,0.6405532874855961,0.6910866464284408,0.7610750029905499,0.2074261953456164,0.33092369477911254,0.18954974986103776,0.09560723514211886,0.0650759219088937,0.06976744186046512,0.1411483253588517,0.21859296482412058,0.3613861386138614,0.9229119432868396,0.9542098103606456,0.9728890613738427,0.9711684370257966,0.2816091954022989,0.0,0.0,0.5,1.0,1.0,1.0000000000000002,1.0,1.0,1.0,0.0038583969838704786,0.0,0.0,0.5,0.5,0.5,0.5,0.5,0.2400467983945429,0.171957671957672,0.026260905977581756,0.03290675560468798,0.305581721131319,0.3270342432019079,0.2979256578031463,0.31604126177306024
2020-04-01,0.1634662687092659,1.0,0.6595310589752028,0.7949432722974081,0.8765472188837466,0.5536790393016668,0.83789854675722,0.0,0.0,0.0,0.0,0.0,0.02842377260981912,0.0368763557483731,0.03805496828752642,0.09330143540669858,0.1658291457286432,0.31435643564356436,0.9315620874438656,0.928492096804946,0.9728890613738427,0.9559939301972685,1.0,0.0,1.0,1.0,0.6319874075086354,0.6319874075086354,0.8343700906008418,0.8298471978208922,0.6666338850796658,0.858521439980669,0.0038583969838704786,0.0,0.0,1.0,1.0,0.5,1.0,0.5,0.0,0.01322751322751323,0.09279652458778678,0.11682015345556065,0.6300992681689733,0.6740804106073567,0.9529444521787553,1.0
2020-05-01,0.04278746740723527,0.31760743669564667,0.21738509992514896,0.5065801402510831,0.3725482428944859,0.17787038423162838,0.4360245396184714,0.9532570132767638,0.9226444435583556,0.3242194229510321,0.5028112449799159,0.39077265147304074,0.025839793281653745,0.03253796095444685,0.03382663847780126,0.08133971291866031,0.16834170854271358,0.34158415841584155,0.9343169654712665,0.9027568853796772,0.9728890613738427,0.9575113808801213,0.8333333333333334,0.0,0.0,0.0,0.5379551631339027,0.5379551631339027,0.5205773379320805,0.5074856366525401,0.5814542889896771,0.5904844232780321,0.0038583969838704786,0.0,0.0,0.5,0.0,1.0,0.5,1.0,0.3494770743042203,0.01322751322751323,0.07495559187285034,0.09435174862517683,0.3156293022244765,0.3372994271197864,0.4429903939857998,0.45926147406189266
2020-06-01,0.0,0.11612493556534036,0.0448101896094652,0.3908626298092267,0.17290351874994156,0.032447170786964685,0.2761276991749454,1.0,1.0,0.5643881852256611,0.5678714859437743,0.5447470817120624,0.033591731266149866,0.03904555314533622,0.03805496828752642,0.08133971291866031,0.18341708542713567,0.3688118811881188,0.9347245409452886,0.8770041754076244,0.9728890613738427,0.9514415781487101,0.7298850574712644,0.0,0.0,0.5,0.46070647926798847,0.4582177287476299,0.425326524478827,0.39555920883671297,0.5092237206411483,0.49741989755354676,0.0038583969838704786,0.0,0.0,0.5,0.5,0.5,0.5,0.5,0.6262266473403731,0.021164021164021166,0.033574097762244695,0.0422246372059471,0.11409801222133661,0.12188609793400212,0.04566337185020186,0.046942741814920017
2020-07-01,0.9838643853915587,0.11229341312192047,0.08884630229541451,0.4178463457498067,0.2214943265050017,0.07056701774190893,0.31448541605777197,0.866683735049925,0.8755532517245505,0.5733333579441133,0.6819277108433703,0.5075041689827724,0.02842377260981912,0.03036876355748373,0.03171247357293869,0.06698564593301437,0.1557788944723618,0.32425742574257427,0.9326179664264909,0.89366785209304,0.9728890613738427,0.9529590288315628,0.6609195402298851,0.0,0.0,0.5,0.5402706846576709,0.542406151994845,0.36353319523479677,0.36102839267864045,0.5872542831214953,0.49679437929075254,0.0038583969838704786,0.0,0.0,0.5,1.0,0.5,0.5,0.5,0.6250283659650168,0.02380952380952381,0.06344979939585711,0.07981656533103493,0.15759727555974204,0.1682090364725095,0.045941807044410414,0.04634474510390193
2020-08-01,0.979420057597884,0.12557775211590466,0.08280222666759463,0.41162617182867733,0.2124977571985967,0.06633610500844506,0.3068037600154089,0.9368713653487436,0.8871565851907971,0.5245569828782825,0.668273092369478,0.5147304057809886,0.020671834625322995,0.02603036876355748,0.02748414376321353,0.06459330143540672,0.16331658291457285,0.33663366336633666,0.93039511136576,0.9102174160949642,0.9728890613738427,0.9468892261001517,0.5632183908045978,0.0,0.0,0.5,0.5432031381935918,0.5431427138506899,0.4825860091805617,0.46510638801130444,0.5847619486825943,0.5292808450303629,0.0038583969838704786,0.0,0.0,0.0,0.5,0.5,0.0,0.5,0.5873960731482306,0.02645502645502646,0.08922093977288785,0.11110444908704246,0.1800835688235152,0.1925499650050548,0.081303076708896,0.08521453132007774
2020-09-01,0.9999999999999999,0.08326829872340182,0.16829763359542077,0.467720899309248,0.3102636111210874,0.1388707592696231,0.3848341985524515,0.8272191946161442,0.856294110610471,0.452489465047775,0.5397590361445801,0.43857698721511873,0.02325581395348837,0.02603036876355748,0.02748414376321353,0.06459330143540672,0.1708542713567839,0.35148514851485146,0.9293050541179965,0.9266528687678265,0.9728890613738427,0.9484066767830045,0.5172413793103449,0.0,0.0,0.5,0.5202649663188962,0.519934943128292,0.5127413071745747,0.4959632265915823,0.5653920321310888,0.5837910044875443,0.0038583969838704786,0.0,0.0,0.5,0.5,0.5,0.5,0.5,0.49569920275255175,0.02380952380952381,0.09281428044037474,0.11445836182910034,0.1907349708958288,0.20330767037353864,0.10566615620214395,0.10988189564957393
2020-10-01,0.6516522705971821,0.0,0.2706558752173476,0.5367538630322575,0.42904583913851113,0.2249662860313244,0.48005519894996007,0.8932372627189934,0.8466446030543483,0.3768776487352557,0.4120481927710803,0.34574763757643,0.02325581395348837,0.023861171366594356,0.02748414376321353,0.08133971291866031,0.1984924623115578,0.3886138613861386,0.9307912172508134,0.9373008662040708,0.9728890613738427,0.9453717754172988,0.4655172413793104,0.0,0.0,0.5,0.5576108074032652,0.5565973380573703,0.5432767734922386,0.5327940645722948,0.5993080647823048,0.6098739373335115,0.0038583969838704786,0.0,0.0,0.5,0.0,0.5,0.5,0.5,0.42280759607215784,0.02380952380952381,0.2974586196156302,0.3590616539099315,0.43069342801246285,0.45483059854317337,0.5422525407211471,0.5488114815368516
2020-11-01,0.6544816337540175,0.1523926496971931,0.28106750607643793,0.5437374908134875,0.44109271608935896,0.23373892449571065,0.4897041237775023,0.8144179071723785,0.8285019338889111,0.4118143436550939,0.4064257028112483,0.3362979433018353,0.02325581395348837,0.021691973969631236,0.025369978858350947,0.09330143540669858,0.21859296482412058,0.400990099009901,0.9324070490543742,0.9479075190147609,0.9728890613738427,0.9453717754172988,0.442528735632184,0.0,0.0,0.5,0.5701207263264345,0.5729866340305236,0.5947006640346686,0.5699030603479917,0.6105806942286583,0.6537994457813937,0.0038583969838704786,0.0,0.0,0.5,0.5,0.5,0.5,0.5,0.4409370211617871,0.02380952380952381,0.45346228028057206,0.5255037895466597,0.5228365094316837,0.5365113927988179,1.0,0.9132904769023771
2020-12-01,0.5758929755483251,0.21113834085431002,0.0,0.3474606653376033,0.10871356243594849,0.0,0.2217830102977685,0.8129183277861087,0.8072889668647075,0.4918143390405798,0.6819277108433703,0.5953307392996154,0.020671834625322995,0.01952277657266811,0.021141649048625793,0.09330143540669858,0.2336683417085427,0.41336633663366334,0.930130077827354,0.958472827199896,0.9728890613738427,0.9468892261001517,0.4310344827586207,0.0,0.0,0.5,0.5031191562156085,0.5020104485741048,0.5463122268784786,0.5322468202104693,0.54989596662057,0.6124667756418153,0.0038583969838704786,0.005648441030275643,1.0,0.5,0.5,0.5,0.5,0.5,0.5495487592131025,0.02380952380952381,0.29555800356152806,0.31786286431642946,0.40499480713957925,0.4040490447676076,0.6338577196157594,0.5453730004484976
2021-01-01,0.7089197456331522,0.18504770324635494,0.8141135553205872,0.9818239724078157,0.9658907180910921,0.6871251520568153,0.9734366965726908,0.8084195896272997,0.8376729534670442,0.4568776441207307,0.6706827309236949,0.5669816564758156,0.020671834625322995,0.01952277657266811,0.021141649048625793,0.10765550239234452,0.271356783919598,0.4504950495049505,0.9402600094799158,0.9690255879538301,1.0,0.9453717754172988,0.40804597701149425,0.0,0.0,0.5,0.49714057839684533,0.49714057839684533,0.44067273565234005,0.42499823462254943,0.5444821857967712,0.5222311222259186,0.0038583969838704786,0.03837094153502994,1.0,0.5,0.5,0.5,0.5,0.5,0.4948721177414006,0.02380952380952381,0.18845174144223392,0.19482673012244592,0.3343235997391493,0.3242864919511626,0.2540721147153,0.22664075347585588
2021-02-01,0.7172888537109394,0.10627183219054806,0.8442694076453017,1.0,1.0,0.7131069456746031,1.0,0.8239274349877473,0.8409027473184737,0.542953618215424,0.5365461847389537,0.536409116175653,0.010335917312661497,0.01301518438177874,0.014799154334038054,0.12918660287081343,0.3165829145728643,0.504950495049505,0.9508428385396236,0.9796258275427218,1.0,0.9468892261001517,0.3965517241379311,0.0,0.0,0.5,0.4629414194673981,0.4629414194673981,0.39939823322735046,0.3854737480015153,0.5135027003702761,0.48697506738784485,0.0038583969838704786,0.10713770658872618,1.0,0.5,1.0,0.5,0.5,0.5,0.584590629890118,0.021164021164021166,0.07425497552281737,0.07583028077308625,0.15083448059319374,0.14809342354252533,0.06042043714325491,0.05591269248019136
2021-03-01,0.6669190472317291,0.13276419650339383,0.6645008042103854,0.8684011458803464,0.7841888671436555,0.5655014392938645,0.8240718052009128,0.8316813576679711,0.8492364129351251,0.633417732928736,0.7686746987951816,0.6992773763201807,0.005167958656330749,0.010845986984815618,0.01691331923890063,0.19617224880382775,0.4045226130653266,0.5792079207920792,0.9589436414436416,0.9902735459665712,1.0,0.9499241274658573,0.38505747126436785,0.0,0.0,0.5,0.5155860409715574,0.5155860409715574,0.4249980273172417,0.41838672969767665,0.5611911037031183,0.508842023771313,0.9999999999999999,0.2250675409331705,0.0,0.5,0.5,0.5,0.5,0.5,0.6910615114445794,0.018518518518518524,0.1037829583765824,0.1077702101348123,0.22945197207931792,0.22547113565077637,0.08046777112627036,0.07773957243235162
2021-04-01,0.6762262607768693,0.2101045065384981,0.7006927147358103,0.8896920245143203,0.8248447040699922,0.596847692176947,0.8555564123054815,0.8270728941882155,0.8293791618485586,0.636286926937981,0.9670682730923832,0.663146192329068,0.005167958656330749,0.008676789587852493,0.012684989429175474,0.2057416267942584,0.41206030150753764,0.5693069306930693,0.9631298860806234,0.993529458084986,1.0,0.9514415781487101,0.37931034482758624,1.0,0.0,0.5,0.5426789886509328,0.5426789886509328,0.468685788437061,0.45362133678801425,0.5857333908256036,0.5461594476358941,0.7390579559363181,0.35832267740912016,0.0,0.5,0.5,0.5,0.5,0.5,0.6891301927519788,0.018518518518518524,0.12007987174355814,0.12533609390955677,0.30565417964881775,0.2999974077818389,0.10608380899345676,0.10195843922858425
2021-05-01,0.6795193809450261,0.1563163245030252,0.7127388235906943,0.8941679763082981,0.8369756570092596,0.6080985402013079,0.8640619690287166,0.823086207527157,0.8371944654890546,0.6654852338393293,0.8642570281124511,0.6492495831017243,0.0025839793281653744,0.008676789587852493,0.010570824524312896,0.19617224880382775,0.40703517587939697,0.5742574257425742,0.967451504171052,0.9967716098809388,1.0,0.9529590288315628,0.37356321839080464,0.0,0.0,0.5,0.4817963190593936,0.4817963190593936,0.5175084631966872,0.5049077107247192,0.5305825089215122,0.5878630369594728,0.4718550961913104,0.4430589072309659,0.0,0.5,0.5,0.5,0.5,0.5,0.7224845636119432,0.015873015873015876,0.047216511167321534,0.04763399256143375,0.1435161703258218,0.14036861342250564,0.03452596408185995,0.03169382568395874
2021-06-01,0.6688574361899738,0.19759050369905343,0.6749597779713956,0.8623926723146504,0.7894115048707878,0.5783687925061736,0.8239754278442682,0.8190995208660985,0.8456078791020376,0.7471729904067193,0.8329317269076304,0.6814897165091687,0.007751937984496123,0.010845986984815618,0.014799154334038054,0.20095693779904308,0.38190954773869346,0.5346534653465347,0.9712105768654592,1.0,1.0,0.9559939301972685,0.37356321839080464,0.0,0.0,0.5,0.4294842273103212,0.4294842273103212,0.4069459795573256,0.38532086761946593,0.4832005837531396,0.49321172929277096,0.28184654792053104,0.4920777610060474,0.0,0.5,0.5,0.5,0.5,0.0,0.8075627442522592,0.021164021164021166,0.014136617968774853,0.013915927338136236,0.047629398835833156,0.04712652616844233,0.0,0.0
2021-07-01,0.6199151800320909,0.2028475079985371,0.7386746012472722,0.9051707283710073,0.8638270873796091,0.6318943286500198,0.8834074879545486,0.8518708167221389,0.8486383029626381,0.5569620360252621,0.7526104417670721,0.619788771539747,0.012919896640826873,0.010845986984815618,0.01691331923890063,0.18181818181818185,0.3316582914572864,0.4801980198019802,0.9759716032080278,0.9977749025610668,1.0,0.9559939301972685,0.35632183908045983,0.0,0.0,0.5,0.5808700059595895,0.5808700059595895,0.42034606194274615,0.4034005087810184,0.6170636188055332,0.5039174380609619,0.10567265149632471,0.5173395121669823,0.0,0.5,0.0,0.5,0.5,0.5,0.5956190359923629,0.02645502645502646,0.06909246138287019,0.06990378579927113,0.15672777334975727,0.15014127588977888,0.033690658499234305,0.02989983555090447
2021-08-01,0.6313446952021273,0.17619099729014462,0.777799354916223,0.9307999284680173,0.909179773548259,0.6649624038484275,0.9194191391820371,0.8274020701510552,0.8444116591570637,0.5027847867229799,0.6931726907630458,0.5808782657031673,0.010335917312661497,0.01301518438177874,0.014799154334038054,0.1842105263157895,0.32160804020100503,0.4752475247524752,0.9812514076405101,0.9955521950122842,1.0,0.9575113808801213,0.3448275862068966,0.0,0.0,0.5,0.5859428365859962,0.5859428365859962,0.5827611389189588,0.5714943652661091,0.629104454003031,0.645088954491724,0.1213862597427112,0.5552249281326013,0.0,0.5,0.5,0.5,0.5,0.5,0.5427262590877289,0.02380952380952381,0.17174940277449993,0.1711310555456666,0.34376735985315077,0.32915986209399384,0.14951969928999026,0.1351472566900882
2021-09-01,0.6467289302736252,0.26703594806062475,0.8315644278962613,0.9681553022452116,0.9726494434596542,0.7097355054904521,0.9705210833667314,0.8357046194360118,0.8401850153514894,0.538902991378849,0.5799196787148593,0.5286270150083402,0.012919896640826873,0.010845986984815618,0.01691331923890063,0.2057416267942584,0.3442211055276382,0.4801980198019802,0.987256185221499,0.9933318773536521,1.0,0.9575113808801213,0.31609195402298856,0.0,0.0,0.5,0.5196046823158583,0.5196046823158583,0.5650939159423386,0.5530485037096442,0.5639111772759233,0.6280200289872231,0.10233106344879767,0.5811885281364471,0.0,0.5,0.5,0.5,0.5,0.5,0.5767632515266891,0.021164021164021166,0.13770773422743915,0.13612763605362513,0.2505374006714489,0.2399875573528268,0.08687178059306697,0.07744057407684257
2021-10-01,0.6827550687489023,0.08559514587430994,0.6440445480268563,0.8240117155291182,0.7438459175058255,0.5579172464965563,0.7818125274108513,0.8310230057422918,0.8491167909406276,0.7505485127705325,0.7694779116465911,0.6992773763201727,0.015503875968992246,0.01301518438177874,0.02325581395348837,0.2655502392344498,0.3969849246231156,0.5099009900990099,0.9916156836285085,0.9934974725645268,1.0,0.9605462822458269,0.3045977011494253,0.0,0.0,0.5,0.4941000130013847,0.4941000130013847,0.4654899925187912,0.44480183825440095,0.5417315641931301,0.5439896606207384,0.29065883201009146,0.6152137754660564,0.0,0.5,0.5,0.0,0.5,0.5,0.7990698928757045,0.021164021164021166,0.10646779125331904,0.10460085627828107,0.19554138588991135,0.19032065738652565,0.06626757622163441,0.06368664972342652
2021-11-01,0.6733520214522968,0.1590348191941852,0.6115279246198209,0.7949899695591702,0.7020096121213991,0.5328525197952754,0.7460452129217683,0.8534069712153908,0.8424578332469397,0.6759493531671665,0.8746987951807286,0.7270705947748761,0.01808785529715762,0.015184381778741865,0.03805496828752642,0.28708133971291866,0.39195979899497485,0.4801980198019802,0.9954981282640522,0.9936627819908608,1.0,0.9590288315629741,0.2931034482758621,0.0,0.0,0.5,0.5467268367069557,0.5467268367069557,0.46161579164729505,0.4493709702651606,0.5893916351989136,0.5392199678804034,0.05650944899436161,0.6799521204487986,0.0,0.5,0.5,0.5,0.5,0.5,0.7105957309412743,0.021164021164021166,0.22917774866146765,0.23417805716641216,0.42108059802429776,0.41745081266039347,0.2343032159264931,0.22290327403199284
2021-12-01,0.6856641569375297,0.16929828855784435,0.6569654190696976,0.8253319072762568,0.7549898213004465,0.5710752356027592,0.788303944434902,0.8316813576679711,0.8406635033294789,0.6199156050191241,0.9036144578313208,0.682601445247354,0.010335917312661497,0.03253796095444685,0.06342494714587738,0.29425837320574166,0.36934673366834164,0.45792079207920794,1.0,0.99382780495544,1.0,0.9605462822458269,0.2931034482758621,0.0,0.0,0.5,0.5831801580389135,0.5831801580389135,0.5737421549947769,0.5630075296112903,0.6179830204755683,0.6366318059831683,0.10393123922459042,0.7525982828739266,0.0,0.5,0.5,0.5,0.5,0.5,0.6577172561771352,0.021164021164021166,1.0,1.0,1.0,1.0,0.7146039259362383,0.6860517267155031
2022-01-01,0.6168386512815435,0.23268759485213866,0.5770317287355897,0.25419384940478795,0.41934471097641396,0.6582669271576446,0.3411291163942777,0.8497860356241542,0.8324893337054907,0.6545147861569293,0.8377510040160644,0.6753752084491378,0.012919896640826873,0.07158351409978307,0.11627906976744186,0.368421052631579,0.4422110552763819,0.5198019801980198,0.0,0.0,0.0,0.9666160849772382,0.2873563218390805,0.0,0.0,0.5,0.5561765899817993,0.5561765899817993,0.577621257543086,0.5635498547132348,0.6044929585787016,0.637942739214518,0.08674908476613721,0.8079001259482169,0.0,0.5,0.5,0.5,0.5,0.5,0.6897950388651797,0.021164021164021166,0.6794121629069881,0.7017191144920883,0.5984590488611936,0.603157321720196,0.403452596408186,0.3584990282553446
2022-02-01,0.603162256657655,0.19068771580211433,0.5272924500521001,0.21776762623763993,0.35920720396285594,0.6175224315315482,0.2922212947321661,0.8288284993233604,0.8540212927150206,0.7291139457603008,0.7381526104417703,0.7204002223457485,0.010335917312661497,0.1388286334056399,0.2114164904862579,0.4330143540669857,0.4849246231155778,0.556930693069307,0.0,0.0,0.0,0.9696509863429438,0.27586206896551724,0.0,0.0,0.5,0.41242266593067944,0.41242266593067944,0.43045418203817476,0.414905436268412,0.4656475364445397,0.515864800906517,0.050755806284558155,0.8261049312091989,0.0,0.5,0.5,0.5,0.5,0.5,0.7712748326560939,0.021164021164021166,0.06670133990102592,0.07100645487675776,0.0954761732241625,0.09469372942426835,0.017402199638034247,0.013753924353416056
2022-03-01,0.5319301202192185,0.18152575514541355,0.27060891376304513,0.024207358899898668,0.0472386537664809,0.40870595015242006,0.03633096621871457,0.8387037782085512,0.8344830336137805,0.9446413178703823,0.7397590361445778,0.9616453585325166,0.04651162790697674,0.18655097613882862,0.2832980972515856,0.5047846889952153,0.5351758793969849,0.5965346534653465,0.0,0.0,0.0,0.9742033383915022,0.2701149425287357,0.0,0.0,0.5,0.45745188018784194,0.45745188018784194,0.368671197501989,0.34764171026102203,0.5085385847307285,0.46015214066286436,0.03106030675577986,0.8372864408572169,0.0,0.5,0.5,0.5,0.5,0.5,0.9661674832743363,0.05291005291005292,0.04757606718222757,0.0513176754948895,0.05366760862739415,0.05511055810457008,0.0015313935681470136,0.0011959934220361788
2022-04-01,0.6654472761725538,0.16744084250297336,0.7995813727978178,0.42812191652707454,0.6916052665068675,0.8377291276317815,0.566819410277113,0.7990563622398595,0.8281031939072532,0.5107173027322898,0.6859437751004063,0.46081156197887974,0.08010335917312661,0.27331887201735355,0.3995771670190274,0.6650717703349283,0.6909547738693467,0.6955445544554455,0.0,0.0,0.0,0.9787556904400606,0.26436781609195403,0.0,0.0,0.5,0.5535944384887076,0.5535944384887076,0.35584851255791883,0.3650745103473707,0.5956179211376088,0.4522483459719883,0.023219111439120282,0.8574045052927093,0.0,0.5,0.5,0.5,0.5,0.5,0.5507951860257483,0.08730158730158732,0.15670131770621018,0.17056519987633617,0.11161026978721349,0.11605360707157114,0.00807462063204789,0.007773957243235163
2022-05-01,0.5844072099873423,0.17695557392203337,0.5070483608218281,0.2073022586638006,0.3360001356639852,0.5998071509873643,0.2750487445169031,0.8233056581690501,0.8324893337054907,0.823966239546574,0.7493975903614457,0.7359644246803742,0.1498708010335917,0.3232104121475054,0.4355179704016913,0.6866028708133972,0.728643216080402,0.7599009900990099,0.0,0.0,0.0,0.9802731411229133,0.26436781609195403,0.0,0.0,0.5,0.5646763239989679,0.5646763239989679,0.49042655063989105,0.4542787432060506,0.6056567333788249,0.5594899081359785,0.019305698250048034,0.874417128957514,0.0,0.5,0.5,0.5,0.5,0.5,0.8436379883216469,0.20370370370370375,0.2434504948334168,0.2614656036574512,0.16856266454121682,0.17443036005910256,0.012529583739384658,0.012856929286888922
2022-06-01,0.5080824696665753,0.20566679433608545,0.2302504805321123,0.0,0.0,0.37425709091584913,0.0,0.802860173366007,0.8327285776944855,1.0,1.0,0.9999999999999999,0.2739018087855297,0.47071583514099774,0.5602536997885834,0.7631578947368421,0.7889447236180904,0.8044554455445545,0.0,0.0,0.0,0.9802731411229133,0.25862068965517243,0.0,0.0,0.5,0.5044741186690336,0.5044741186690336,0.5594462054602491,0.5285201015478226,0.5511234947220972,0.6257036298627175,0.0,0.8820028650815778,0.0,0.5,0.5,0.5,0.5,0.5,1.0,0.32010582010582017,0.17878072039932913,0.18729260546556617,0.124628650097819,0.12852217642636804,0.012251148545176109,0.011212438331589176
2022-07-01,0.684583074972127,0.19643283964625013,1.0,0.5822315646616651,0.9360571799882094,1.0,0.7684852081620603,0.819574997256867,0.8406236293313131,0.33991564039712185,0.4570281124498048,0.2623679822123439,0.4780361757105943,0.6225596529284164,0.6384778012684988,0.7081339712918661,0.728643216080402,0.7673267326732673,0.0,0.0,0.0,0.9802731411229133,0.25287356321839083,0.0,0.0,0.5,0.5197944866972393,0.5197944866972393,0.43961480668689096,0.4289902018736703,0.565006082473613,0.5213274553267611,0.015426747478953813,0.894011210352751,0.0,0.5,0.5,0.5,0.5,0.5,0.38644503043538864,0.4444444444444445,0.20685198351369086,0.21254157259160023,0.1297973576793952,0.1330067138450372,0.01893359320618126,0.015547914486470325
2022-08-01,0.6127525630802789,0.19727948947591226,0.7394319105474793,0.3862605588716254,0.6195183428835958,0.7878887353674882,0.5090473605301198,0.8271460444021799,0.8320108457275012,0.40843882129128606,0.9269076305220927,0.5102834908282317,0.5891472868217054,0.6832971800433839,0.6934460887949259,0.7248803827751197,0.728643216080402,0.7747524752475248,0.0,0.0,0.0,0.9802731411229133,0.25862068965517243,0.0,0.0,0.5,0.514084245707521,0.514084245707521,0.5338271731089397,0.5286095943394947,0.5598306946769263,0.6018022318073957,0.015406266470023567,0.9048658314985913,0.0,0.5,0.5,0.5,0.5,0.5,0.434549409561738,0.6164021164021165,0.12659700947052788,0.12768102228759334,0.09453421249667898,0.09671565958991109,0.010441319782820549,0.008820451487516819
2022-09-01,0.5973806514439446,0.18691954810785283,0.6821334568433536,0.34402373877016057,0.5501614268598041,0.741023375691719,0.4525345439817865,0.8174170659449178,0.8319310977311696,0.542109699170127,0.8441767068273058,0.5630906058921631,0.6744186046511627,0.8047722342733188,0.8224101479915433,0.8851674641148327,0.8844221105527638,0.8811881188118812,0.0,0.0,0.0,0.9787556904400606,0.25862068965517243,0.0,0.0,0.5,0.4898728242674992,0.4898728242674992,0.46684969589424297,0.4540292673812719,0.5378986530380295,0.5445910851948201,0.019223822018999172,0.9268058186153386,0.0,0.5,0.5,0.5,0.5,0.5,0.5783792196603177,0.6772486772486773,0.04062761020280883,0.04272491357585183,0.0701639977779388,0.07232288669414418,0.009327579005986356,0.00837195395425325
2022-10-01,0.6436787061430354,0.20153289695350052,0.6551941794624152,0.32477341504327795,0.5177296373760742,0.7188315286379752,0.4263455126118142,0.8023115467612743,0.8308943737788589,0.5691139549893398,0.6867469879518042,0.586992773763206,0.8578811369509043,0.9349240780911061,0.9365750528541225,1.0,0.9999999999999999,1.0,0.0,0.0,0.0,0.0,0.0,0.0,0.0,0.5,0.41400544435543213,0.41400544435543213,0.3168786957233416,0.29519855606226264,0.0,0.0,0.01918771052852505,0.9583601734431934,0.0,0.5,0.5,0.5,0.5,0.5,0.5935066797313288,0.814814814814815,0.045636980114184926,0.04645356517177092,0.07134748689708476,0.072478419783809,0.005290268689962411,0.004783973688144715
2022-11-01,0.6991225785567363,0.21076397188201043,0.8572373597863918,0.47642507086424024,0.7630839790546327,0.8833802739338914,0.6273222094284281,0.8092973921948722,0.8295386578412218,0.39797466350911215,0.599196787148595,0.39355197331850794,0.9999999999999999,1.0,1.0,0.9712918660287081,0.9773869346733668,0.9900990099009901,0.0,0.0,0.0,0.0,0.0,0.0,0.0,0.5,0.0,0.0,0.0,0.0,0.5633186089618998,0.562303274023707,0.02296951499527549,0.9888857909259597,0.0,0.5,0.5,0.5,0.5,0.5,0.38644503043538864,1.0,0.056161761735693774,0.05670735706054843,0.06543004130135498,0.06719029473520491,0.007378532646526521,0.006428464643444461
2022-12-01,0.7079669726596503,0.20009301629080983,0.8894561987923035,0.5006446694185576,0.8022200468622457,0.90961059464543,0.6593938293058281,0.8379357009619253,0.8275050839347662,0.3495358791339988,0.7582329317269156,0.3624235686492488,0.0,0.0,0.0,0.0,0.0,0.0,0.0,0.0,0.0,0.0,0.0,0.0,0.0,0.5,0.5179346561750261,0.5179346561750261,0.48758547543983954,0.47359285803226076,0.5633186089618998,0.562303274023707,0.007673910348613942,1.0,0.0,0.5,0.5,0.5,0.5,0.5,0.38644503043538864,0.0,0.06038395551567065,0.05971557320991933,0.1061275752964761,0.10851025222282706,0.01433941250174022,0.013753924353416056
