Time,Cases1,Cases2,Cases3,Cases4,Cases5,Hosp1,Hosp2,Deaths1,Deaths2,Deaths3,Deaths4,Deaths5,Vax1,Vax3,Gather1,Gather2,Gather3,Gather4,Curfew,Mask1,Mask2,School,ARP,PPP,CARES,Cons1,Cons2,Cons3,Cons4,Cons5,Employment1,Employment2,UI,PartR,CPI,CPIU,PCEC,FixAss,Prod,GDP,TBill1mo,TBill6mo,TBill1yr,TBill5yr,TBill10yr
2012-03-01,0.5287712592191401,0.27935575495448967,0.4581147879193772,0.4704891686174178,0.16031081264567715,0.5173346001629897,0.2605831183206741,0.818221718298526,0.8269867219586109,0.4302109789922408,0.5172690763052178,0.4319066147859912,0.015503875968992246,0.03036876355748373,0.040169133192389,0.24401913875598089,0.5452261306532663,0.8118811881188118,0.87838867538952,0.8318575278351631,0.8995151613280442,0.9836956521739131,0.4580645161290322,0.0,0.0,0.5,0.597187510177715,0.5807884605088784,0.5423750830037509,0.506939706542375,0.6578141026541086,0.5927218498475827,0.0,0.0,0.5,0.5,0.0,0.5,0.5,0.4898555265684134,0.0343915343915344,0.0,0.0,0.0,0.0
2012-04-01,0.5565930268478061,0.28166892604307875,0.5036523788294685,0.4963613465556166,0.20646865449150395,0.5554638500539372,0.3105636739695411,0.8067005595991368,0.821284740220902,0.41367091940953865,0.5028112449799159,0.39911061700945016,0.01808785529715762,0.03036876355748373,0.03805496828752642,0.21291866028708137,0.5150753768844221,0.7871287128712872,0.8778343212399807,0.835820168688102,0.8995151613280442,0.9836956521739131,0.4645161290322581,0.0,0.0,0.5,0.597187510177715,0.5807884605088784,0.5423750830037509,0.506939706542375,0.6578141026541086,0.5927218498475827,0.0,0.0,0.5,0.5,0.0,0.5,0.5,0.46901243133422943,0.03703703703703705,0.0,0.0,0.0,0.0
2012-05-01,0.5946099664595017,0.28598863856432766,0.6918600213765242,0.6043693101387715,0.39506328132830715,0.7135292302406432,0.5159768519425931,0.8229399070992283,0.8222815901750469,0.26953588374852383,0.4626506024096368,0.2640355753196258,0.01808785529715762,0.03253796095444685,0.040169133192389,0.18181818181818185,0.4522613065326633,0.7252475247524752,0.8794094638206561,0.8397610297422649,0.8995151613280442,0.9836956521739131,0.47096774193548385,0.0,0.0,0.5,0.597187510177715,0.5807884605088784,0.5423750830037509,0.506939706542375,0.6578141026541086,0.5927218498475827,0.0,0.0,0.5,0.5,0.0,0.5,0.5,0.2832134236445018,0.04232804232804233,0.0,0.0,0.0,0.0
2012-06-01,0.5849375469116355,0.28743033589395994,0.6440691471403153,0.5770092419428865,0.34704086830918085,0.6734214492430411,0.46374617453997113,0.8184777440474013,0.8208461262410782,0.3176371158872454,0.4642570281124557,0.29849916620344075,0.012919896640826873,0.03253796095444685,0.040169133192389,0.16985645933014354,0.40703517587939697,0.6683168316831684,0.8804313015133505,0.8436801109976512,0.8995151613280442,0.9855072463768116,0.4774193548387097,0.0,0.0,0.5,0.597187510177715,0.5807884605088784,0.5423750830037509,0.506939706542375,0.6578141026541086,0.5927218498475827,0.0,0.0,0.5,0.5,0.0,0.5,0.5,0.3450898129961927,0.04232804232804233,0.0,0.0,0.0,0.0
2012-07-01,0.495622564900963,0.2961343145482323,0.5770760716960098,0.5384492255616742,0.2801407756410907,0.6171070853013424,0.3907514227474147,0.80809041366446,0.8237968021053471,0.3606751413889343,0.4642570281124443,0.3463035019455266,0.01808785529715762,0.03253796095444685,0.040169133192389,0.14832535885167467,0.3844221105527638,0.6410891089108911,0.8769209821168078,0.838838581556219,0.8995151613280442,0.9855072463768116,0.4774193548387097,0.0,0.0,0.5,0.597187510177715,0.5807884605088784,0.5423750830037509,0.506939706542375,0.6578141026541086,0.5927218498475827,0.0,0.0,0.5,0.5,0.0,0.5,0.5,0.40712714074421674,0.04232804232804233,0.0,0.0,0.0,0.0
2012-08-01,0.4492841265566551,0.2801949519075592,0.3438927726317434,0.4037385443672693,0.048279801540781625,0.42087460197309423,0.13720906744915842,0.8116747741487144,0.8250328960484868,0.5736708717261573,0.43212851405622554,0.5125069483046181,0.02325581395348837,0.03036876355748373,0.03805496828752642,0.16985645933014354,0.42211055276381904,0.6856435643564356,0.8707751145487852,0.8339919197804042,0.8995151613280442,0.9836956521739131,0.4774193548387097,0.0,0.0,0.5,0.597187510177715,0.5807884605088784,0.5423750830037509,0.506939706542375,0.6578141026541086,0.5927218498475827,0.0,0.0,0.5,0.5,0.0,0.5,0.5,0.6544999908956352,0.0343915343915344,0.0,0.0,0.0,0.0
2012-09-01,0.4547869806407782,0.28911410926774683,0.3685000341152672,0.4175126514520789,0.0736392472243835,0.4413872960319517,0.16443892394772747,0.839252404813284,0.8252322660393158,0.5346835499697278,0.48112449799196316,0.49527515286270263,0.020671834625322995,0.03036876355748373,0.03805496828752642,0.16028708133971295,0.43216080402010043,0.7128712871287128,0.8649088453013573,0.829140125670207,0.8995151613280442,0.9836956521739131,0.4774193548387097,0.0,0.0,0.5,0.597187510177715,0.5807884605088784,0.5423750830037509,0.506939706542375,0.6578141026541086,0.5927218498475827,0.0,0.0,0.5,0.5,0.0,0.5,0.5,0.6120910821344223,0.03703703703703705,0.0,0.0,0.0,0.0
2012-10-01,0.4794852337658133,0.2790545047662083,0.3735354028974081,0.42001732446413226,0.07946245161355553,0.44544600343833607,0.1703480226146433,0.8258659156578033,0.8243151640815025,0.45468355458425286,0.5759036144578348,0.4919399666481389,0.02842377260981912,0.03253796095444685,0.03805496828752642,0.16985645933014354,0.4396984924623115,0.7178217821782178,0.8606983042892532,0.8303480667603677,0.8995151613280442,0.9836956521739131,0.47096774193548385,0.0,0.0,0.5,0.597187510177715,0.5807884605088784,0.5423750830037509,0.506939706542375,0.6578141026541086,0.5927218498475827,0.0,0.0,0.5,0.5,0.0,0.5,0.5,0.5090766294747028,0.04232804232804233,0.0,0.0,0.0,0.0
2012-11-01,0.5352910044756677,0.2961289350805844,0.6561533355217888,0.5835658430307343,0.35991370357778685,0.6834030731543302,0.4773412054641567,0.8081269887714422,0.8244746600741657,0.28388189224908494,0.4690763052208783,0.2884936075597495,0.031007751937984492,0.03036876355748373,0.03805496828752642,0.16028708133971295,0.414572864321608,0.693069306930693,0.8596083631387199,0.8315114431117949,0.8995151613280442,0.9836956521739131,0.47096774193548385,0.0,0.0,0.5,0.597187510177715,0.5807884605088784,0.5423750830037509,0.506939706542375,0.6578141026541086,0.5927218498475827,0.0,0.0,0.5,0.5,0.0,0.5,0.5,0.30472564197226726,0.04232804232804233,0.0,0.0,0.0,0.0
2012-12-01,0.5273793681733255,0.29950186129580614,0.6160839072132174,0.5603775597670239,0.3201523881763992,0.649665437651185,0.433816356700253,0.81160162393475,0.8275848319310978,0.3448101478246569,0.440160642570286,0.31739855475264594,0.010335917312661497,0.02603036876355748,0.03382663847780126,0.1674641148325359,0.43216080402010043,0.7128712871287128,0.858053033301835,0.8326302547244887,0.8995151613280442,0.9818840579710146,0.4645161290322581,0.0,0.0,0.5,0.597187510177715,0.5807884605088784,0.5423750830037509,0.506939706542375,0.6578141026541086,0.5927218498475827,0.0,0.0,0.5,0.5,0.0,0.5,0.5,0.38644503043538864,0.04232804232804233,0.0,0.0,0.0,0.0
2013-01-01,0.6514103539793624,0.3084479159942332,0.4131409336339276,0.38646640600614396,0.24234756141008174,0.45073652206335085,0.28154517435571597,0.8103214951903734,0.8255512580246421,0.42683545662842204,0.5477911646586291,0.43413007226236966,0.012919896640826873,0.023861171366594356,0.03171247357293869,0.19377990430622014,0.4798994974874371,0.7623762376237624,0.8628498501567431,0.8402415543355284,0.8980939273731459,0.980072463768116,0.4580645161290322,0.0,0.0,0.5,0.597187510177715,0.5807884605088784,0.5423750830037509,0.506939706542375,0.6578141026541086,0.5927218498475827,0.0,0.0,0.5,0.5,0.0,0.5,0.5,0.488572451107093,0.03703703703703705,0.0,0.0,0.0,0.0
2013-02-01,0.6244241089433247,0.28217997546962753,0.27828322297601893,0.3080346927628852,0.10924313504941163,0.3370395546771687,0.13542080014722319,0.8142716067444496,0.829100043861398,0.5618565434527971,0.4787148594377576,0.5314063368538073,0.020671834625322995,0.02603036876355748,0.03382663847780126,0.20334928229665072,0.4974874371859296,0.7846534653465347,0.8661511306103359,0.847885289882299,0.8980939273731459,0.9782608695652174,0.44516129032258067,0.0,0.0,0.5,0.597187510177715,0.5807884605088784,0.5423750830037509,0.506939706542375,0.6578141026541086,0.5927218498475827,0.0,0.0,0.5,0.5,0.0,0.5,0.5,0.6306631223540836,0.03968253968253969,0.0,0.0,0.0,0.0
2013-03-01,0.7006832116194377,0.2766929184687883,0.6655925831766653,0.5331374839875889,0.4916962567835709,0.6635496931546272,0.5551501859279697,0.8100288943345159,0.8237569281071814,0.23898732944729356,0.4562248995983839,0.2523624235686447,0.020671834625322995,0.023861171366594356,0.03171247357293869,0.19617224880382775,0.4924623115577889,0.7821782178217822,0.8737726717836762,0.8555614606191472,0.8980939273731459,0.9764492753623188,0.4387096774193548,0.0,0.0,0.5,0.597187510177715,0.5807884605088784,0.5423750830037509,0.506939706542375,0.6578141026541086,0.5927218498475827,0.0,0.0,0.5,0.5,0.0,0.5,0.5,0.2644921257929878,0.03703703703703705,0.0,0.0,0.0,0.0
2013-04-01,0.5770937877145051,0.270167624211908,0.6242961544863653,0.5091510161360157,0.4509000881405913,0.6287384458072914,0.5103909090318656,0.8233788083830145,0.8254316360301448,0.2676793464484213,0.4441767068273105,0.28237909949972645,0.012919896640826873,0.01952277657266811,0.025369978858350947,0.16985645933014354,0.4422110552763819,0.7252475247524752,0.8768818089026906,0.8567733969218055,0.8980939273731459,0.9746376811594203,0.432258064516129,0.0,0.0,0.5,0.597187510177715,0.5807884605088784,0.5423750830037509,0.506939706542375,0.6578141026541086,0.5927218498475827,0.0,0.0,0.5,0.5,0.0,0.5,0.5,0.2845791550208805,0.03968253968253969,0.0,0.0,0.0,0.0
2013-05-01,0.5548056018301142,0.27785488348073073,0.5119405583464496,0.44381166419522994,0.33999887384919,0.5340136670071494,0.3886463744091095,0.820745400680297,0.8265481079787871,0.36573842493466246,0.4690763052208897,0.3629794330183454,0.005167958656330749,0.017353579175704986,0.025369978858350947,0.20095693779904308,0.4849246231155778,0.7698019801980198,0.878723530351656,0.8579794410689664,0.8980939273731459,0.9746376811594203,0.4258064516129032,0.0,0.0,0.5,0.597187510177715,0.5807884605088784,0.5423750830037509,0.506939706542375,0.6578141026541086,0.5927218498475827,0.0,0.0,0.5,0.5,0.0,0.5,0.5,0.406835582959781,0.029100529100529106,0.0,0.0,0.0,0.0
2013-06-01,0.5315241015122181,0.29165859746519485,0.39406241901141753,0.3752106876181147,0.22370561320850296,0.4346244180757978,0.2609383381821204,0.8159906367726125,0.8250727700466526,0.44270045019270493,0.5148594377510008,0.44747081712061676,0.007751937984496123,0.01952277657266811,0.02959830866807611,0.28708133971291866,0.5778894472361809,0.8415841584158416,0.8792315958883764,0.8591795923149758,0.8980939273731459,0.9746376811594203,0.4258064516129032,0.0,0.0,0.5,0.597187510177715,0.5807884605088784,0.5423750830037509,0.506939706542375,0.6578141026541086,0.5927218498475827,0.0,0.0,0.5,0.5,0.0,0.5,0.5,0.48826749926619073,0.02380952380952381,0.0,0.0,0.0,0.0
2013-07-01,0.5736310524934508,0.2873496438792417,0.4652967844928981,0.4166196266355094,0.2940376336154207,0.49467784949598226,0.3381322366994261,0.8214037526059763,0.822839826149368,0.4263290898195059,0.48514056224898766,0.396331295163983,0.005167958656330749,0.015184381778741865,0.025369978858350947,0.3349282296650718,0.6482412060301507,0.8935643564356436,0.8796589920071043,0.8621616568024238,0.8980939273731459,0.9746376811594203,0.4258064516129032,0.0,0.0,0.5,0.597187510177715,0.5807884605088784,0.5423750830037509,0.506939706542375,0.6578141026541086,0.5927218498475827,0.0,0.0,0.5,0.5,0.0,0.5,0.5,0.4880507891371031,0.02380952380952381,0.0,0.0,0.0,0.0
2013-08-01,0.5690202234551291,0.28030792072816474,0.4420604716867299,0.4030654001055831,0.27115088152759614,0.47508072864741696,0.3129711638010364,0.8139790058885922,0.8277044539255952,0.44337555466547196,0.47630522088354066,0.4130072262368018,0.010335917312661497,0.015184381778741865,0.02748414376321353,0.3636363636363637,0.6884422110552764,0.9306930693069306,0.8798093045386306,0.8651213270724513,0.8980939273731459,0.9728260869565218,0.4258064516129032,0.0,0.0,0.5,0.597187510177715,0.5807884605088784,0.5423750830037509,0.506939706542375,0.6578141026541086,0.5927218498475827,0.0,0.0,0.5,0.5,0.0,0.5,0.5,0.508087151477284,0.021164021164021166,0.0,0.0,0.0,0.0
2013-09-01,0.5867201317117472,0.28259957394616225,0.5315536070979631,0.45514013849557877,0.3594492118258309,0.5505358719085696,0.40993009602941055,0.8150762590980578,0.8253120140356474,0.36438821598913385,0.47309236947791417,0.34852695942189715,0.005167958656330749,0.008676789587852493,0.025369978858350947,0.38277511961722493,0.7060301507537688,0.9381188118811881,0.8809484103601544,0.868058603870711,0.8980939273731459,0.9728260869565218,0.4258064516129032,0.0,0.0,0.5,0.597187510177715,0.5807884605088784,0.5423750830037509,0.506939706542375,0.6578141026541086,0.5927218498475827,0.0,0.0,0.5,0.5,0.0,0.5,0.5,0.38644503043538864,0.021164021164021166,0.0,0.0,0.0,0.0
2013-10-01,0.5557613572306398,0.2880973898822972,0.42955274433152324,0.3957251507572501,0.25888347584813004,0.46452438517757644,0.2994455159251307,0.779488680004389,0.826747477969616,0.37063289390784976,0.55502008032128,0.4219010561422999,0.02842377260981912,0.017353579175704986,0.025369978858350947,0.32775119617224885,0.6582914572864321,0.9108910891089109,0.8801732574462641,0.8692427399666599,0.8980939273731459,0.9710144927536233,0.432258064516129,0.0,0.0,0.5,0.597187510177715,0.5807884605088784,0.5423750830037509,0.506939706542375,0.6578141026541086,0.5927218498475827,0.0,0.0,0.5,0.5,0.0,0.5,0.5,0.4269236247433059,0.02380952380952381,0.0,0.0,0.0,0.0
2013-11-01,0.5577647875051658,0.30010974114001676,0.43958337888849236,0.40153103143081464,0.268816511678945,0.4729763576122129,0.31032557268556604,0.8461651000329176,0.8289405478687348,0.42227850143727325,0.5253012048192782,0.4146748193440837,0.012919896640826873,0.021691973969631236,0.025369978858350947,0.32775119617224885,0.6834170854271356,0.9405940594059405,0.8794911376701241,0.8704023179581649,0.8980939273731459,0.9710144927536233,0.432258064516129,0.0,0.0,0.5,0.597187510177715,0.5807884605088784,0.5423750830037509,0.506939706542375,0.6578141026541086,0.5927218498475827,0.0,0.0,0.5,0.5,0.0,0.5,0.5,0.4672993994296326,0.021164021164021166,0.0,0.0,0.0,0.0
2013-12-01,0.551094170733332,0.3083887418501065,0.40575859108134193,0.3817871722767691,0.23551608650623873,0.4444468520820788,0.27370433416669404,0.8226473062433708,0.8201283942740939,0.45400845011149127,0.49317269076304804,0.4391328515842153,0.005167958656330749,0.021691973969631236,0.02748414376321353,0.37799043062200965,0.728643216080402,0.9628712871287128,0.8784106099283083,0.8715373378452261,0.8980939273731459,0.9710144927536233,0.432258064516129,0.0,0.0,0.5,0.597187510177715,0.5807884605088784,0.5423750830037509,0.506939706542375,0.6578141026541086,0.5927218498475827,0.0,0.0,0.5,0.5,0.0,0.5,0.5,0.5074704493765487,0.02380952380952381,0.0,0.0,0.0,0.0
2014-01-01,0.4908323334753887,0.30460697609364573,0.43006983668824217,0.3283261276906883,0.17616864810187438,0.5066100875071249,0.1988688573213621,0.8253172890530704,0.8253120140356474,0.44556964420194434,0.45622489959839535,0.43413007226236966,0.005167958656330749,0.015184381778741865,0.025369978858350947,0.39473684210526316,0.7185929648241205,0.9331683168316831,0.8771124385995235,0.8718947990070184,0.9105162317510862,0.9728260869565218,0.432258064516129,0.0,0.0,0.5,0.597187510177715,0.5807884605088784,0.5423750830037509,0.506939706542375,0.6578141026541086,0.5927218498475827,0.0,0.0,0.5,0.5,0.0,0.5,0.5,0.5071643687139576,0.018518518518518524,0.0,0.0,0.0,0.0
2014-02-01,0.5112198985298616,0.28736040281453745,0.5327555096518474,0.38822649027964795,0.2774987838215539,0.5931514056592595,0.31021088713523864,0.8111261475439815,0.8241556680888393,0.39324893219976476,0.43212851405622554,0.3596442468037737,0.012919896640826873,0.017353579175704986,0.025369978858350947,0.3636363636363637,0.6809045226130652,0.905940594059406,0.8769487582596986,0.8722351914100791,0.9105162317510862,0.9728260869565218,0.432258064516129,0.0,0.0,0.5,0.597187510177715,0.5807884605088784,0.5423750830037509,0.506939706542375,0.6578141026541086,0.5927218498475827,0.0,0.0,0.5,0.5,0.0,0.5,0.5,0.42661706933130766,0.018518518518518524,0.0,0.0,0.0,0.0
2014-03-01,0.48960172652724093,0.268349364146924,0.42149205154947966,0.3237003833458281,0.16834729480159377,0.4990901412710696,0.19027379043447715,0.8305109542445411,0.829100043861398,0.430717345801157,0.5381526104417611,0.4402445803224085,0.012919896640826873,0.017353579175704986,0.02748414376321353,0.3923444976076555,0.6834170854271356,0.8960396039603961,0.8755282832186508,0.8725585135631007,0.9105162317510862,0.9728260869565218,0.432258064516129,0.0,0.0,0.5,0.597187510177715,0.5807884605088784,0.5423750830037509,0.506939706542375,0.6578141026541086,0.5927218498475827,0.0,0.0,0.5,0.5,0.0,0.5,0.5,0.48672750752784855,0.021164021164021166,0.0,0.0,0.0,0.0
2014-04-01,0.6484625660273015,0.26714974286144644,0.42613328961231833,0.32661600139042707,0.17328155761061415,0.5028415138150141,0.1956950709535233,0.8124062762883582,0.8304158858008693,0.42379744804664726,0.5381526104417725,0.4369093941078368,0.005167958656330749,0.010845986984815618,0.02325581395348837,0.40669856459330145,0.6809045226130652,0.8712871287128713,0.8778386483213064,0.881755808889841,0.9105162317510862,0.9728260869565218,0.4258064516129032,0.0,0.0,0.5,0.597187510177715,0.5807884605088784,0.5423750830037509,0.506939706542375,0.6578141026541086,0.5927218498475827,0.0,0.0,0.5,0.5,0.0,0.5,0.5,0.4865172962337585,0.02380952380952381,0.0,0.0,0.0,0.0
2014-05-01,0.6514403121438642,0.2828631678609085,0.4429462565629953,0.33656923669199396,0.19012034569412967,0.5168991199749775,0.21419725339035706,0.8174902161588823,0.8260696200007975,0.4254852476828989,0.5277108433734952,0.42468037798776703,0.007751937984496123,0.010845986984815618,0.021141649048625793,0.38038277511961727,0.6432160804020101,0.8391089108910891,0.8803355120635357,0.8909734560885315,0.9105162317510862,0.9710144927536233,0.4193548387096774,0.0,0.0,0.5,0.597187510177715,0.5807884605088784,0.5423750830037509,0.506939706542375,0.6578141026541086,0.5927218498475827,0.0,0.0,0.5,0.5,0.0,0.5,0.5,0.4663520639259441,0.02380952380952381,0.0,0.0,0.0,0.0
2014-06-01,0.6603549504490137,0.28768317087341033,0.4893955231509303,0.36362714177928357,0.235892334543815,0.5560745630278594,0.264491822467066,0.8271460444021799,0.8312133657641853,0.40236288103641005,0.47710843373493866,0.39077265147304074,0.005167958656330749,0.01301518438177874,0.021141649048625793,0.40191387559808617,0.6532663316582914,0.8465346534653465,0.8833537452802628,0.9002114559048263,0.9105162317510862,0.9692028985507247,0.4193548387096774,0.0,0.0,0.5,0.597187510177715,0.5807884605088784,0.5423750830037509,0.506939706542375,0.6578141026541086,0.5927218498475827,0.0,0.0,0.5,0.5,0.0,0.5,0.5,0.44628767841617856,0.02645502645502646,0.0,0.0,0.0,0.0
2014-07-01,0.5760148139873578,0.2899586856884643,0.45957037403779777,0.3465224369722568,0.20696017086489477,0.5307128529108885,0.23270030528067373,0.8172707655169891,0.8276645799274294,0.3945991795996356,0.5333333333333272,0.4124513618677052,0.005167958656330749,0.01301518438177874,0.02325581395348837,0.40669856459330145,0.6381909547738693,0.8242574257425742,0.8822822691002631,0.9032421660936806,0.9105162317510862,0.9692028985507247,0.4129032258064516,0.0,0.0,0.5,0.597187510177715,0.5807884605088784,0.5423750830037509,0.506939706542375,0.6578141026541086,0.5927218498475827,0.0,0.0,0.5,0.5,0.0,0.5,0.5,0.446212758943782,0.02380952380952381,0.0,0.0,0.0,0.0
2014-08-01,0.601388593479908,0.27525660060680396,0.5874666971232702,0.4204835217415769,0.33206962702271087,0.6389977855821894,0.3701727476428147,0.8165026882703632,0.8252322660393158,0.3431223866427475,0.41285140562248973,0.3190661478599278,0.007751937984496123,0.010845986984815618,0.02325581395348837,0.3899521531100479,0.6080402010050251,0.7920792079207921,0.8826315056758687,0.9062385486233796,0.9105162317510862,0.9692028985507247,0.4129032258064516,0.0,0.0,0.5,0.597187510177715,0.5807884605088784,0.5423750830037509,0.506939706542375,0.6578141026541086,0.5927218498475827,0.0,0.0,0.5,0.5,0.0,0.5,0.5,0.38644503043538864,0.02380952380952381,0.0,0.0,0.0,0.0
2014-09-01,0.5954760423016406,0.2804047511458266,0.5577001694194392,0.4033155395623809,0.3030294501527183,0.6137604608874243,0.33826278412121324,0.8207819757872792,0.8301367678137087,0.35240507314324365,0.4843373493975896,0.34074485825458434,0.0025839793281653744,0.008676789587852493,0.02325581395348837,0.42344497607655507,0.6356783919597989,0.8069306930693069,0.882629804200854,0.909200604239577,0.9105162317510862,0.9692028985507247,0.4129032258064516,0.0,0.0,0.5,0.597187510177715,0.5807884605088784,0.5423750830037509,0.506939706542375,0.6578141026541086,0.5927218498475827,0.0,0.0,0.5,0.5,0.0,0.5,0.5,0.38644503043538864,0.02380952380952381,0.0,0.0,0.0,0.0
2014-10-01,0.5310701543432571,0.2894153594560282,0.5974347406676331,0.42621407026267044,0.3417628414888184,0.6474633978525814,0.38082390376380226,0.8354485936871365,0.8276247059292636,0.34160340157903124,0.45622489959839535,0.3118399110617037,0.005167958656330749,0.010845986984815618,0.021141649048625793,0.37081339712918665,0.5778894472361809,0.7524752475247525,0.8819226817744383,0.9088082412652845,0.9105162317510862,0.9692028985507247,0.4129032258064516,0.0,0.0,0.5,0.597187510177715,0.5807884605088784,0.5423750830037509,0.506939706542375,0.6578141026541086,0.5927218498475827,0.0,0.0,0.5,0.5,0.0,0.5,0.5,0.366530751947438,0.02380952380952381,0.0,0.0,0.0,0.0
2014-11-01,0.5390749682723842,0.29413315258322037,0.6382117668450287,0.4496287560485879,0.38136846853709205,0.6821156236462715,0.4243436656236399,0.8108701217951062,0.829299413852227,0.2740928389396726,0.4706827309236858,0.28237909949971857,0.010335917312661497,0.015184381778741865,0.02748414376321353,0.38755980861244027,0.5854271356783919,0.7524752475247525,0.8816434810149119,0.9083855525552175,0.9105162317510862,0.9692028985507247,0.4064516129032258,0.0,0.0,0.5,0.597187510177715,0.5807884605088784,0.5423750830037509,0.506939706542375,0.6578141026541086,0.5927218498475827,0.0,0.0,0.5,0.5,0.0,0.5,0.5,0.30670483289101214,0.02380952380952381,0.0,0.0,0.0,0.0
2014-12-01,0.5510004526598317,0.30159985367847997,0.6994610955314864,0.4847138886924557,0.4407136402431233,0.7342305587841274,0.4895539986577442,0.8194286968289382,0.8290202958650664,0.22616034446479094,0.4594377510040218,0.23846581434130099,0.007751937984496123,0.023861171366594356,0.04439746300211416,0.3923444976076555,0.5552763819095476,0.7004950495049505,0.8820154743401148,0.9079325388550298,0.9105162317510862,0.9692028985507247,0.4129032258064516,0.0,0.0,0.5,0.597187510177715,0.5807884605088784,0.5423750830037509,0.506939706542375,0.6578141026541086,0.5927218498475827,0.0,0.0,0.5,0.5,0.0,0.5,0.5,0.24657836823237916,0.03174603174603175,0.0,0.0,0.0,0.0
2015-01-01,0.5081760118122522,0.30909883157962686,0.9794525038001696,0.7537395846216505,0.555626654591016,0.9999999999999999,0.7207798143736541,0.8310961559562562,0.8257905020136369,0.09552743671338254,0.3646586345381502,0.062256809338526176,0.005167958656330749,0.017353579175704986,0.042283298097251586,0.32775119617224885,0.47236180904522607,0.6089108910891089,0.8784508674321907,0.8991278108116947,0.9138084572415468,0.9692028985507247,0.4129032258064516,0.0,0.0,0.5,0.597187510177715,0.5807884605088784,0.5423750830037509,0.506939706542375,0.6578141026541086,0.5927218498475827,0.0,0.0,0.5,0.5,0.0,0.5,0.5,0.06520263862566872,0.029100529100529106,0.0,0.0,0.0,0.0
2015-02-01,0.4104784801507696,0.2832666279344996,0.47902848952237903,0.4662212694449088,0.07041535010443717,0.5745045093350535,0.18727005470612412,0.8080538385574777,0.8286215558834085,0.4499578232749109,0.4650602409638538,0.420233463035018,0.005167958656330749,0.015184381778741865,0.04651162790697674,0.3516746411483254,0.4974874371859296,0.6361386138613861,0.8693257553543998,0.8903049305748093,0.9138084572415468,0.9692028985507247,0.4193548387096774,0.0,0.0,0.5,0.597187510177715,0.5807884605088784,0.5423750830037509,0.506939706542375,0.6578141026541086,0.5927218498475827,0.0,0.0,0.5,0.5,0.0,0.5,0.5,0.5071643687139576,0.029100529100529106,0.0,0.0,0.0,0.0
2015-03-01,0.4068294502132123,0.29291201342715123,0.45707770383307617,0.45339907204859997,0.050120634690039856,0.5555637531125104,0.1645397003075096,0.8147470831352182,0.8217632281988916,0.4565400918843499,0.5100401606425669,0.43579766536965153,0.005167958656330749,0.023861171366594356,0.05285412262156448,0.3636363636363637,0.5125628140703518,0.650990099009901,0.8599586426031756,0.8814638988900272,0.9138084572415468,0.9710144927536233,0.432258064516129,0.0,0.0,0.5,0.597187510177715,0.5807884605088784,0.5423750830037509,0.506939706542375,0.6578141026541086,0.5927218498475827,0.0,0.0,0.5,0.5,0.0,0.5,0.5,0.5268995464237676,0.029100529100529106,0.0,0.0,0.0,0.0
2015-04-01,0.6081325923661811,0.2674671314526714,0.5488374417985261,0.5061281905618342,0.13905041397872892,0.6335956297864717,0.2623386617039054,0.8257196152298745,0.8290601698632323,0.39105488111762915,0.5228915662650613,0.3702056698165616,0.005167958656330749,0.01952277657266811,0.04862579281183932,0.32296650717703357,0.4874371859296482,0.6410891089108911,0.8609752143081176,0.8839507404585766,0.9138084572415468,0.9710144927536233,0.4387096774193548,0.0,0.0,0.5,0.597187510177715,0.5807884605088784,0.5423750830037509,0.506939706542375,0.6578141026541086,0.5927218498475827,0.0,0.0,0.5,0.5,0.0,0.5,0.5,0.42649910361680954,0.03174603174603175,0.0,0.0,0.0,0.0
2015-05-01,0.5832507755230254,0.2773384545865341,0.41866637967352793,0.43087361675192176,0.015021292249693063,0.5223037774565822,0.12504550421763846,0.8229033319922461,0.83145260975318,0.4810126674763619,0.48514056224899904,0.4630350194552582,0.0025839793281653744,0.017353579175704986,0.050739957716701894,0.368421052631579,0.5527638190954773,0.7326732673267327,0.8605945763575428,0.886437335215753,0.9138084572415468,0.9710144927536233,0.4387096774193548,0.0,0.0,0.5,0.597187510177715,0.5807884605088784,0.5423750830037509,0.506939706542375,0.6578141026541086,0.5927218498475827,0.0,0.0,0.5,0.5,0.0,0.5,0.5,0.5463261569997493,0.03174603174603175,0.0,0.0,0.0,0.0
2015-06-01,0.5899726080009216,0.2927990446065457,0.45442217801829526,0.4512960736443139,0.05025887488754374,0.5525467195262574,0.16355168698135897,0.8116747741487144,0.8241556680888393,0.46025316648454945,0.48273092369477066,0.4374652584769255,0.0025839793281653744,0.01952277657266811,0.05919661733615222,0.40191387559808617,0.5929648241206029,0.7698019801980198,0.8605984324032464,0.888923681670249,0.9138084572415468,0.9710144927536233,0.4387096774193548,0.0,0.0,0.5,0.597187510177715,0.5807884605088784,0.5423750830037509,0.506939706542375,0.6578141026541086,0.5927218498475827,0.0,0.0,0.5,0.5,0.0,0.5,0.5,0.5259031143216174,0.0343915343915344,0.0,0.0,0.0,0.0
2015-07-01,0.5098213221222706,0.28894196630301466,0.5435204695619176,0.502664508482197,0.1358164403177316,0.628537162219172,0.2579754209041236,0.8122234007534471,0.829698153833885,0.41316455260062246,0.4554216867469859,0.3735408560311333,0.007751937984496123,0.02603036876355748,0.06342494714587738,0.3899521531100479,0.5829145728643215,0.7599009900990099,0.8575546528000925,0.8872165589857229,0.9138084572415468,0.9692028985507247,0.432258064516129,0.0,0.0,0.5,0.597187510177715,0.5807884605088784,0.5423750830037509,0.506939706542375,0.6578141026541086,0.5927218498475827,0.0,0.0,0.5,0.5,0.0,0.5,0.5,0.4460882639121812,0.0343915343915344,0.0,0.0,0.0,0.0
2015-08-01,0.5222701809957913,0.28028102338992533,0.6086351884874663,0.5403097578453491,0.19785369682083012,0.6842094742274384,0.32664930961349176,0.8245492118064445,0.8235974321145182,0.34936710301581114,0.4425702811245029,0.32684824902723275,0.010335917312661497,0.04772234273318871,0.080338266384778,0.368421052631579,0.5452261306532663,0.7079207920792079,0.8551937207922417,0.8854861487906494,0.9138084572415468,0.967391304347826,0.4258064516129032,0.0,0.0,0.5,0.597187510177715,0.5807884605088784,0.5423750830037509,0.506939706542375,0.6578141026541086,0.5927218498475827,0.0,0.0,0.5,0.5,0.0,0.5,0.5,0.38644503043538864,0.03703703703703705,0.0,0.0,0.0,0.0
2015-09-01,0.5449261132841137,0.2827663374432466,0.728864260556773,0.6100526381069049,0.31130088980984455,0.7873115750067432,0.4527031006024459,0.7987271862770199,0.8233581881255234,0.2592405405388798,0.4899598393574216,0.24124513618677604,0.0025839793281653744,0.03904555314533622,0.07822410147991543,0.3564593301435407,0.5452261306532663,0.7301980198019802,0.8540882926270947,0.8837324525763356,0.9138084572415468,0.9655797101449275,0.4193548387096774,0.0,0.0,0.5,0.597187510177715,0.5807884605088784,0.5423750830037509,0.506939706542375,0.6578141026541086,0.5927218498475827,0.0,0.0,0.5,0.5,0.0,0.5,0.5,0.28699818910469443,0.03703703703703705,0.0,0.0,0.0,0.0
2015-10-01,0.5197090487847861,0.2890656940589159,0.6214235226205304,0.547811397467181,0.2095289851108303,0.6952856682202335,0.3397911119512874,0.8270728941882155,0.8307348777861957,0.3891983053631844,0.3935742971887539,0.3179544191217346,0.0025839793281653744,0.023861171366594356,0.05496828752642706,0.33253588516746413,0.5201005025125627,0.7153465346534653,0.852971416557779,0.879925433377805,0.9138084572415468,0.9655797101449275,0.4129032258064516,0.0,0.0,0.5,0.597187510177715,0.5807884605088784,0.5423750830037509,0.506939706542375,0.6578141026541086,0.5927218498475827,0.0,0.0,0.5,0.5,0.0,0.5,0.5,0.42624863828929027,0.03174603174603175,0.0,0.0,0.0,0.0
2015-11-01,0.5082750904104282,0.2980655434338218,0.5602381177857754,0.512255014338071,0.15209453656838337,0.6427324648295922,0.2758450061828524,0.8196481474708314,0.826946847960445,0.397468373608875,0.4706827309236972,0.3613118399110635,0.01808785529715762,0.07158351409978307,0.10147991543340379,0.3995215311004785,0.5678391959798994,0.75,0.851199676221403,0.876123788105454,0.9138084572415468,0.9655797101449275,0.4129032258064516,0.0,0.0,0.5,0.597187510177715,0.5807884605088784,0.5423750830037509,0.506939706542375,0.6578141026541086,0.5927218498475827,0.0,0.0,0.5,0.5,0.0,0.5,0.5,0.4460882639121812,0.03174603174603175,0.0,0.0,0.0,0.0
2015-12-01,0.52979029819301,0.3022561487315215,0.6756825223864247,0.5793814767157633,0.260279274960943,0.74194069174877,0.396374396215184,0.8360337953988515,0.8288607998724032,0.3063291544228068,0.43694779116465954,0.27959977765425137,0.04392764857881137,0.10845986984815617,0.13742071881606766,0.40669856459330145,0.5628140703517588,0.7351485148514851,0.8506278579851532,0.8723275167592827,0.9138084572415468,0.967391304347826,0.4129032258064516,0.0,0.0,0.5,0.597187510177715,0.5807884605088784,0.5423750830037509,0.506939706542375,0.6578141026541086,0.5927218498475827,0.0,0.0,0.5,0.5,0.0,0.5,0.5,0.34669114019714875,0.0634920634920635,0.0,0.0,0.0,0.0
2016-01-01,0.486677778553458,0.3136713790803262,0.5954222545341908,0.35683695308861507,0.283838307872901,0.6786408943123359,0.2989132181142936,0.8309132804213452,0.8225607081622075,0.33113924379685733,0.5381526104417611,0.3557531962201213,0.059431524547803614,0.09327548806941431,0.11416490486257928,0.3636363636363637,0.5251256281407034,0.7079207920792079,0.8478200220994676,0.8685783617787891,0.9235142258322765,0.967391304347826,0.4129032258064516,0.0,0.0,0.5,0.597187510177715,0.5807884605088784,0.5423750830037509,0.506939706542375,0.6578141026541086,0.5927218498475827,0.0,0.0,0.5,0.5,0.0,0.5,0.5,0.36655568719683596,0.08994708994708997,0.0,0.0,0.0,0.0
2016-02-01,0.5036810725046078,0.29305725905364405,0.6877653746519253,0.41042702627848043,0.369960367896591,0.7581539829478094,0.39494232556716824,0.8221718298526023,0.8264284859842896,0.29620254887701364,0.5140562248996028,0.29071706503613587,0.06718346253229973,0.09761388286334055,0.1120507399577167,0.291866028708134,0.4472361809045226,0.6485148514851485,0.8459359965642141,0.864808082429117,0.9235142258322765,0.9692028985507247,0.4064516129032258,0.0,0.0,0.5,0.597187510177715,0.5807884605088784,0.5423750830037509,0.506939706542375,0.6578141026541086,0.5927218498475827,0.0,0.0,0.5,0.5,0.0,0.5,0.5,0.3068045550997388,0.10052910052910055,0.0,0.0,0.0,0.0
2016-03-01,0.4600005752414197,0.27182987971510336,0.4480539339748446,0.27185268028715953,0.14701997572757822,0.5514293292339589,0.14643511124928554,0.821915804103727,0.8281829419035848,0.4751055033396845,0.5036144578313254,0.4591439688715899,0.06459948320413436,0.10195227765726679,0.13953488372093023,0.33014354066985646,0.47487437185929643,0.6633663366336634,0.8415415889411819,0.8610166787102664,0.9235142258322765,0.967391304347826,0.4064516129032258,0.0,0.0,0.5,0.597187510177715,0.5807884605088784,0.5423750830037509,0.506939706542375,0.6578141026541086,0.5927218498475827,0.0,0.0,0.5,0.5,0.0,0.5,0.5,0.5455932999927877,0.09523809523809525,0.0,0.0,0.0,0.0
2016-04-01,0.5760956074227502,0.27061412002668217,0.36690154832610306,0.22568231162723418,0.07240258242946015,0.4810054616281757,0.06336994842789853,0.8064445338502615,0.8255512580246421,0.5034599296500892,0.5943775100401611,0.5163979988882705,0.049095607235142114,0.08026030368763556,0.11839323467230443,0.3014354066985646,0.45477386934673364,0.6485148514851485,0.8423332871371226,0.8632731766676346,0.9235142258322765,0.967391304347826,0.4,0.0,0.0,0.5,0.597187510177715,0.5807884605088784,0.5423750830037509,0.506939706542375,0.6578141026541086,0.5927218498475827,0.0,0.0,0.5,0.5,0.0,0.5,0.5,0.5648549216007717,0.09788359788359789,0.0,0.0,0.0,0.0
2016-05-01,0.6029048170298055,0.2876616530028188,0.5148876231478301,0.311500606257425,0.21034581185479606,0.6084680096694811,0.21717216243633564,0.8138327054606634,0.8197695282906018,0.4448945012748405,0.5116465863453744,0.41189549749861654,0.059431524547803614,0.09110629067245118,0.12473572938689216,0.3110047846889953,0.45477386934673364,0.650990099009901,0.8446489303540156,0.8655322150671416,0.9235142258322765,0.9655797101449275,0.4,0.0,0.0,0.5,0.597187510177715,0.5807884605088784,0.5423750830037509,0.506939706542375,0.6578141026541086,0.5927218498475827,0.0,0.0,0.5,0.5,0.0,0.5,0.5,0.5050156064601883,0.09788359788359789,0.0,0.0,0.0,0.0
2016-06-01,0.5964748064995078,0.28319669485507715,0.4800958777501788,0.29192740149818,0.17861080767701196,0.5781452317453586,0.1818772054230485,0.8150396839910756,0.8279835719127557,0.46177215154826573,0.48514056224899904,0.4363535297387402,0.05684754521963824,0.08676789587852494,0.11627906976744186,0.2799043062200957,0.41206030150753764,0.6064356435643564,0.8466046944868587,0.8677937946544408,0.9235142258322765,0.963768115942029,0.4,0.0,0.0,0.5,0.597187510177715,0.5807884605088784,0.5423750830037509,0.506939706542375,0.6578141026541086,0.5927218498475827,0.0,0.0,0.5,0.5,0.0,0.5,0.5,0.5047218904883682,0.10052910052910055,0.0,0.0,0.0,0.0
2016-07-01,0.599767580523706,0.2877208271469455,0.601633019436761,0.3618448805769319,0.2912504506101795,0.6831594818552696,0.3073840685517641,0.8238177096668008,0.8324494597073249,0.3291139688329094,0.5261044176706877,0.35019455252918696,0.06718346253229973,0.08676789587852494,0.10782241014799153,0.2559808612440192,0.37688442211055273,0.551980198019802,0.8490618127623283,0.8703386152716963,0.9235142258322765,0.963768115942029,0.39354838709677414,0.0,0.0,0.5,0.597187510177715,0.5807884605088784,0.5423750830037509,0.506939706542375,0.6578141026541086,0.5927218498475827,0.0,0.0,0.5,0.5,0.0,0.5,0.5,0.3667525437889898,0.1031746031746032,0.0,0.0,0.0,0.0
2016-08-01,0.583486182805065,0.27388483635659416,0.5125919306446559,0.31119085240516464,0.20938479684295114,0.6058871595674562,0.21625070632420912,0.8199407483266888,0.8239164240998446,0.4244725909737511,0.5413654618473875,0.41300722623679387,0.06718346253229973,0.09761388286334055,0.120507399577167,0.2703349282296651,0.39195979899497485,0.5594059405940593,0.8505945850712986,0.8728830459120694,0.9235142258322765,0.9619565217391305,0.39354838709677414,0.0,0.0,0.5,0.597187510177715,0.5807884605088784,0.5423750830037509,0.506939706542375,0.6578141026541086,0.5927218498475827,0.0,0.0,0.5,0.5,0.0,0.5,0.5,0.46516619609263693,0.10582010582010584,0.0,0.0,0.0,0.0
2016-09-01,0.57983417641362,0.27761818690422396,0.49273145022209136,0.30025981921958644,0.19154862858499233,0.5884346960912127,0.19645006296275735,0.8110529973300171,0.8298177758283823,0.4560337635297814,0.4803212851405537,0.42690383546415345,0.049095607235142114,0.10195227765726679,0.12473572938689216,0.2822966507177034,0.4095477386934673,0.5816831683168316,0.8519186054165467,0.8754270865755599,0.9235142258322765,0.9619565217391305,0.3870967741935484,0.0,0.0,0.5,0.597187510177715,0.5807884605088784,0.5423750830037509,0.506939706542375,0.6578141026541086,0.5927218498475827,0.0,0.0,0.5,0.5,0.0,0.5,0.5,0.5238955135889429,0.10582010582010584,0.0,0.0,0.0,0.0
2016-10-01,0.5753566852847112,0.2834871861080627,0.45334043666181006,0.2783378877266967,0.15589395079214563,0.5539623721826687,0.1568315680048876,0.8128817526791265,0.8222815901750469,0.4448945012748405,0.5084337349397594,0.4546970539188409,0.062015503875968984,0.10412147505422992,0.13953488372093023,0.3038277511961723,0.4422110552763819,0.6188118811881188,0.8525578328613783,0.8773519848782386,0.9235142258322765,0.9619565217391305,0.3806451612903226,0.0,0.0,0.5,0.597187510177715,0.5807884605088784,0.5423750830037509,0.506939706542375,0.6578141026541086,0.5927218498475827,0.0,0.0,0.5,0.5,0.0,0.5,0.5,0.4843822270366448,0.10582010582010584,0.0,0.0,0.0,0.0
2016-11-01,0.6026984206788142,0.28971660964430956,0.602892795067097,0.36345539866772963,0.293440238877095,0.683724650565389,0.3099548613439316,0.8175999414798288,0.8227600781530364,0.39763714972706815,0.4232931726907671,0.34852695942189715,0.07751937984496123,0.12581344902386116,0.15644820295983086,0.38277511961722493,0.5376884422110553,0.7079207920792079,0.8547465751803007,0.879275092120742,0.9235142258322765,0.963768115942029,0.37419354838709673,0.0,0.0,0.5,0.597187510177715,0.5807884605088784,0.5423750830037509,0.506939706542375,0.6578141026541086,0.5927218498475827,0.0,0.0,0.5,0.5,0.0,0.5,0.5,0.4451110629392015,0.10846560846560847,0.0,0.0,0.0,0.0
2016-12-01,0.5809510677117616,0.3001958126223829,0.484233282188297,0.29660133942418376,0.1850924189283764,0.5803649605191311,0.1894380904337235,0.8191360959730807,0.8267076039714503,0.45265824116596265,0.49397590361445753,0.4324624791550878,0.10852713178294572,0.1388286334056399,0.18393234672304437,0.46889952153110054,0.6256281407035176,0.7698019801980198,0.8556992486484307,0.8811964068117626,0.9235142258322765,0.963768115942029,0.36129032258064514,0.0,0.0,0.5,0.597187510177715,0.5807884605088784,0.5423750830037509,0.506939706542375,0.6578141026541086,0.5927218498475827,0.0,0.0,0.5,0.5,0.0,0.5,0.5,0.5035612152628012,0.14285714285714288,0.0,0.0,0.0,0.0
2017-01-01,0.6920498136763167,0.3080067996471069,0.24505189003665173,0.23151844752918624,0.08274230325777523,0.31924867236442733,0.07451773131517042,0.8115284737207856,0.8271860919494398,0.5151054818052563,0.6032128514056195,0.5436353529738771,0.12919896640826872,0.13449023861171366,0.17547568710359404,0.45933014354066987,0.6105527638190955,0.7475247524752475,0.8632137178380784,0.8930761413473552,0.9517769922012036,0.963768115942029,0.34838709677419355,0.0,0.0,0.5,0.597187510177715,0.5807884605088784,0.5423750830037509,0.506939706542375,0.6578141026541086,0.5927218498475827,0.0,0.0,0.5,0.5,0.0,0.5,0.5,0.5810025026950394,0.171957671957672,0.0,0.0,0.0,0.0
2017-02-01,0.724368285466083,0.2772308652335765,0.424200211872057,0.3327405237711742,0.24654530238092692,0.4751633117643273,0.2567966015987734,0.8237079843458542,0.8261892419952949,0.41502112835506727,0.549397590361448,0.41634241245135767,0.12403100775193797,0.14099783080260303,0.17336152219873147,0.4545454545454546,0.6080402010050251,0.75,0.8726148491198366,0.9050261865524614,0.9517769922012036,0.963768115942029,0.33548387096774196,0.0,0.0,0.5,0.597187510177715,0.5807884605088784,0.5423750830037509,0.506939706542375,0.6578141026541086,0.5927218498475827,0.0,0.0,0.5,0.5,0.0,0.5,0.5,0.4640465340039597,0.17460317460317465,0.0,0.0,0.0,0.0
2017-03-01,0.7562623014393317,0.2803778538075872,0.5954275309368477,0.42918664054986416,0.4029769789738567,0.6242907398199683,0.4307572737831438,0.8331077868402765,0.8231588181346944,0.33029536320590264,0.3413654618473899,0.2940522512506996,0.17054263565891473,0.193058568329718,0.21353065539112048,0.48086124401913877,0.6231155778894472,0.7623762376237624,0.8838797674922527,0.9170465439183882,0.9517769922012036,0.963768115942029,0.3290322580645161,0.0,0.0,0.5,0.597187510177715,0.5807884605088784,0.5423750830037509,0.506939706542375,0.6578141026541086,0.5927218498475827,0.0,0.0,0.5,0.5,0.0,0.5,0.5,0.36705649917596056,0.20899470899470904,0.0,0.0,0.0,0.0
2017-04-01,0.49443944759046604,0.27192671013276526,0.3695301235396996,0.30222537343298517,0.19671863008534726,0.42745061261733286,0.20149369069949902,0.8186606195823123,0.8258303760118028,0.4003375676181199,0.5871485943775102,0.45525291828793746,0.19379844961240308,0.20607375271149672,0.21987315010570824,0.43540669856459335,0.5778894472361809,0.7277227722772277,0.8806478835934655,0.9155401027410576,0.9517769922012036,0.963768115942029,0.3225806451612903,0.0,0.0,0.5,0.597187510177715,0.5807884605088784,0.5423750830037509,0.506939706542375,0.6578141026541086,0.5927218498475827,0.0,0.0,0.5,0.5,0.0,0.5,0.5,0.4445870616874527,0.23809523809523814,0.0,0.0,0.0,0.0
2017-05-01,0.5329798606324315,0.2795547952574613,0.5733999272980348,0.4168513226972783,0.3828836472945032,0.605080648073137,0.408440076632861,0.8049083793570095,0.8266278559751187,0.3176371543415931,0.46104417670681785,0.30961645358532525,0.18863049095607234,0.22559652928416485,0.23678646934460887,0.4401913875598087,0.5778894472361809,0.7326732673267327,0.8795748962356081,0.9140042179362737,0.9517769922012036,0.9655797101449275,0.3225806451612903,0.0,0.0,0.5,0.597187510177715,0.5807884605088784,0.5423750830037509,0.506939706542375,0.6578141026541086,0.5927218498475827,0.0,0.0,0.5,0.5,0.0,0.5,0.5,0.34769153044275264,0.24074074074074078,0.0,0.0,0.0,0.0
2017-06-01,0.5138501221836771,0.2885223678264799,0.47136367052148165,0.3596210600862636,0.28976847828350566,0.5161277925326736,0.30498432321481,0.8208185508942614,0.8259101240081343,0.3763713203806818,0.5076305220883613,0.3824346859366314,0.21705426356589144,0.24078091106290672,0.2536997885835095,0.42344497607655507,0.5502512562814069,0.693069306930693,0.8773838718745144,0.9124388895040367,0.9517769922012036,0.967391304347826,0.3290322580645161,0.0,0.0,0.5,0.597187510177715,0.5807884605088784,0.5423750830037509,0.506939706542375,0.6578141026541086,0.5927218498475827,0.0,0.0,0.5,0.5,0.0,0.5,0.5,0.42519853042802463,0.2751322751322752,0.0,0.0,0.0,0.0
2017-07-01,0.5994693944403008,0.29015772599143586,0.5289177227725308,0.39194528101886206,0.34230907233280267,0.56628676855405,0.36337626667484607,0.8208917011082257,0.8253120140356474,0.363037968589263,0.4337349397590331,0.34130072262368094,0.2506459948320413,0.24511930585683292,0.25792811839323465,0.44736842105263164,0.5829145728643215,0.7128712871287128,0.8785947121484969,0.912445774870256,0.9517769922012036,0.9692028985507247,0.3290322580645161,0.0,0.0,0.5,0.597187510177715,0.5807884605088784,0.5423750830037509,0.506939706542375,0.6578141026541086,0.5927218498475827,0.0,0.0,0.5,0.5,0.0,0.5,0.5,0.38644503043538864,0.30423280423280424,0.0,0.0,0.0,0.0
2017-08-01,0.5667402305470789,0.28218535493727537,0.3545439964654471,0.2944190040021851,0.18329958687633846,0.4141736599115814,0.18681506947266807,0.8092973921948722,0.8233581881255234,0.5081856609594256,0.4883534136546141,0.4658143413007254,0.2532299741602067,0.24511930585683292,0.2600422832980972,0.42583732057416274,0.5552763819095476,0.693069306930693,0.8779367321768076,0.9124468702355338,0.9517769922012036,0.9710144927536233,0.33548387096774196,0.0,0.0,0.5,0.597187510177715,0.5807884605088784,0.5423750830037509,0.506939706542375,0.6578141026541086,0.5927218498475827,0.0,0.0,0.5,0.5,0.0,0.5,0.5,0.5797420956596897,0.3068783068783069,0.0,0.0,0.0,0.0
2017-09-01,0.5453751548537782,0.2801626751016719,0.24130737239944666,0.23136528331617062,0.08015992806384084,0.3152939848169647,0.0723981484617788,0.8403496580227496,0.8216436062043941,0.5608438867436547,0.494779116465867,0.5475264035575296,0.25581395348837205,0.2537960954446854,0.2706131078224101,0.4306220095693781,0.5527638190954773,0.6881188118811881,0.8760602767499959,0.9124421755998704,0.9517769922012036,0.9728260869565218,0.3419354838709677,0.0,0.0,0.5,0.597187510177715,0.5807884605088784,0.5423750830037509,0.506939706542375,0.6578141026541086,0.5927218498475827,0.0,0.0,0.5,0.5,0.0,0.5,0.5,0.6173731189319898,0.30423280423280424,0.0,0.0,0.0,0.0
2017-10-01,0.6213883670107478,0.2870537731586082,0.42806730908093416,0.33598717516895077,0.25053632060193265,0.47815248702927726,0.2616457020333576,0.7869500018287553,0.8238765501016787,0.38177219461713296,0.609638554216861,0.41356309060589047,0.25839793281653745,0.2711496746203904,0.29598308668076106,0.4736842105263158,0.5929648241206029,0.7128712871287128,0.8773746254342845,0.9184759449016084,0.9517769922012036,0.9728260869565218,0.3419354838709677,0.0,0.0,0.5,0.597187510177715,0.5807884605088784,0.5423750830037509,0.506939706542375,0.6578141026541086,0.5927218498475827,0.0,0.0,0.5,0.5,0.0,0.5,0.5,0.42482466933750934,0.30423280423280424,0.0,0.0,0.0,0.0
2017-11-01,0.6183029148896764,0.29449357691562844,0.4127047294662849,0.3275607274963293,0.2365984183626614,0.46469233272331406,0.2462331733467737,0.8188800702242054,0.8271462179512741,0.46059071872093027,0.448192771084335,0.42468037798777497,0.28165374677002586,0.30151843817787416,0.32980972515856233,0.4904306220095694,0.5904522613065326,0.693069306930693,0.8785182096168276,0.9245045296732053,0.9517769922012036,0.9746376811594203,0.34838709677419355,0.0,0.0,0.5,0.597187510177715,0.5807884605088784,0.5423750830037509,0.506939706542375,0.6578141026541086,0.5927218498475827,0.0,0.0,0.5,0.5,0.0,0.5,0.5,0.5205313286487907,0.3068783068783069,0.0,0.0,0.0,0.0
2017-12-01,0.6213297280492367,0.30095431756073415,0.42967426913391665,0.33717283537946147,0.25212468951696915,0.47945258719075534,0.2635199273875026,0.8153322848469331,0.8237170541090155,0.43746835207444684,0.5100401606425783,0.4124513618677052,0.3100775193798449,0.32537960954446854,0.35940803382663844,0.521531100478469,0.6030150753768844,0.6856435643564356,0.8798365204473894,0.9305279299146612,0.9517769922012036,0.9746376811594203,0.34838709677419355,0.0,0.0,0.5,0.597187510177715,0.5807884605088784,0.5423750830037509,0.506939706542375,0.6578141026541086,0.5927218498475827,0.0,0.0,0.5,0.5,0.0,0.5,0.5,0.4819909125408515,0.343915343915344,0.0,0.0,0.0,0.0
2018-01-01,0.6438874193439138,0.30633378520861576,0.4042197384424908,0.40577317481183367,0.2166070227365754,0.44342104288563255,0.2713091711022347,0.8307669799934164,0.8239164240998446,0.5078481087230449,0.6530120481927666,0.5386325736520237,0.3359173126614987,0.351409978308026,0.38054968287526425,0.5693779904306221,0.6482412060301507,0.7128712871287128,0.8818256502244154,0.9359522309666257,0.9641003499113978,0.9764492753623188,0.34838709677419355,0.0,0.0,0.5,0.597187510177715,0.5807884605088784,0.5423750830037509,0.506939706542375,0.6578141026541086,0.5927218498475827,0.0,0.0,0.5,0.5,0.0,0.5,0.5,0.5579471916957951,0.3730158730158731,0.0,0.0,0.0,0.0
2018-02-01,0.6607565939191485,0.2832989047403869,0.4952181508186339,0.45629733683960727,0.29966223698704236,0.5228580490500986,0.3633144675637077,0.8399473318459456,0.8334463096614698,0.46700424966652926,0.5670682730923763,0.4724847137298529,0.3565891472868217,0.3882863340563991,0.4143763213530655,0.6220095693779906,0.7185929648241205,0.7747524752475248,0.8847886703303299,0.9413879807854231,0.9641003499113978,0.9782608695652174,0.34838709677419355,0.0,0.0,0.5,0.597187510177715,0.5807884605088784,0.5423750830037509,0.506939706542375,0.6578141026541086,0.5927218498475827,0.0,0.0,0.5,0.5,0.0,0.5,0.5,0.5194109536914079,0.3756613756613757,0.0,0.0,0.0,0.0
2018-03-01,0.6766459631823812,0.28166354657543086,0.5796346834782422,0.5032638545806919,0.3766197432964982,0.5965579544356663,0.4486442178007693,0.8123331260743938,0.8268670999641135,0.37350208791709466,0.5831325301204743,0.41078376876042333,0.4237726098191214,0.41648590021691967,0.4355179704016913,0.6291866028708134,0.7135678391959798,0.7648514851485149,0.8886622985712544,0.946835178625399,0.9641003499113978,0.9818840579710146,0.34838709677419355,0.0,0.0,0.5,0.597187510177715,0.5807884605088784,0.5423750830037509,0.506939706542375,0.6578141026541086,0.5927218498475827,0.0,0.0,0.5,0.5,0.0,0.5,0.5,0.42436736595965463,0.39947089947089953,0.0,0.0,0.0,0.0
2018-04-01,0.6436432591584497,0.27054956641490757,0.5341704545084413,0.4777610240967988,0.3353670408201459,0.556847000905757,0.40273297246798423,0.8152957097399509,0.8237569281071814,0.44489453972918275,0.5325301204819292,0.44357976653696435,0.42894056847545214,0.42950108459869846,0.4545454545454545,0.6459330143540671,0.7211055276381909,0.7599009900990099,0.8931027090443141,0.9540285013120702,0.9641003499113978,0.9855072463768116,0.3419354838709677,0.0,0.0,0.5,0.597187510177715,0.5807884605088784,0.5423750830037509,0.506939706542375,0.6578141026541086,0.5927218498475827,0.0,0.0,0.5,0.5,0.0,0.5,0.5,0.4811192658411546,0.44708994708994715,0.0,0.0,0.0,0.0
2018-05-01,0.6442189825590589,0.28034019753405204,0.5383644345659875,0.47997188777573113,0.33930487233189255,0.5604977336438569,0.4069987141359227,0.8241468856296404,0.8310937437696878,0.45637131576616224,0.546987951807231,0.44024458032240055,0.441860465116279,0.4490238611713665,0.47991543340380544,0.6746411483253589,0.7487437185929647,0.7747524752475248,0.8975955005197224,0.9612462024006447,0.9641003499113978,0.9873188405797102,0.33548387096774196,0.0,0.0,0.5,0.597187510177715,0.5807884605088784,0.5423750830037509,0.506939706542375,0.6578141026541086,0.5927218498475827,0.0,0.0,0.5,0.5,0.0,0.5,0.5,0.5186743811521983,0.44973544973544977,0.0,0.0,0.0,0.0
2018-06-01,0.6559892399944673,0.28637058076732724,0.5997704611868387,0.5142067326275215,0.39521914193245844,0.6141145394429273,0.4690538244480453,0.8157346110237372,0.8263886119861239,0.4067510601093712,0.4755020080321197,0.3952195664257898,0.4677002583979328,0.457700650759219,0.49260042283298094,0.6650717703349283,0.7311557788944724,0.754950495049505,0.902765775680651,0.9684882818911225,0.9641003499113978,0.9873188405797102,0.33548387096774196,0.0,0.0,0.5,0.597187510177715,0.5807884605088784,0.5423750830037509,0.506939706542375,0.6578141026541086,0.5927218498475827,0.0,0.0,0.5,0.5,0.0,0.5,0.5,0.4430028402296328,0.48148148148148157,0.0,0.0,0.0,0.0
2018-07-01,0.6445980590735709,0.2881404256234803,0.6177380505049146,0.5241913124539977,0.41161030952164096,0.6298000957445176,0.4872183679213187,0.8257561903368567,0.8202081422704255,0.38413506027180394,0.4987951807228915,0.38187882156754266,0.48837209302325574,0.47071583514099774,0.5052854122621564,0.6650717703349283,0.7261306532663316,0.745049504950495,0.9079825032370599,0.9720507244407423,0.9641003499113978,0.9873188405797102,0.3290322580645161,0.0,0.0,0.5,0.597187510177715,0.5807884605088784,0.5423750830037509,0.506939706542375,0.6578141026541086,0.5927218498475827,0.0,0.0,0.5,0.5,0.0,0.5,0.5,0.42411303235985887,0.5052910052910053,0.0,0.0,0.0,0.0
2018-08-01,0.6467044300674798,0.28128160437243127,0.6288855829054159,0.5303763642597239,0.4217887813235152,0.6395309486019047,0.49849016887900166,0.7882301305731318,0.82794369791459,0.4214345823919763,0.40321285140562185,0.37354085603112536,0.5012919896640826,0.48590021691973967,0.5179704016913319,0.6626794258373206,0.7261306532663316,0.7524752475247525,0.9133343291967917,0.9756191672656455,0.9641003499113978,0.9873188405797102,0.3225806451612903,0.0,0.0,0.5,0.597187510177715,0.5807884605088784,0.5423750830037509,0.506939706542375,0.6578141026541086,0.5927218498475827,0.0,0.0,0.5,0.5,0.0,0.5,0.5,0.46169203142117976,0.5052910052910053,0.0,0.0,0.0,0.0
2018-09-01,0.6237804113330528,0.2834925655757106,0.5129622839258775,0.4653071964362866,0.3166439053550396,0.5382733913781879,0.381436306866676,0.8304012289235946,0.8215239842098968,0.4322363308648733,0.5662650602409669,0.457476375764316,0.5271317829457364,0.5075921908893708,0.5412262156448202,0.6913875598086126,0.7537688442211055,0.7797029702970297,0.9174204742001411,0.9791936118571393,0.9641003499113978,0.9873188405797102,0.3225806451612903,0.0,0.0,0.5,0.597187510177715,0.5807884605088784,0.5423750830037509,0.506939706542375,0.6578141026541086,0.5927218498475827,0.0,0.0,0.5,0.5,0.0,0.5,0.5,0.4803372275646968,0.5158730158730159,0.0,0.0,0.0,0.0
2018-10-01,0.5260709072070857,0.28787145224108623,0.5508311728145899,0.48641538860387407,0.3511300816374745,0.5713383124262134,0.419706414150532,0.8254635894809992,0.8245544080704973,0.45468355458425286,0.5020080321285179,0.4296831573096206,0.5607235142118863,0.5336225596529284,0.5602536997885834,0.7177033492822967,0.7914572864321607,0.8267326732673267,0.9175432061977786,0.9775760593314141,0.9641003499113978,0.9873188405797102,0.3225806451612903,0.0,0.0,0.5,0.597187510177715,0.5807884605088784,0.5423750830037509,0.506939706542375,0.6578141026541086,0.5927218498475827,0.0,0.0,0.5,0.5,0.0,0.5,0.5,0.5175846971585569,0.5793650793650794,0.0,0.0,0.0,0.0
2018-11-01,0.5473097647181507,0.2938856970714178,0.6583222944403749,0.5466746156171662,0.4486985735809299,0.6652236781857043,0.5282624167804656,0.8237811345598186,0.8218031021970573,0.31493669799619367,0.5461847389558215,0.35130628126736435,0.5788113695090439,0.5466377440347071,0.5708245243128964,0.7057416267942584,0.7839195979899497,0.8316831683168316,0.9188339760950304,0.9759548523569297,0.9641003499113978,0.9891304347826088,0.3290322580645161,0.0,0.0,0.5,0.597187510177715,0.5807884605088784,0.5423750830037509,0.506939706542375,0.6578141026541086,0.5927218498475827,0.0,0.0,0.5,0.5,0.0,0.5,0.5,0.34901330450987317,0.5820105820105822,0.0,0.0,0.0,0.0
2018-12-01,0.550767113146835,0.2998353882899748,0.6758027196967684,0.5564721425386061,0.46456718303072514,0.6804913353077074,0.545916435468459,0.8152225595259865,0.8252721400374816,0.33164561060577347,0.5244979919678687,0.3385214007782138,0.6124031007751938,0.5509761388286334,0.562367864693446,0.6411483253588518,0.7110552763819095,0.7673267326732673,0.9202989014800539,0.9743299901880326,0.9641003499113978,0.9891304347826088,0.3290322580645161,0.0,0.0,0.5,0.597187510177715,0.5807884605088784,0.5423750830037509,0.506939706542375,0.6578141026541086,0.5927218498475827,0.0,0.0,0.5,0.5,0.0,0.5,0.5,0.3677181770869809,0.6005291005291006,0.0,0.0,0.0,0.0
2019-01-01,0.4570674650038703,0.309227938803176,0.5844035821282478,0.4232498292810633,0.3356229862988653,0.6332820907469824,0.3744593108928721,0.8011777184448264,0.8302962638063719,0.3358649751061992,0.4819277108433726,0.3185102834908312,0.6201550387596898,0.5444685466377439,0.5454545454545454,0.6076555023923446,0.6809045226130652,0.7524752475247525,0.9137754692530629,0.9647405063699646,0.9666549729695694,0.9891304347826088,0.3225806451612903,0.0,0.0,0.5,0.597187510177715,0.5807884605088784,0.5423750830037509,0.506939706542375,0.6578141026541086,0.5927218498475827,0.0,0.0,0.5,0.5,0.0,0.5,0.5,0.367710785590423,0.634920634920635,0.0,0.0,0.0,0.0
2019-02-01,0.4300209809035611,0.2894153594560282,0.44357088732608274,0.34424376369027665,0.20822219709868062,0.5101470181554143,0.23254321832640878,0.8255733148019457,0.8170979704134934,0.46177215154826573,0.44016064257027454,0.420233463035018,0.627906976744186,0.5422993492407808,0.5391120507399576,0.5956937799043064,0.6733668341708543,0.7475247524752475,0.9056645771002538,0.9551369155296413,0.9666549729695694,0.9891304347826088,0.31612903225806455,0.0,0.0,0.5,0.597187510177715,0.5807884605088784,0.5423750830037509,0.506939706542375,0.6578141026541086,0.5927218498475827,0.0,0.0,0.5,0.5,0.0,0.5,0.5,0.4987402542359537,0.634920634920635,0.0,0.0,0.0,0.0
2019-03-01,0.4117703182525609,0.2781184773954769,0.3454385055165993,0.28940693839399023,0.11979064034122941,0.4241890329054723,0.13403781939323103,0.8061153578874218,0.8270664699549424,0.5416034092699008,0.4963855421686745,0.4913841022790423,0.6330749354005167,0.5444685466377439,0.5264270613107822,0.5669856459330145,0.6457286432160803,0.7376237623762376,0.8964645292099134,0.9455192176670629,0.9666549729695694,0.9891304347826088,0.30967741935483867,0.0,0.0,0.5,0.597187510177715,0.5807884605088784,0.5423750830037509,0.506939706542375,0.6578141026541086,0.5927218498475827,0.0,0.0,0.5,0.5,0.0,0.5,0.5,0.6102461835552806,0.6375661375661377,0.0,0.0,0.0,0.0
2019-04-01,0.5602082773453201,0.27280356335936995,0.3154326591012123,0.27287234743048777,0.09312128755496646,0.39773513318770726,0.10433204850268538,0.809077941552979,0.8276645799274294,0.4997468165955419,0.6224899598393667,0.5136186770428033,0.627906976744186,0.5336225596529284,0.5116279069767441,0.5574162679425838,0.6356783919597989,0.7277227722772277,0.8956845055203044,0.9492798609340349,0.9666549729695694,0.9891304347826088,0.30967741935483867,0.0,0.0,0.5,0.597187510177715,0.5807884605088784,0.5423750830037509,0.506939706542375,0.6578141026541086,0.5927218498475827,0.0,0.0,0.5,0.5,0.0,0.5,0.5,0.5536100520329739,0.6402116402116403,0.0,0.0,0.0,0.0
2019-05-01,0.598075582431484,0.28162051083424783,0.514665164909665,0.38457446013306223,0.27324735767291963,0.5719794726497573,0.30498016303802283,0.8165026882703632,0.8206467562502493,0.3768776487352557,0.4803212851405537,0.36853807670927974,0.6201550387596898,0.5249457700650758,0.4947145877378435,0.5239234449760766,0.6030150753768844,0.698019801980198,0.8970289209708132,0.9530299435077251,0.9666549729695694,0.9909420289855073,0.3032258064516129,0.0,0.0,0.5,0.597187510177715,0.5807884605088784,0.5423750830037509,0.506939706542375,0.6578141026541086,0.5927218498475827,0.0,0.0,0.5,0.5,0.0,0.5,0.5,0.40498285989435534,0.6322751322751324,0.0,0.0,0.0,0.0
2019-06-01,0.597589999719436,0.2875917199233964,0.5122690321595986,0.3833019718342009,0.27119382997311775,0.5698318882785813,0.3026931808314258,0.8245126366994623,0.8246341560668289,0.3556118578432116,0.5638554216867498,0.3702056698165695,0.5736434108527132,0.47071583514099774,0.4228329809725158,0.437799043062201,0.5201005025125627,0.6361386138613861,0.8983404714239134,0.9567694676250946,0.9666549729695694,0.9927536231884058,0.30967741935483867,0.0,0.0,0.5,0.597187510177715,0.5807884605088784,0.5423750830037509,0.506939706542375,0.6578141026541086,0.5927218498475827,0.0,0.0,0.5,0.5,0.0,0.5,0.5,0.40497562210225224,0.6296296296296297,0.0,0.0,0.0,0.0
2019-07-01,0.5698401586661346,0.29101306134744903,0.45119511501731413,0.34928824668714165,0.21633970528172947,0.5162508358678344,0.2415910708328597,0.8249149628762664,0.8212448662227362,0.44050632220187935,0.5076305220883499,0.4146748193440758,0.5555555555555555,0.4511930585683297,0.4143763213530655,0.437799043062201,0.5175879396984925,0.6361386138613861,0.8982863981442065,0.958183604331525,0.9666549729695694,0.9945652173913043,0.31612903225806455,0.0,0.0,0.5,0.597187510177715,0.5807884605088784,0.5423750830037509,0.506939706542375,0.6578141026541086,0.5927218498475827,0.0,0.0,0.5,0.5,0.0,0.5,0.5,0.4789903770229635,0.634920634920635,0.0,0.0,0.0,0.0
2019-08-01,0.5874192350033948,0.2807275192046995,0.5432780395124388,0.4007600013364313,0.29934430400735,0.5968985845236872,0.3340514003205377,0.8211111517501188,0.8272259659476057,0.3966244930179258,0.4722891566265047,0.34741523068371977,0.5348837209302325,0.4186550976138828,0.3742071881606765,0.3564593301435407,0.4095477386934673,0.5247524752475248,0.8992082800061548,0.9595855965762256,0.9666549729695694,0.9963768115942029,0.31612903225806455,0.0,0.0,0.5,0.597187510177715,0.5807884605088784,0.5423750830037509,0.506939706542375,0.6578141026541086,0.5927218498475827,0.0,0.0,0.5,0.5,0.0,0.5,0.5,0.4418862562771654,0.5634920634920636,0.0,0.0,0.0,0.0
2019-09-01,0.582010048675489,0.286881630193876,0.5149854265703012,0.38503601607371146,0.2739854123759992,0.5720529172359284,0.30580432152260373,0.8307304048864342,0.8262291159934607,0.41991563578260227,0.43694779116465954,0.36798221234018313,0.5142118863049095,0.4099783080260303,0.38054968287526425,0.375598086124402,0.42713567839195976,0.5346534653465347,0.8998162597375221,0.9609754428678887,0.9666549729695694,0.9981884057971016,0.3225806451612903,0.0,0.0,0.5,0.597187510177715,0.5807884605088784,0.5423750830037509,0.506939706542375,0.6578141026541086,0.5927218498475827,0.0,0.0,0.5,0.5,0.0,0.5,0.5,0.4602666248266547,0.5396825396825398,0.0,0.0,0.0,0.0
2019-10-01,0.508475734311678,0.29348223699782666,0.4074878841372733,0.3252934574539428,0.17763545711703976,0.477651583345803,0.19848083475337194,0.8180022676566329,0.8231189441365286,0.46919830074865937,0.5076305220883499,0.44635908838243943,0.44702842377260976,0.3622559652928416,0.34038054968287523,0.3660287081339713,0.4296482412060301,0.5420792079207921,0.8993825300259005,0.9582290422307354,0.9666549729695694,0.9981884057971016,0.3225806451612903,0.0,0.0,0.5,0.597187510177715,0.5807884605088784,0.5423750830037509,0.506939706542375,0.6578141026541086,0.5927218498475827,0.0,0.0,0.5,0.5,0.0,0.5,0.5,0.5153587985364816,0.48412698412698424,0.0,0.0,0.0,0.0
2019-11-01,0.5332287640057212,0.3011479783960579,0.5368140457664112,0.39735683272802635,0.29385161737955723,0.5910834070840838,0.32793450292907667,0.8178559672287041,0.8265481079787871,0.43105485958319556,0.4040160642570313,0.3518621456364609,0.4082687338501292,0.34490238611713664,0.33192389006342493,0.3923444976076555,0.45477386934673364,0.5643564356435643,0.9003236200012511,0.9554863586772515,0.9666549729695694,1.0,0.3225806451612903,0.0,0.0,0.5,0.597187510177715,0.5807884605088784,0.5423750830037509,0.506939706542375,0.6578141026541086,0.5927218498475827,0.0,0.0,0.5,0.5,0.0,0.5,0.5,0.4783136359715723,0.4100529100529101,0.0,0.0,0.0,0.0
2019-12-01,0.50143682370819,0.3031168635551826,0.3686974980059648,0.3040514208148741,0.1433702675227323,0.4433553786150671,0.16031537798015855,0.8187337697962767,0.8220423461860521,0.42970465063766694,0.5807228915662688,0.4747081712062314,0.40051679586563305,0.3427331887201735,0.3276955602536998,0.40191387559808617,0.4673366834170854,0.5693069306930693,0.8994550019015448,0.9527473936987444,0.9666549729695694,1.0,0.3225806451612903,0.0,0.0,0.5,0.597187510177715,0.5807884605088784,0.5423750830037509,0.506939706542375,0.6578141026541086,0.5927218498475827,0.0,0.0,0.5,0.5,0.0,0.5,0.5,0.47813718804845706,0.4100529100529101,0.0,0.0,0.0,0.0
2020-01-01,0.45647472408943374,0.30102425064015664,0.19737675492533832,0.4956322545860114,0.1836366471405802,0.168179081963509,0.2921013346117032,0.8010679931238799,0.8312931137605168,0.4202531880189831,0.5710843373493893,0.4419121734296825,0.3953488372093023,0.3383947939262473,0.32346723044397463,0.3732057416267943,0.4422110552763819,0.5495049504950495,0.9006897015821843,0.949864728577104,0.9989295769580196,1.0,0.3290322580645161,0.0,0.0,0.5,0.597187510177715,0.5807884605088784,0.5423750830037509,0.506939706542375,0.6578141026541086,0.5927218498475827,0.0,0.0,0.5,0.5,0.0,0.5,0.5,0.45967215208634193,0.4100529100529101,0.0,0.0,0.0,0.0
2020-02-01,0.46846211719155706,0.2909754050739139,0.25995373960171053,0.5298333855032238,0.23940260050451814,0.22336105449081278,0.35402190528313365,0.8192458212940272,0.8288607998724032,0.4043881944547002,0.5405622489959896,0.3963312951639751,0.4082687338501292,0.3275488069414316,0.2980972515856236,0.31578947368421056,0.37688442211055273,0.4876237623762376,0.9025824666610222,0.9469843719993032,0.9989295769580196,0.9981884057971016,0.3290322580645161,0.0,0.0,0.5,0.597187510177715,0.5807884605088784,0.5423750830037509,0.506939706542375,0.6578141026541086,0.5927218498475827,0.0,0.0,0.5,0.5,0.0,0.5,0.5,0.44129177590845026,0.4179894179894181,0.0,0.0,0.0,0.0
2020-03-01,0.52109278300191,0.27047425386783724,0.5404243846296033,0.687427719271936,0.49148249610435124,0.46906681464547006,0.6354849716973481,0.6910866464284408,0.7610750029905499,0.2074261953456164,0.33092369477911254,0.18954974986103776,0.09560723514211886,0.0650759219088937,0.06976744186046512,0.1411483253588517,0.21859296482412058,0.3613861386138614,0.9075037721945349,0.9441063247109958,0.9989295769580196,0.9963768115942029,0.33548387096774196,0.0,0.0,0.5,1.0,0.9999999999999999,0.6370647853671388,0.6175054323171528,0.9999999999999999,0.6769940242522813,0.0,0.0,0.5,0.5,0.0,1.0,0.5,0.2400467983945429,0.171957671957672,0.12570356472795496,0.121449824181769,0.0,0.0
2020-04-01,0.13327556917056121,1.0,0.8001785898500777,0.8357016582213878,0.7260944142786161,0.6957506478033758,0.8982788586798438,0.0,0.0,0.0,0.0,0.0,0.02842377260981912,0.0368763557483731,0.03805496828752642,0.09330143540669858,0.1658291457286432,0.31435643564356436,0.9060450794599728,0.908667655717635,0.9989295769580196,0.9547101449275364,1.0,0.0,1.0,1.0,0.7377391986262718,0.7270622012228046,0.9646373356823978,1.0,0.7772116060842238,0.9599422323583018,0.0,0.0,1.0,0.5,0.0,0.5,0.5,0.0,0.01322751322751323,0.2079871348164031,0.20476061671625642,0.0,0.0
2020-05-01,0.03436503084842979,0.0,0.26609496970435664,0.5340565956445569,0.2453055766067782,0.22845027290243514,0.36089095306805197,0.9532570132767638,0.9226444435583556,0.3242194229510321,0.5028112449799159,0.39077265147304074,0.025839793281653745,0.03253796095444685,0.03382663847780126,0.08133971291866031,0.16834170854271358,0.34158415841584155,0.8987373219999281,0.8737721715801409,0.9989295769580196,0.9728260869565218,0.7870967741935483,0.0,0.0,0.0,0.5905152081907467,0.5683718872277266,0.49887163977865573,0.45614231618386125,0.652146036989658,0.5734851259072098,0.0,0.0,0.5,0.5,0.0,0.5,0.5,0.3494770743042203,0.01322751322751323,0.22058429375502547,0.2150392209899919,0.0,0.0
2020-06-01,0.0,0.1649882727605276,0.056995333983073215,0.41383935063136074,0.05601933646156776,0.04629500473577525,0.14856002727245057,1.0,1.0,0.5643881852256611,0.5678714859437743,0.5447470817120624,0.033591731266149866,0.03904555314533622,0.03805496828752642,0.08133971291866031,0.18341708542713567,0.3688118811881188,0.8891445547502773,0.8394198722985131,0.9989295769580196,0.9710144927536233,0.6709677419354839,0.0,0.0,0.5,0.5980750587702843,0.5830406908609518,0.47116156309603097,0.4237862662310231,0.6585680678842344,0.5184481051439733,0.0,0.0,0.5,1.0,0.0,0.5,0.5,0.6262266473403731,0.021164021164021166,0.31975341731439294,0.31349743034893157,0.0,0.0
2020-07-01,0.9878740076149908,0.25589589654207817,0.10983693138564504,0.44252120620099633,0.10301103469146031,0.0929667686225582,0.20066594349076716,0.866683735049925,0.8755532517245505,0.5733333579441133,0.6819277108433703,0.5075041689827724,0.02842377260981912,0.03036876355748373,0.03171247357293869,0.06698564593301437,0.1557788944723618,0.32425742574257427,0.8966168724381166,0.8645062194437827,0.9989295769580196,0.9764492753623188,0.6064516129032258,0.0,0.0,0.5,0.7101423020258522,0.7016227112409771,0.5742888256351123,0.5442042245222125,0.7526264130485925,0.6211245210759235,0.0,0.0,0.5,0.5,1.0,0.5,1.0,0.6250283659650168,0.02380952380952381,1.0,1.0,0.4,0.5
2020-08-01,0.98363616929083,0.2216017902868332,0.10207526548705848,0.4366119618208214,0.09526675671107784,0.08674990322826448,0.19146187444437682,0.9368713653487436,0.8871565851907971,0.5245569828782825,0.668273092369478,0.5147304057809886,0.020671834625322995,0.02603036876355748,0.02748414376321353,0.06459330143540672,0.16331658291457285,0.33663366336633666,0.9039896004747273,0.8898770632998307,0.9989295769580196,0.9764492753623188,0.535483870967742,0.0,0.0,0.5,0.59441023069066,0.5777517470490966,0.7359581536792634,0.7297241534466966,0.6577409443601037,0.7662292978922383,0.0,0.0,0.5,0.5,0.0,0.5,0.5,0.5873960731482306,0.02645502645502646,0.6117662824979898,0.6130646470110901,0.4,0.5
2020-09-01,1.0,0.2519204699502937,0.20541602439269582,0.49520242427498784,0.1884069061706082,0.17708409512991408,0.2956473129898914,0.8272191946161442,0.856294110610471,0.452489465047775,0.5397590361445801,0.43857698721511873,0.02325581395348837,0.02603036876355748,0.02748414376321353,0.06459330143540672,0.1708542713567839,0.35148514851485146,0.91248574259787,0.9155324038666571,0.9989295769580196,0.9782608695652174,0.49032258064516127,0.0,0.0,0.5,0.6319159582370727,0.6138572545990572,0.5867538230889681,0.5608460260402911,0.686207357000257,0.6344951590438037,0.0,0.0,0.5,0.5,0.0,0.5,0.5,0.49569920275255175,0.02380952380952381,0.16805146073438756,0.16608060589667298,0.0,0.0
2020-10-01,0.6509300820910089,0.1750263593914746,0.32951847861616484,0.566818212020816,0.30088185826051794,0.28509477441890374,0.42191052080518787,0.8932372627189934,0.8466446030543483,0.3768776487352557,0.4120481927710803,0.34574763757643,0.02325581395348837,0.023861171366594356,0.02748414376321353,0.08133971291866031,0.1984924623115578,0.3886138613861386,0.9168416606390203,0.9289876450074233,0.9989295769580196,0.9782608695652174,0.44516129032258067,0.0,0.0,0.5,0.6312459467351603,0.6053746198553872,0.509882824780468,0.4671866416115155,0.6866948786961841,0.5568804023676551,0.0,0.0,0.5,0.5,0.0,0.5,0.5,0.42280759607215784,0.02380952380952381,0.0,0.0,0.0,0.0
2020-11-01,0.6532508272697831,0.2636584683579713,0.342134143824424,0.5740728239663571,0.31230286699219306,0.2960842285288289,0.43472252250942867,0.8144179071723785,0.8285019338889111,0.4118143436550939,0.4064257028112483,0.3362979433018353,0.02325581395348837,0.021691973969631236,0.025369978858350947,0.09330143540669858,0.21859296482412058,0.400990099009901,0.9213447972185732,0.942478528394809,0.9989295769580196,0.9782608695652174,0.4193548387096774,0.0,0.0,0.5,0.6761673481572308,0.6576318306877417,0.6720274249068856,0.6425237865416065,0.7249224264102563,0.7106604754789116,0.0,0.0,0.0,0.5,0.0,0.5,0.5,0.4409370211617871,0.02380952380952381,0.003484320557491289,0.0032458750338111983,0.0,0.0
2020-12-01,0.5879865135123958,0.2880113183999311,0.0,0.3721559523458673,0.0,0.0,0.08253518222552345,0.8129183277861087,0.8072889668647075,0.4918143390405798,0.6819277108433703,0.5953307392996154,0.020671834625322995,0.01952277657266811,0.021141649048625793,0.09330143540669858,0.2336683417085427,0.41336633663366334,0.9220091158733786,0.9560050555201215,0.9989295769580196,0.980072463768116,0.4,0.0,0.0,0.5,0.6345246174131732,0.6178295060903215,0.6478862491017927,0.6168609359887894,0.6895316681876443,0.6874996103691257,0.0,0.01724571635827566,0.5,0.5,0.0,0.0,0.5,0.5495487592131025,0.02380952380952381,0.0029482712409541678,0.0018934271030565323,0.0,0.0
2021-01-01,0.6962003647597931,0.29542422481871194,0.8018786164624473,0.9804068954815859,0.7127979614258173,0.671128028042105,0.9632723834887946,0.8084195896272997,0.8376729534670442,0.4568776441207307,0.6706827309236949,0.5669816564758156,0.020671834625322995,0.01952277657266811,0.021141649048625793,0.10765550239234452,0.271356783919598,0.4504950495049505,0.9298497776522082,0.9642484032661255,1.0,0.980072463768116,0.3806451612903226,0.0,0.0,0.5,0.5932414053244109,0.5776003603363652,0.5599647888358068,0.5208460256952105,0.6544619190342695,0.6083763795441456,0.0,0.0847953387426071,1.0,0.5,0.0,1.0,0.5,0.4948721177414006,0.02380952380952381,0.0075046904315197,0.0064917500676223965,0.0,0.0
2021-02-01,0.7029197222138102,0.28598863856432766,0.8393580889380359,1.0,0.7463325021646892,0.7043264264017102,1.0,0.8239274349877473,0.8409027473184737,0.542953618215424,0.5365461847389537,0.536409116175653,0.010335917312661497,0.01301518438177874,0.014799154334038054,0.12918660287081343,0.3165829145728643,0.504950495049505,0.9381038560646662,0.9725037060778209,1.0,0.9818840579710146,0.37419354838709673,0.0,0.0,0.5,0.5031120160761866,0.48149026054715266,0.418291412848959,0.36829443259822436,0.5778977440983153,0.48228955962947684,0.0,0.17375585728409218,0.5,0.0,0.0,0.5,0.5,0.584590629890118,0.021164021164021166,0.0050924685071026534,0.004057343792263998,0.4,0.5
2021-03-01,0.6606066253534764,0.273346889591806,0.6222023914988999,0.8665079029817223,0.5466969305306463,0.5180061053175915,0.7725629199824953,0.8316813576679711,0.8492364129351251,0.633417732928736,0.7686746987951816,0.6992773763201807,0.005167958656330749,0.010845986984815618,0.01691331923890063,0.19617224880382775,0.4045226130653266,0.5792079207920792,0.9438797072007381,0.9807709639552078,1.0,0.9855072463768116,0.36129032258064514,0.0,0.0,0.5,0.5897770642707189,0.5671605703706029,0.5058417399778097,0.4032803678757127,0.6515189898001418,0.6301958779328903,1.0,0.2854435155989493,0.5,0.5,0.0,0.0,0.5,0.6910615114445794,0.018518518518518524,0.0,0.0,0.0,0.0
2021-04-01,0.6197072003339803,0.27732231618359043,0.6673250110655276,0.8896470538722456,0.5869499934420104,0.5581103808958703,0.8164508415917084,0.8270728941882155,0.8293791618485586,0.636286926937981,0.9670682730923832,0.663146192329068,0.005167958656330749,0.008676789587852493,0.012684989429175474,0.2057416267942584,0.41206030150753764,0.5693069306930693,0.9473795965669239,0.983351475286573,1.0,0.9891304347826088,0.3548387096774194,1.0,0.0,0.5,0.6084094233922199,0.5928757444821835,0.0,0.002680947549021484,0.66734702564003,0.04002947567961801,0.536352367492612,0.3830327422911999,0.5,0.5,0.0,0.5,0.5,0.6891301927519788,0.018518518518518524,0.0,0.0,0.0,0.0
2021-05-01,0.6226159817311454,0.2910238202827448,0.6830478853513413,0.8954742432107161,0.6003786379596561,0.5727597724532653,0.8301048265030435,0.823086207527157,0.8371944654890546,0.6654852338393293,0.8642570281124511,0.6492495831017243,0.0025839793281653744,0.008676789587852493,0.010570824524312896,0.19617224880382775,0.40703517587939697,0.5742574257425742,0.951005336806726,0.985912259603784,1.0,0.9909420289855073,0.34838709677419355,0.0,0.0,0.5,0.5748324083386404,0.5562850150661054,1.0,0.9831936676532367,0.6354050401466299,1.0,0.16253623598448028,0.42954586670254646,0.5,0.5,0.0,0.5,0.5,0.7224845636119432,0.015873015873015876,0.0,0.0,0.0,0.0
2021-06-01,0.6138842995811384,0.26902179760290923,0.6385231240879302,0.8644625518327251,0.5584731116696473,0.5356569529057364,0.7808032130544349,0.8190995208660985,0.8456078791020376,0.7471729904067193,0.8329317269076304,0.6814897165091687,0.007751937984496123,0.010845986984815618,0.014799154334038054,0.20095693779904308,0.38190954773869346,0.5346534653465347,0.9540710305858029,0.9884533161611873,1.0,0.9927536231884058,0.3419354838709677,0.0,0.0,0.5,0.4940126371708522,0.47921959378291945,0.4973654683577726,0.4446616343809429,0.5848708726019926,0.5767915584301999,0.13699279085640656,0.4627444556893899,0.5,0.5,0.0,0.5,0.5,0.8075627442522592,0.021164021164021166,0.0,0.0,0.0,0.0
2021-07-01,0.6486086566774416,0.2749553504185226,0.716531412110032,0.9090011529241686,0.62927494627413,0.6036197826000373,0.8600013947788898,0.8518708167221389,0.8486383029626381,0.5569620360252621,0.7526104417670721,0.619788771539747,0.012919896640826873,0.010845986984815618,0.01691331923890063,0.18181818181818185,0.3316582914572864,0.4801980198019802,0.9602574806364401,0.9878066606703384,1.0,0.9927536231884058,0.3290322580645161,0.0,0.0,0.5,0.6222379091865116,0.6026697243001706,0.4926949952863413,0.4570326215142646,0.6629977056830411,0.522228069124774,0.07566102897368125,0.4856295446967082,0.5,0.5,0.0,0.5,0.0,0.5956190359923629,0.02645502645502646,0.0032162958992227285,0.002704895861509332,0.0,0.0
2021-08-01,0.6576562920217317,0.28034019753405204,0.7646056393528052,0.9358916388785752,0.6727590994470938,0.6456716073180666,0.9084003872682436,0.8274020701510552,0.8444116591570637,0.5027847867229799,0.6931726907630458,0.5808782657031673,0.010335917312661497,0.01301518438177874,0.014799154334038054,0.1842105263157895,0.32160804020100503,0.4752475247524752,0.9669739121134805,0.9871595607698874,1.0,0.9927536231884058,0.30967741935483867,0.0,0.0,0.5,0.751334178588051,0.7416378164393959,0.6631645286993025,0.6471296616144092,0.7942304983925341,0.703252066683287,0.029159444652456835,0.4942407029325908,0.0,0.5,0.0,0.5,0.5,0.5427262590877289,0.02380952380952381,0.09139640846957921,0.0866919123613741,0.0,0.0
2021-09-01,0.6701497758972421,0.27463258235964966,0.8300928287508103,0.9743780447658086,0.7324896229911173,0.7023945342698941,0.9756903392022422,0.8357046194360118,0.8401850153514894,0.538902991378849,0.5799196787148593,0.5286270150083402,0.012919896640826873,0.010845986984815618,0.01691331923890063,0.2057416267942584,0.3442211055276382,0.4801980198019802,0.9744263336984723,0.9865120149685267,1.0,0.9927536231884058,0.2967741935483871,0.0,0.0,0.5,0.6617036844443245,0.6539100565803255,0.740152729190736,0.7382179450665562,0.7119621096792919,0.7678626553898308,0.029013698872676155,0.5059406461878659,0.5,0.5,0.0,0.5,0.5,0.5767632515266891,0.021164021164021166,0.021441972661484857,0.01744657830673519,0.0,0.0
2021-10-01,0.7140901934020389,0.28119553289006516,0.6054273273579629,0.8301967782704504,0.52432726949734,0.5114647167329729,0.7359367129326508,0.8310230057422918,0.8491167909406276,0.7505485127705325,0.7694779116465911,0.6992773763201727,0.015503875968992246,0.01301518438177874,0.02325581395348837,0.2655502392344498,0.3969849246231156,0.5099009900990099,0.9830220577929409,0.9910042108734419,1.0,0.9945652173913043,0.27741935483870966,0.0,0.0,0.5,0.5608693526632966,0.5463579960785825,0.5771198403272745,0.5441117036288806,0.6269621265286823,0.6236440745006938,0.024753982488645243,0.5193078313570179,0.5,0.5,0.0,0.5,0.5,0.7990698928757045,0.021164021164021166,0.00375234521575985,0.0024344062753583985,0.0,0.0
2021-11-01,0.7052804231490999,0.2889796225765498,0.56755586398591,0.8023038782806476,0.48827871072000795,0.48036374766683376,0.6928915330859271,0.8534069712153908,0.8424578332469397,0.6759493531671665,0.8746987951807286,0.7270705947748761,0.01808785529715762,0.015184381778741865,0.03805496828752642,0.28708133971291866,0.39195979899497485,0.4801980198019802,0.9911831747174037,0.9955002058839332,1.0,0.9945652173913043,0.27741935483870966,0.0,0.0,0.5,0.5683139416663753,0.5495840109516511,0.46918121178338995,0.4237730445787078,0.6332862436619761,0.5275805881593184,0.02054798640074489,0.5519331231243528,0.5,0.5,0.0,0.5,0.5,0.7105957309412743,0.021164021164021166,0.0,0.0,0.0,0.0
2021-12-01,0.7149266384872363,0.2919652271211241,0.6232310232344203,0.833947779168416,0.5387721710254196,0.5289127675095092,0.7493106236900609,0.8316813576679711,0.8406635033294789,0.6199156050191241,0.9036144578313208,0.682601445247354,0.010335917312661497,0.03253796095444685,0.06342494714587738,0.29425837320574166,0.36934673366834164,0.45792079207920794,1.0,1.0,1.0,0.9945652173913043,0.27741935483870966,0.0,0.0,0.5,0.6291911810837925,0.6142402341056205,0.5501662676106525,0.5222582354717014,0.6850009578883896,0.599655867503402,0.5327085545584077,0.8148425480136421,0.5,0.5,0.0,0.5,0.5,0.6577172561771352,0.021164021164021166,0.008576789064593943,0.005680281309169597,0.8,1.0
2022-01-01,0.5647069558724278,0.2984474856368214,0.48939166697675096,0.24470008819994096,0.5325256463009297,0.4850349824407201,0.4369228894220958,0.8497860356241542,0.8324893337054907,0.6545147861569293,0.8377510040160644,0.6753752084491378,0.012919896640826873,0.07158351409978307,0.11627906976744186,0.368421052631579,0.4422110552763819,0.5198019801980198,0.0,0.0,0.0,0.9963768115942029,0.264516129032258,0.0,0.0,0.5,0.697477514056315,0.6891449607381616,0.5298782082132192,0.4937228236178815,0.7430096361569604,0.5815998504582535,0.03730604162325257,0.8452039007610813,0.5,0.5,0.0,0.5,0.5,0.6897950388651797,0.021164021164021166,0.03524524256231573,0.02988909926967812,1.0,0.75
2022-02-01,0.5532879947909586,0.28681169711445353,0.4313836132986482,0.20966339625968924,0.4763873869470055,0.4360451376171782,0.37427209163195396,0.8288284993233604,0.8540212927150206,0.7291139457603008,0.7381526104417703,0.7204002223457485,0.010335917312661497,0.1388286334056399,0.2114164904862579,0.4330143540669857,0.4849246231155778,0.556930693069307,0.0,0.0,0.0,0.9963768115942029,0.25161290322580643,0.0,0.0,0.5,0.5175746263072573,0.49377843290961687,0.5778720721738895,0.5383025678038615,0.5901836125480899,0.624313547651295,0.025972303269782466,0.859945829262728,0.5,0.5,0.0,0.5,0.5,0.7712748326560939,0.021164021164021166,0.005360493165371214,0.003922098999188531,0.0,0.0
2022-03-01,0.4929745998285426,0.2801303982957846,0.12674007441806923,0.01858639324529482,0.18970607013482696,0.17763210516197298,0.04799104986293923,0.8387037782085512,0.8344830336137805,0.9446413178703823,0.7397590361445778,0.9616453585325166,0.04651162790697674,0.18655097613882862,0.2832980972515856,0.5047846889952153,0.5351758793969849,0.5965346534653465,0.0,0.0,0.0,0.9963768115942029,0.23870967741935484,0.0,0.0,0.5,0.46012509322147677,0.4361698971776492,0.5321566116575943,0.4918394078299244,0.5413807066607047,0.5836275895643686,0.01478930760976847,0.8684165881795473,0.5,0.5,0.0,0.5,0.5,0.9661674832743363,0.05291005291005292,0.008308764406325383,0.008114687584527996,0.0,0.0
2022-04-01,0.869249830201108,0.2764616013599294,0.7593120386182497,0.4216059604367283,0.7777732228367014,0.715210478400192,0.7230620699466244,0.7990563622398595,0.8281031939072532,0.5107173027322898,0.6859437751004063,0.46081156197887974,0.08010335917312661,0.27331887201735355,0.3995771670190274,0.6650717703349283,0.6909547738693467,0.6955445544554455,0.0,0.0,0.0,0.9981884057971016,0.23225806451612904,0.0,0.0,0.5,0.533799284707904,0.5033827303362312,0.3792222257196951,0.3282666660915009,0.6039663264267118,0.2296782576021304,0.01475172356008909,0.8891839874576608,0.5,0.5,0.0,0.5,0.5,0.5507951860257483,0.08730158730158732,0.0,0.0,0.0,0.0
2022-05-01,0.7974348028075482,0.2851010264024272,0.41190656867964426,0.2034265562218421,0.4511753093019053,0.42047975611781996,0.3510911400823308,0.8233056581690501,0.8324893337054907,0.823966239546574,0.7493975903614457,0.7359644246803742,0.1498708010335917,0.3232104121475054,0.4355179704016913,0.6866028708133972,0.728643216080402,0.7599009900990099,0.0,0.0,0.0,0.9981884057971016,0.22580645161290322,0.0,0.0,0.5,0.7122513110597845,0.7041131343401895,0.4717135168328637,0.3963739807675973,0.755559855210666,0.7476747059313418,0.011039242813951503,0.9032765691086398,0.5,0.5,0.0,0.5,0.5,0.8436379883216469,0.20370370370370375,0.012731171267756634,0.011360562618339193,0.0,0.0
2022-06-01,0.7269232340624949,0.2917231510769694,0.0847417957202718,0.0,0.14125602887638333,0.14324710470189045,0.0,0.802860173366007,0.8327285776944855,1.0,1.0,0.9999999999999999,0.2739018087855297,0.47071583514099774,0.5602536997885834,0.7631578947368421,0.7889447236180904,0.8044554455445545,0.0,0.0,0.0,1.0,0.23225806451612904,0.0,0.0,0.5,0.6065816989160423,0.5869425352394181,0.5615315839079361,0.5223529066778092,0.6657943887288512,0.6206332919304861,0.007347849204989805,0.9133385203081764,0.5,0.5,0.0,0.5,0.5,1.0,0.32010582010582017,0.008978826051996784,0.007844197998377062,0.4,0.5
2022-07-01,0.6224211770477855,0.27854883480730747,1.0,0.5762781943886938,1.0,0.9199663688776135,0.9794055903117869,0.819574997256867,0.8406236293313131,0.33991564039712185,0.4570281124498048,0.2623679822123439,0.4780361757105943,0.6225596529284164,0.6384778012684988,0.7081339712918661,0.728643216080402,0.7673267326732673,0.0,0.0,0.0,1.0,0.23870967741935484,0.0,0.0,0.5,0.6217049438852469,0.6026600420413902,0.5232185820995657,0.5048269256644602,0.6786414609555642,0.5648104077646793,0.007338559886199022,0.9232659221602776,0.5,0.5,0.0,0.5,0.5,0.38644503043538864,0.4444444444444445,0.006700616456714018,0.0037868542061130646,0.0,0.0
2022-08-01,0.5588900854401834,0.2952359434510361,0.6912375411929493,0.3832636433968289,0.7086990731540621,0.6581627376259098,0.6484624153393594,0.8271460444021799,0.8320108457275012,0.40843882129128606,0.9269076305220927,0.5102834908282317,0.5891472868217054,0.6832971800433839,0.6934460887949259,0.7248803827751197,0.728643216080402,0.7747524752475248,0.0,0.0,0.0,1.0,0.25161290322580643,0.0,0.0,0.5,0.6128606677797368,0.5952772514676754,0.5891768120843935,0.5636210374463437,0.6711283211398799,0.6343745679054479,0.01464934555882241,0.9338953206076951,0.5,0.5,0.0,0.5,0.5,0.434549409561738,0.6164021164021165,0.006164567140176896,0.0017581823099810656,0.0,0.0
2022-09-01,0.5454528064847946,0.28251888193144403,0.6241533208932801,0.3423967700126178,0.6441780476696897,0.6014520811628272,0.5761441617557879,0.8174170659449178,0.8319310977311696,0.542109699170127,0.8441767068273058,0.5630906058921631,0.6744186046511627,0.8047722342733188,0.8224101479915433,0.8851674641148327,0.8844221105527638,0.8811881188118812,0.0,0.0,0.0,0.9981884057971016,0.25806451612903225,0.0,0.0,0.5,0.5630285480915369,0.5417978266142853,0.5423750830037509,0.4912886698509244,0.6287963452875979,0.5927218498475827,0.007310832322609802,0.9472157060038259,0.5,0.5,0.0,0.5,0.5,0.5783792196603177,0.6772486772486773,0.0016081479496113642,0.0014876927238301326,0.0,0.0
2022-10-01,0.5161819714566817,0.2880489746734663,0.5931890718133108,0.32430098797798984,0.6135136525190088,0.5753986515696147,0.5424662657198087,0.8023115467612743,0.8308943737788589,0.5691139549893398,0.6867469879518042,0.586992773763206,0.8578811369509043,0.9349240780911061,0.9365750528541225,1.0,0.9999999999999999,1.0,0.0,0.0,0.0,0.0,0.0,0.0,0.0,0.5,0.4200130767874616,0.39717855405323227,0.3620726346044626,0.2841552596380533,0.0,0.0,0.010949013174199208,0.9714930882585219,0.5,0.5,0.0,0.5,0.5,0.5935066797313288,0.814814814814815,0.0,0.0,0.0,0.0
2022-11-01,0.5653002388599121,0.29246551761237705,0.8323144937877627,0.47340544938802814,0.83955131544509,0.778095658427078,0.7989166937738412,0.8092973921948722,0.8295386578412218,0.39797466350911215,0.599196787148595,0.39355197331850794,0.9999999999999999,1.0,1.0,0.9712918660287081,0.9773869346733668,0.9900990099009901,0.0,0.0,0.0,0.0,0.0,0.0,0.0,0.5,0.0,0.0,0.05668480079165161,0.0,0.6578141026541086,0.5927218498475827,0.007287885573562242,0.9904469963320677,0.5,0.5,0.0,0.5,0.5,0.38644503043538864,1.0,0.012731171267756634,0.01271301054909386,0.0,0.0
2022-12-01,0.5731621348071625,0.2876939298087061,0.8704812023558925,0.49724948021592147,0.8755766789150561,0.8104553220396014,0.8398309697551933,0.8379357009619253,0.8275050839347662,0.3495358791339988,0.7582329317269156,0.3624235686492488,0.0,0.0,0.0,0.0,0.0,0.0,0.0,0.0,0.0,0.0,0.0,0.0,0.0,0.5,0.597187510177715,0.5807884605088784,0.5423750830037509,0.506939706542375,0.6578141026541086,0.5927218498475827,0.007278747156655209,1.0,0.5,0.5,0.0,0.5,0.5,0.38644503043538864,0.0,0.0017421602787456446,0.000676223965377333,0.0,0.0
