	Monetary_5	Monetary_9	Monetary_10	Supply_1	Supply_7	Supply_2	Supply_3	Supply_4	Demand_7	Demand_3	Demand_4	Demand_5	Monetary_2	Monetary_3	Monetary_1	Pandemic_Response_1	Pandemic_Response_2	Pandemic_Response_10	Pandemic_Response_13	Pandemic_Response_14	Pandemic_1	Pandemic_2	Pandemic_6	Pandemic_9	Pandemic_7	Pandemic_10
1	1.6393442622950813	0.0	3.053435114503827	0.9229333477366097	0.0	-2.4700305236771634	-3.225806451613167	-1.0869565217391113	1.2396882548653565	0.19637845710402946	-0.39663648230572335	-0.007636513897102404	0.9314512519632778	1.1374116200430606	0.9560230269996417	0.0	0.0	0.0	0.0	0.0	0.0	0.0	0.0	0.0	0.0	0.0
2	0.0	7.905138339920946	6.488549618320619	1.014186506032022	0.0	-2.206571969374009	-3.2258064516128115	-1.0869565217391255	1.0300350941160552	0.236089757064728	-0.2363819206379958	0.10495943219046566	0.9142375979558359	0.9734603955323884	0.9560230269997305	0.0	0.0	0.0	0.0	0.0	0.0	0.0	0.0	0.0	0.0	0.0
3	0.40983606557377117	-4.74308300395257	-3.81679389312977	-0.1271596787651319	0.0	-1.5061473662670721	0.0	0.0	0.3782872248302205	0.310085943298799	0.056303241161526074	0.3119523684659953	0.7268000320958201	0.671175325340645	0.7648182473741549	0.0	0.0	0.0	0.0	0.0	0.0	0.0	0.0	0.0	0.0	0.0
4	0.0	-9.881422924901173	-9.541984732824417	0.5967944564075456	0.0	-1.2755145541667368	-3.225806451613167	-1.0869565217391113	0.49222916002005235	0.6190174729154396	1.2601163817890004	1.1675313189427161	-0.9065870850634816	-0.5738292857873972	-0.9560230269997305	0.0	0.0	0.0	0.0	0.0	0.0	0.0	0.0	0.0	0.0	0.0
5	-0.8196721311475412	-7.114624505928859	-8.778625954198468	0.41259412235947757	0.0	0.4881230496393396	0.0	-1.0869565217391681	0.32815277334670157	0.5407616203938037	0.9540776365845716	0.9502818415871417	-0.3614876057137728	-0.25617378829805304	-0.38240912368703306	0.0	0.0	0.0	0.0	0.0	0.0	0.0	0.0	0.0	0.0	0.0
6	0.8196721311475412	-3.5573122529644294	-4.1984732824427695	0.4021236962242991	0.0	1.9925651825452313	0.0	-2.1739130434782368	0.6654209015085399	0.430467501533216	0.5261979692226859	0.6457281251531111	0.12623389849961697	0.18444512757449516	0.19120477962548676	0.0	0.0	0.0	0.0	0.0	0.0	0.0	0.0	0.0	0.0	0.0
7	0.8196721311475406	5.928853754940711	6.870229007633597	-0.49148899617610375	0.0	-2.7185682860699476	-3.2258064516128115	-2.173913043478251	0.8067089011439599	0.045141811098625695	-0.9604371557939473	-0.4143681025318813	2.5399737664454136	1.7163643815965912	2.4856595217480404	0.0	0.0	0.0	0.0	0.0	0.0	0.0	0.0	0.0	0.0	0.0
8	-0.4098360655737703	1.5810276679841877	4.198473282442734	-0.39629774986464916	0.0	-2.154988660198148	0.0	-1.0869565217391681	0.8294972881819795	0.08453251723889998	-0.8011555543274262	-0.30252888482054097	2.0981562111407115	1.557536632851697	2.1032503980609185	0.0	0.0	0.0	0.0	0.0	0.0	0.0	0.0	0.0	0.0	0.0
9	1.2295081967213113	1.1857707509881479	0.763358778625971	-1.0088610616474813	0.0	0.29841583820745754	3.2258064516128115	-1.0869565217391113	0.7246707078072845	0.09168900412137582	-0.7668551618993824	-0.27966475035641203	1.1915691260772299	1.5267957782559627	1.147227371061188	0.0	0.0	0.0	0.0	0.0	0.0	0.0	0.0	0.0	0.0	0.0
10	0.40983606557376984	-3.9525691699604835	-3.816793893129791	0.07277824121283416	0.0	0.15943931927084343	-3.2258064516128115	-1.0869565217391255	0.7429014174377357	0.5595079182817431	1.033426954931116	1.0051898496658218	-0.7440132503258035	-0.3483963520852562	-0.7648182473741549	0.0	0.0	0.0	0.0	0.0	0.0	0.0	0.0	0.0	0.0	0.0
11	-3.278688524590163	2.7667984189723356	3.05343511450382	-0.08057099441751703	0.0	-0.14878161076343055	0.0	-1.0869565217391255	1.0984002552299366	0.493179397107979	0.7781862340096701	0.8230238122829192	-0.05355359024568074	-0.08197561225538053	0.0	0.0	0.0	0.0	0.0	0.0	0.0	0.0	0.0	0.0	0.0	0.0
12	0.4098360655737705	7.509881422924906	7.633587786259554	1.9914015558773812	-4.236271342870346	2.583428542195996	0.0	0.0	0.8659587074426156	0.44195713684265225	0.2247917280274514	0.3993881406181288	0.8759850334945973	0.9939542985962113	0.9560230269996417	0.0	0.0	0.0	0.0	0.0	0.0	0.0	0.0	0.0	0.0	0.0
13	1.2295081967213115	2.7667984189723356	3.4351145038167914	1.4636026845252559	0.0	-1.4886687243149233	-3.2258064516128115	-1.0869565217391255	1.271591996718513	0.2143377275559022	-0.6352844000682367	-0.21740548083895028	2.4060897908310785	1.890562557639086	2.294455177686494	0.0	0.0	0.0	0.0	0.0	0.0	0.0	0.0	0.0	0.0	0.0
14	0.0	-0.790513833992101	-0.3816793893129642	2.9516429022035773	0.0	-2.146036185051921	-3.2258064516128115	-2.1739130434782723	0.6608632241009715	0.8616390565551191	1.8298874001245302	1.5472831028748857	-1.2527736649928123	-0.6814222768726452	-1.147227806625306	0.0	0.0	0.0	0.0	0.0	0.0	0.0	0.0	0.0	0.0	0.0
15	-1.2295081967213115	-7.905138339920946	-8.778625954198475	0.08933695945185782	0.0	-0.09506675988609281	-3.2258064516128115	-2.173913043478251	0.8522856752199104	0.7932492847983141	1.5675259640510752	1.3597840076758239	-0.9276259955171895	-0.40475458551076926	-0.9560225914356124	0.0	0.0	0.0	0.0	0.0	0.0	0.0	0.0	0.0	0.0	0.0
16	-1.2295081967213113	6.719367588932798	6.870229007633569	-0.345872493066679	0.0	-0.13855021059631945	0.0	-2.1739130434782723	0.9799006426325363	0.6038376264760448	0.8511362737583461	0.8461461965918016	0.18361274519147486	0.33814940055334475	0.1912043440615463	0.0	0.0	0.0	0.0	0.0	0.0	0.0	0.0	0.0	0.0	0.0
17	0.40983606557377045	14.624505928853758	11.068702290076345	-0.7996315405872423	0.0	-0.18501781968862296	0.0	-2.173913043478265	0.8112665785515283	0.40300179354411103	0.0979022940528651	0.305044200484339	1.055772522239895	1.1169177169791489	0.9560230269996417	0.0	0.0	0.0	0.0	0.0	0.0	0.0	0.0	0.0	0.0	0.0
18	-0.40983606557377045	11.067193675889342	8.015267175572504	1.78201800101494	0.0	1.7853793291611968	-3.225806451613167	-1.0869565217391113	0.5560366437263653	0.52238305690262	0.5515532967550918	0.6299526852787007	0.8702467130477842	0.6455579465108663	0.9560230269997305	0.0	0.0	0.0	0.0	0.0	0.0	0.0	0.0	0.0	0.0	0.0
19	0.8196721311475408	6.324110671936765	5.725190839694648	1.6872773664365681	0.0	-1.659618368773769	-3.2258064516128115	-2.1739130434782723	1.1120732874527306	0.48146336821950353	0.4020476517091254	0.5218937440996996	1.0634230351321605	0.7992622194898047	1.1472273710612768	0.0	0.0	0.0	0.0	0.0	0.0	0.0	0.0	0.0	0.0	0.0
20	-0.8196721311475408	2.7667984189723285	1.1450381679389494	2.0330002398724734	0.0	-1.2205207782685061	-3.2258064516128115	-2.1739130434782723	0.8386126429971164	0.6336356777627339	0.9736697355976709	0.9323816599517976	0.1683117194069439	0.2049390306383181	0.0	0.0	0.0	0.0	0.0	0.0	0.0	0.0	0.0	0.0	0.0	0.0
21	3.6885245901639343	-7.509881422924892	-4.198473282442748	0.82787175578658	0.0	-0.3048104633119024	-6.451612903225978	-2.173913043478251	1.0026890296704671	0.45756832185663754	0.320128696084776	0.46176719240635933	0.23907852788251915	0.8812378317450076	0.38240912368703306	0.0	0.0	0.0	0.0	0.0	0.0	0.0	0.0	0.0	0.0	0.0
22	-2.4590163934426226	3.9525691699604693	4.580152671755712	0.8645300264579436	0.0	0.49920706648704805	-3.2258064516128115	-3.260869565217398	1.2533612870881505	0.473323258977155	0.38319351305542426	0.5064108315293581	0.8243440714720052	0.8146326467876719	0.7648182473741549	0.0	0.0	0.0	0.0	0.0	0.0	0.0	0.0	0.0	0.0	0.0
23	-1.2295081967213113	7.1146245059288304	3.43511450381682	0.7281792911030038	0.0	-0.2101700117661114	-3.2258064516128115	-2.173913043478258	0.24611458001002617	0.413201116780181	0.16513090725478463	0.3485280090719467	1.1839186131849644	1.040065580489813	1.1472278066252173	0.0	0.0	0.0	0.0	0.0	0.0	0.0	0.0	0.0	0.0	0.0
24	0.0	-1.5810276679841735	-4.580152671755727	-0.22414742405985066	25.703737886478883	1.3931756560885349	0.0	-2.173913043478258	0.8386126429971199	0.329188838323736	0.46889616222811625	0.8450098951910068	1.088287202031868	0.9939542985961225	1.147227371061188	0.0	0.0	0.0	0.0	0.0	0.0	0.0	0.0	0.0	0.0	0.0
25	1.2295081967213113	-5.928853754940732	-4.198473282442748	0.18197456360402597	0.0	-0.17691796122299053	0.0	-1.0869565217391397	0.7064399981769185	0.5068894552843641	1.1268855064002992	1.3186517218984672	0.49537114555029405	0.30740854595752154	0.38240912368703306	0.0	0.0	0.0	0.0	0.0	0.0	0.0	0.0	0.0	0.0	0.0
26	0.0	0.39525691699607535	-1.5267175572519136	-0.25673403091532876	0.0	-2.7479835615503987	0.0	0.0	1.271591996718513	0.31207684127694435	0.4105430549548039	0.7996161545188674	0.919975918402649	1.0503125320218132	0.9560230269997305	0.0	0.0	0.0	0.0	0.0	0.0	0.0	0.0	0.0	0.0	0.0
27	-1.2295081967213113	-0.39525691699607535	-3.816793893129784	1.9457050306344499	0.0	-0.737087120372423	3.2258064516128115	0.0	1.421995351168981	0.3188594222531371	0.43841677909348675	0.8178136118023538	0.8415572897018997	1.01957167742599	0.9560230269997305	0.0	0.0	0.0	0.0	0.0	0.0	0.0	0.0	0.0	0.0	0.0
28	0.40983606557377045	-5.92885375494069	-4.961832061068677	2.0052059348760736	0.0	-0.14366591067987677	0.0	1.0869565217391397	0.9252085137414454	0.34708115020553976	0.5448455878628522	0.8931189889369566	0.8606840077100664	0.9068552105747862	0.7648182473741549	0.0	0.0	0.0	0.0	0.0	0.0	0.0	0.0	0.0	0.0	0.0
29	-0.40983606557377045	1.5810276679841735	1.1450381679389068	2.1851728915453634	0.0	0.8526166805927389	3.2258064516128115	1.0869565217391326	1.513148899320882	0.42768903308978423	0.8428211435420607	1.1079489791353794	0.5986535053732034	0.594323188851309	0.5736139033126086	0.0	0.0	0.0	0.0	0.0	0.0	0.0	0.0	0.0	0.0	0.0
30	0.0	-2.3715415019762673	-3.4351145038167914	0.7287689052115169	0.0	1.577767167436865	3.225806451613167	1.0869565217391255	1.1075156100451693	0.3743153278563227	0.6490773512702219	0.9658551416308541	0.5106726071124612	0.7941387437237601	0.5736139033126086	0.0	0.0	0.0	0.0	0.0	0.0	0.0	0.0	0.0	0.0	0.0
31	0.40983606557377045	-4.743083003952577	-4.961832061068677	1.2431576543668221	0.0	-0.9920195078696512	6.451612903225623	2.173913043478258	0.8294972881818836	0.5995170818434481	1.4743985834106077	1.5657365682327118	-0.07267987247630003	-0.06660518495742451	0.0	0.0	0.0	0.0	0.0	0.0	0.0	0.0	0.0	0.0	0.0	0.0
32	-0.8196721311475409	4.347826086956516	2.2900763358778278	1.122916782525028	0.0	-1.4080964479989104	3.2258064516128115	0.0	1.3900916093159168	0.5468296396071501	1.2819043032525457	1.425415818398168	0.03251467979197287	0.13321036991493784	0.0	0.0	0.0	0.0	0.0	0.0	0.0	0.0	0.0	0.0	0.0	0.0
33	0.40983606557377045	-9.090909090909093	-8.396946564885468	0.789347441424141	0.0	-0.5699742509762462	3.225806451613167	1.0869565217391326	1.1029579326375085	0.6172721443642448	1.5390265588442809	1.6130123074391989	-0.08989352648374194	-0.13321036991493784	-0.19120477962557558	0.0	0.0	0.0	0.0	0.0	0.0	0.0	0.0	0.0	0.0	0.0
34	0.8196721311475408	1.185770750988155	0.0	0.9544919935863447	0.0	0.6279521852565528	0.0	-1.0869565217391326	1.2943803837564403	0.6900703114823159	1.8036527521363865	1.8068352821460891	-0.8549461230409783	-0.4047545855108581	-0.7648182473741549	0.0	0.0	0.0	0.0	0.0	0.0	0.0	0.0	0.0	0.0	0.0
35	-0.4098360655737704	-4.743083003952577	-8.015267175572532	1.20275820324283	0.0	0.5188172501406809	0.0	0.0	1.2624766419032838	0.7999271825647636	2.201898136002267	2.0992778506318643	-1.3981334099454124	-0.8095091710216273	-1.3384321506866748	0.0	0.0	0.0	0.0	0.0	0.0	0.0	0.0	0.0	0.0	0.0
36	-0.40983606557377045	-13.04347826086957	-14.122137404580151	3.4668719561546695	-10.05076142131962	1.2478045120474741	0.0	-1.0869565217391255	0.8933047718882108	1.5341671017918372	1.6286579346987295	3.45567778907321	-2.878509833482301	-2.4336509888308377	-3.059273425060649	0.0	0.0	0.0	0.0	0.0	0.0	0.0	0.0	0.0	0.0	0.0
37	0.0	3.9525691699604835	4.198473282442748	1.4359990199100707	0.0	-1.3083402963695576	0.0	0.0	1.216899867827422	0.63887317165441	-1.612704030372658	1.0740645704308456	1.1380155358315491	0.8658674044472292	1.147227371061188	0.0	0.0	0.0	0.0	0.0	0.0	0.0	0.0	0.0	0.0	0.0
38	0.0	2.3715415019762816	2.2900763358778704	1.3419185674176788	0.0	-1.252493903790735	0.0	-1.0869565217391326	0.4329793537213078	0.597375658767163	-1.7473942877550996	0.9661517478294783	1.212608036530849	1.0093247258939897	1.3384321506867636	0.0	0.0	0.0	0.0	0.0	0.0	0.0	0.0	0.0	0.0	0.0
39	0.0	-3.9525691699604693	-1.5267175572519207	1.254673554261828	0.0	-0.5836161178657289	0.0	-1.0869565217391255	1.2670343193108522	0.761631470077063	-1.1533520399107822	1.4029949599965619	0.47050741442813404	0.4047545855108581	0.3824091236871219	0.0	0.0	0.0	0.0	0.0	0.0	0.0	0.0	0.0	0.0	0.0
40	-0.40983606557377045	10.276679841897241	14.122137404580158	0.7175507352909207	0.0	-0.30523677165220064	0.0	-1.0869565217391326	1.540494963766477	0.5238274125410669	-1.9799505135946305	0.7758754970790278	1.4899395646522429	1.260375038426087	1.5296369303122503	0.0	0.0	0.0	0.0	0.0	0.0	0.0	0.0	0.0	0.0	0.0
41	0.0	6.324110671936737	5.725190839694648	0.8613508269365227	0.0	1.1309960268062689	-3.225806451613167	-1.0869565217391397	0.7064399981769185	0.5865166818030936	-1.744043591093014	0.9440625375211269	1.2546858574381758	1.0246951531918569	1.3384321506867636	0.0	0.0	0.0	0.0	0.0	0.0	0.0	0.0	0.0	0.0	0.0
42	0.8196721311475409	-1.5810276679841877	-1.5267175572519136	1.996883336638703	0.0	0.596831676414916	-3.2258064516128115	-2.173913043478258	1.3399571578323943	0.7477933297316284	-1.1732370449768936	1.3709972689178471	0.721061711649007	0.43549544010659247	0.5736134677485794	0.0	0.0	0.0	0.0	0.0	0.0	0.0	0.0	0.0	0.0	0.0
43	0.4098360655737704	-5.928853754940711	-8.015267175572504	2.2655664126586004	0.0	-0.40200876489947657	-3.2258064516128115	-1.0869565217391255	0.6426325144706126	0.866760067004634	-0.7597913966063352	1.6847159915842695	-0.001912628222999757	0.005123475765955732	0.0	0.0	0.0	0.0	0.0	0.0	0.0	0.0	0.0	0.0	0.0	0.0
44	-1.2295081967213113	0.0	3.4351145038167914	2.7686422142460643	0.0	-0.9617516157086081	0.0	-1.0869565217391326	0.6152864500251098	1.0888983796550455	-0.004726395945553463	2.2678017428145125	-1.0232574066701972	-0.7838917921918487	-0.9560225914356124	0.0	0.0	0.0	0.0	0.0	0.0	0.0	0.0	0.0	0.0	0.0
45	0.0	-3.9525691699604693	-2.290076335877849	0.9145480629406677	0.0	0.3691830226966548	-3.2258064516128115	-1.0869565217391255	1.458456770429791	0.8912700181257449	-0.6824447072621531	1.7481008459191187	0.44946806819678997	-0.07685213648933598	0.38240912368703306	0.0	0.0	0.0	0.0	0.0	0.0	0.0	0.0	0.0	0.0	0.0
46	2.459016393442623	7.509881422924899	5.343511450381648	0.6583449817912737	0.0	0.06948825946830883	3.2258064516128115	-1.0869565217391326	1.025477416708398	0.7775477191477762	-1.0644330190146434	1.450320947618117	0.5431872869044341	0.32277897325547755	0.5736134677485794	0.0	0.0	0.0	0.0	0.0	0.0	0.0	0.0	0.0	0.0	0.0
47	4.098360655737704	-0.7905138339920796	-2.2900763358778278	1.1418521294590533	0.0	0.4032876899203659	0.0	0.0	1.244245932272925	0.992529066564952	-0.34508042383842863	2.012806647279099	-0.48963326088111714	-0.43037196434063674	-0.38240912368703306	0.0	0.0	0.0	0.0	0.0	0.0	0.0	0.0	0.0	0.0	0.0
48	2.4590163934426217	-5.928853754940732	-4.198473282442762	0.7118965565089823	12.948777111213694	0.8568797639957024	0.0	-1.0869565217391362	0.5241329018732088	0.5833262730475575	0.6091899940904533	1.3413390752082606	-0.20847691209118224	0.2715442155958314	-0.1912043440615463	0.0	0.0	0.0	0.0	0.0	0.0	0.0	0.0	0.0	0.0	0.0
49	1.2295081967213122	-12.252964426877469	-9.160305343511439	1.0988397912226944	0.0	-0.5917159763313613	0.0	0.0	0.9662276104097458	0.7561740757293407	1.1823335020753944	1.7927890032319667	-0.6043913900423803	-0.32790244902134447	-0.7648186829381842	0.0	0.0	0.0	0.0	0.0	0.0	0.0	0.0	0.0	0.0	0.0
50	-0.4098360655737707	4.347826086956523	2.290076335877856	0.09419039788345174	0.0	-1.1830056443224257	0.0	-1.0869565217391255	1.1667654163438144	0.3062439606380778	-0.3038266318222682	0.6184376890781849	1.4229975768451197	1.2245107080642192	1.5296369303123392	0.0	0.0	0.0	0.0	0.0	0.0	0.0	0.0	0.0	0.0	0.0
51	-2.4590163934426226	-3.1620553359683754	-2.290076335877856	0.5089289365047804	0.0	-0.8781951810105197	-3.2258064516128115	-1.0869565217391362	0.865958707442708	0.15221690246301023	-0.8046796836918446	0.2175036354032045	1.744319554097018	1.7522287119581925	1.7208412743738855	0.0	0.0	0.0	0.0	0.0	0.0	0.0	0.0	0.0	0.0	0.0
52	1.6393442622950811	0.0	0.3816793893129713	1.1268175774779081	0.0	0.21400678682877672	-3.225806451613167	0.0	0.20509548334163696	0.4293629007668258	0.11362719828200696	0.9412699667221247	1.0806362533619662	0.7890152679578932	1.147227371061188	0.0	0.0	0.0	0.0	0.0	0.0	0.0	0.0	0.0	0.0	0.0
53	-0.4098360655737707	-6.719367588932812	-6.87022900763359	0.9776297185709808	0.0	0.9165629316371939	-6.451612903225623	-1.086956521739122	1.143977029305887	0.36282053780638535	-0.10042254500524095	0.7683793853860976	1.2718995114457066	1.0144482016599454	1.1472278066252173	0.0	0.0	0.0	0.0	0.0	0.0	0.0	0.0	0.0	0.0	0.0
54	1.639344262295083	-5.53359683794465	-8.396946564885496	0.6153590893041923	0.0	0.6420203604863328	-3.2258064516128115	-1.0869565217391255	1.6544368989563054	0.5917267032060636	0.6520356880786338	1.3653410407574285	-0.23142801499025367	0.2203094579362741	-0.19120477962557558	0.0	0.0	0.0	0.0	0.0	0.0	0.0	0.0	0.0	0.0	0.0
55	0.0	2.3715415019762816	1.145038167938928	0.23980954151947032	0.0	-0.10401923503231458	-3.225806451613167	-1.0869565217391468	0.6790939337314228	0.4227164932478118	0.1025093356417095	0.9254124158511345	0.8492082383717126	0.7992622194897159	0.7648182473741549	0.0	0.0	0.0	0.0	0.0	0.0	0.0	0.0	0.0	0.0	0.0
56	-2.8688524590163933	2.7667984189723285	3.4351145038167985	0.15629621626547419	0.0	-1.387633647664682	-3.2258064516128115	-1.086956521739122	1.3536301900550995	0.38417528744791696	-0.018937330074209058	0.8256224415686333	1.206870151861672	0.927349113638698	1.3384321506867636	0.0	0.0	0.0	0.0	0.0	0.0	0.0	0.0	0.0	0.0	0.0
57	2.049180327868852	5.138339920948617	5.725190839694655	0.694725476128653	0.0	0.13982913561720878	0.0	-1.0869565217391362	0.49222916002005945	0.30828778881826224	-0.2605521072782224	0.6287947057840526	1.080636253362055	1.1835229019366622	0.9560230269997305	0.0	0.0	0.0	0.0	0.0	0.0	0.0	0.0	0.0	0.0	0.0
58	2.4590163934426226	15.019762845849804	13.740458015267173	1.32498368949188	0.0	-0.17563903620210342	-3.2258064516128115	-1.0869565217391255	0.5469212889111361	0.5920641116805356	0.6625474417566224	1.36751411590987	0.5450999151275226	0.2049390306383181	0.5736139033126086	0.0	0.0	0.0	0.0	0.0	0.0	0.0	0.0	0.0	0.0	0.0
59	4.918032786885243	13.83399209486167	9.541984732824417	0.8213859643098971	0.0	0.5060279999317907	-3.225806451613167	0.0	0.9981313522629023	0.36534285683744727	-0.06778403156504353	0.7783053676655882	1.1686175874004334	0.9785838712983441	1.147227371061188	0.0	0.0	0.0	0.0	0.0	0.0	0.0	0.0	0.0	0.0	0.0
60	3.278688524590166	-2.3715415019762816	-3.4351145038167914	-0.004558781736463402	5.269958467927971	0.8121173882645838	-3.2258064516124563	-1.086956521739129	1.0528234811540642	0.0009290090279279184	-0.19999199863276473	-0.01471165617541459	1.8762909014881757	2.003279024490201	1.9120460539993722	0.0	0.0	0.0	0.0	0.0	0.0	0.0	0.0	0.0	0.0	0.0
61	-0.8196721311475414	-0.39525691699606114	0.3816793893129642	0.7525733846833305	0.0	-0.7848336544856171	0.0	-1.0869565217391362	0.9388815459641648	0.34178843903491796	0.9000630700874979	0.8713713223414743	0.7421010578803511	0.8300030740854503	0.7648182473741549	0.0	0.0	0.0	0.0	0.0	0.0	0.0	0.0	0.0	0.0	0.0
62	7.3770491803278695	2.3715415019762816	1.9083969465649062	1.481153841413004	0.0	-1.0329451085381023	0.0	-1.086956521739122	0.5924980629870902	0.6698122594038978	1.9574477733116602	1.7239819278184	-0.2180400532065363	-0.2971615944256101	-0.1912043440615463	0.0	0.0	0.0	0.0	0.0	0.0	0.0	0.0	0.0	0.0	0.0
63	3.688524590163933	-7.114624505928859	-5.343511450381669	-0.23410227850582288	0.0	-0.32953634704909485	0.0	0.0	0.8978624492958573	0.2349837843772562	0.5569242698019394	0.5938574937759142	0.5757019666964069	1.188646377702618	0.5736134677485794	0.0	0.0	0.0	0.0	0.0	0.0	0.0	0.0	0.0	0.0	0.0
64	-0.8196721311475414	0.0	0.7633587786259426	0.6363325324945137	0.0	-0.07673550125334572	-3.225806451613167	-1.0869565217391433	0.989015997447666	0.6270775574133083	1.8199893169256853	1.6129296523082814	-0.361487169935959	-0.15370427297876432	-0.38240912368703306	0.0	0.0	0.0	0.0	0.0	0.0	0.0	0.0	0.0	0.0	0.0
65	4.508196721311471	-4.347826086956516	-6.106870229007647	0.20053915699031677	0.0	0.8048701464795456	0.0	0.0	0.9069778041110084	0.4297964617735275	1.1850536002471657	1.100234018606109	0.3041083232441899	0.5174710523618842	0.38240912368703306	0.0	0.0	0.0	0.0	0.0	0.0	0.0	0.0	0.0	0.0	0.0
66	5.327868852459019	5.13833992094861	3.05343511450382	0.7083468652223885	0.0	1.3893388810258687	0.0	1.0869565217391433	0.8386126429971057	0.5407524113584472	1.5423337547567861	1.3886019430620067	0.15301025784486555	0.13833384568089713	0.0	0.0	0.0	0.0	0.0	0.0	0.0	0.0	0.0	0.0	0.0	0.0
67	0.4098360655737707	-4.347826086956516	-3.05343511450382	-0.03792074158099723	0.0	0.21997510359292605	0.0	0.0	0.6152864500251098	0.20155195361943612	0.45177009033663396	0.5071810052031651	1.7978731443425247	1.2859924172559545	1.912046053999461	0.0	0.0	0.0	0.0	0.0	0.0	0.0	0.0	0.0	0.0	0.0
68	0.4098360655737707	-0.3952569169960327	-0.7633587786259426	-0.5243312770682351	0.0	-3.2902477704073796	-3.2258064516128115	0.0	0.4193063214985102	-0.020796420882085442	-0.26197233187197355	-0.07050181517190879	2.3946140214928135	2.0391433548518947	2.2944551776864017	0.0	0.0	0.0	0.0	0.0	0.0	0.0	0.0	0.0	0.0	0.0
69	0.4098360655737707	6.324110671936737	3.8167938931297627	0.9035015789558472	0.0	1.114796309875006	-3.225806451613167	0.0	0.6745362563238615	0.3412477920555119	0.9027180874205953	0.8703369173245363	0.36531286215985403	0.8043856952555757	0.38240912368712543	0.0	0.0	0.0	0.0	0.0	0.0	0.0	0.0	0.0	0.0	0.0
70	3.6885245901639365	-0.3952569169960327	-3.05343511450382	0.8346029374667978	0.0	0.53075388366898	-6.451612903225623	0.0	1.0482658037464176	0.3101304569938179	0.8033450462124669	0.7895346303996575	1.2585111138842677	0.9068552105749674	1.3384321506867636	0.0	0.0	0.0	0.0	0.0	0.0	0.0	0.0	0.0	0.0	0.0
71	4.508196721311471	1.9762845849802346	-1.1450381679389139	0.9047602914025603	0.0	0.5546271507255773	-3.2258064516128115	-1.0869565217391433	0.6563055466934031	0.3422393042388663	0.9070689510950025	0.8730115159107044	0.9964806115473976	0.7941387437236713	0.9560230269997305	0.0	0.0	0.0	0.0	0.0	0.0	0.0	0.0	0.0	0.0	0.0
72	4.098360655737707	7.114624505928859	4.198473282442734	0.07843631185742339	6.451315182279593	1.1135173848541164	-3.2258064516128115	-2.1739130434782545	0.6790939337313375	0.024127317265801196	0.5586689699986103	0.3024050337608628	1.7940478878965251	1.9571677425965959	1.7208412743737966	0.0	0.0	0.0	0.0	0.0	0.0	0.0	0.0	0.0	0.0	0.0
73	3.2786885245901587	11.067193675889328	9.541984732824446	0.47019282005597773	0.0	-1.4903739576761068	0.0	-2.173913043478258	1.7683788341461337	0.20220096857488556	1.1280364235514817	0.7638948012539686	1.3311914221382892	1.3474741264474233	1.3384321506867636	0.0	0.0	0.0	0.0	0.0	0.0	0.0	0.0	0.0	0.0	0.0
74	10.655737704918039	-0.7905138339920939	-1.5267175572519136	0.8342087040804671	0.0	-0.9711303991951303	0.0	-2.173913043478265	1.0163620618932612	0.3676333735646651	1.6583146829333373	1.1932856976218744	0.2715932076745844	0.7787683164258112	0.38240912368703306	0.0	0.0	0.0	0.0	0.0	0.0	0.0	0.0	0.0	0.0	0.0
75	0.8196721311475414	1.1857707509881408	-0.763358778625971	1.183769929208232	0.0	-0.5827635011851366	3.2258064516128115	-2.173913043478258	0.6608632241009644	0.27802296109289415	1.3682210798121375	0.959273092518842	1.0806366891395953	1.0810533866174552	0.9560225914356124	0.0	0.0	0.0	0.0	0.0	0.0	0.0	0.0	0.0	0.0	0.0
76	2.0491803278688536	4.347826086956516	2.2900763358778846	1.199028641789603	0.0	0.00170523336118511	0.0	0.0	1.4994758670981838	0.28593960697622833	1.3919156254178056	0.9789839111700616	1.2106954083078563	1.0503125320217208	1.3384321506868488	0.0	0.0	0.0	0.0	0.0	0.0	0.0	0.0	0.0	0.0	0.0
77	4.098360655737707	-2.7667984189723143	-3.053435114503827	1.4634160633265836	0.0	0.8428115887659224	3.2258064516128115	0.0	0.961669933002085	0.406452180679274	1.7791764475846072	1.2922649769071057	0.6483818391726999	0.6353109949789584	0.5736139033126122	0.0	0.0	0.0	0.0	0.0	0.0	0.0	0.0	0.0	0.0	0.0
78	3.278688524590166	-0.7905138339920939	-1.5267175572519136	0.5966861940688517	0.0	0.7349555786709412	0.0	0.0	0.2552299348252518	0.4416339786807981	1.8917840154308863	1.3834998428177556	0.392089657282753	0.5123475765960208	0.38240912368703306	0.0	0.0	0.0	0.0	0.0	0.0	0.0	0.0	0.0	0.0	0.0
79	2.0491803278688394	0.0	1.1450381679389494	0.6455042088037857	0.0	-0.48556519959756494	3.2258064516128115	0.0	1.1394193518982263	0.4634378730802311	1.961440367751969	1.439977068200534	0.8147804945790114	0.43549544010659247	0.7648186829381842	0.0	0.0	0.0	0.0	0.0	0.0	0.0	0.0	0.0	0.0	0.0
80	4.0983606557377215	4.347826086956516	4.198473282442734	0.1421162450503317	0.0	-0.7080981532322701	0.0	0.0	0.4056332892758121	0.2348462896379928	1.2208417983682551	0.842731344806424	0.9371895724101762	1.2091402807664338	0.9560225914356124	0.0	0.0	0.0	0.0	0.0	0.0	0.0	0.0	0.0	0.0	0.0
81	5.327868852459005	5.92885375494069	7.251908396946561	0.9028968608871679	0.0	-0.1799021196050674	3.2258064516128115	0.0	0.7520167722528726	0.30915532340942065	1.4595708296410734	1.035873718334642	1.191569126077141	0.952966492468569	1.3384321506867636	0.0	0.0	0.0	0.0	0.0	0.0	0.0	0.0	0.0	0.0	0.0
82	2.8688524590164093	-1.1857707509881266	0.7633587786259568	1.3696140119923115	0.0	0.00170523336118511	0.0	0.0	0.4375370311288691	0.5209296572838795	2.144636007519459	1.5886584747846655	-0.39208965728265355	0.2305564094681003	-0.38240912368703306	0.0	0.0	0.0	0.0	0.0	0.0	0.0	0.0	0.0	0.0	0.0
83	5.327868852459005	-11.462450592885375	-9.92366412213741	1.4454888685164775	0.0	0.6236891018535891	3.225806451613167	0.0	0.8340549655895444	0.5553640155220947	2.256000346531195	1.678527209207914	-0.20273859164436914	0.11271646685111136	-0.1912043440615463	0.0	0.0	0.0	0.0	0.0	0.0	0.0	0.0	0.0	0.0	0.0
84	1.2295081967213122	-4.7430830039525915	-2.290076335877842	2.1327002279911653	11.693585602215073	1.3360503384888212	3.2258064516128115	-1.0869565217391308	1.40832231894629	0.5237900460961313	1.4080462512349214	1.726287659888385	-0.15492332184559388	-0.07172866072338024	-0.19120477962548676	0.0	0.0	0.0	0.0	0.0	0.0	0.0	0.0	0.0	0.0	0.0
85	1.2295081967213122	-1.1857707509881266	-0.763358778625971	1.5141390541604665	0.0	-1.2000579779342795	3.225806451613167	0.0	-0.10026890296704494	0.24510380898959028	0.5046132894398738	0.9963382844734525	1.2718995114457101	0.8658674044471439	1.1472273710611844	0.0	0.0	0.0	0.0	0.0	0.0	0.0	0.0	0.0	0.0	0.0
86	0.8196721311475414	-4.347826086956516	-1.5267175572518852	1.0765528069109962	0.0	-0.8973790563238577	3.2258064516124563	0.0	1.0391504489311956	0.049893428139121454	-0.1269254225266394	0.48346061280443564	2.1765744040639134	1.5216723024900034	2.294455177686501	0.0	0.0	0.0	0.0	0.0	0.0	0.0	0.0	0.0	0.0	0.0
87	-0.8196721311475414	-1.581027667984202	-1.5267175572519136	-0.15231233204465866	0.0	-0.5443957505584642	0.0	-1.086956521739129	1.107515610045155	-0.010903763950700807	-0.3222267517962507	0.322031774361605	1.702241297411966	1.7266113331284174	1.7208412743737966	0.0	0.0	0.0	0.0	0.0	0.0	0.0	0.0	0.0	0.0	0.0
88	-1.2295081967213122	-5.13833992094861	-4.580152671755734	0.7262706354611197	0.0	0.10444554337261036	-3.2258064516124563	-2.173913043478265	0.3053643863087814	0.3836596380208732	0.9564584075760365	1.3559749802762866	0.3098462079134592	0.3893841582128985	0.19120477962557203	0.0	0.0	0.0	0.0	0.0	0.0	0.0	0.0	0.0	0.0	0.0
89	-7.377049180327859	-13.04347826086957	-9.541984732824432	0.715141858380079	0.0	0.633920502020701	-3.225806451613167	-1.08695652173913	0.7611321270680094	0.3785768359110051	0.9404106021542589	1.342136385366473	0.06885505180784435	0.4047545855108581	0.19120434406145392	0.0	0.0	0.0	0.0	0.0	0.0	0.0	0.0	0.0	0.0	0.0
90	-2.8688524590164093	-0.3952569169960469	0.0	1.8452286498134924	0.0	0.287331821359754	-3.2258064516128115	-2.173913043478259	0.3737295474226414	0.25653953567574916	0.5462829440248527	1.0206717494884145	1.0309079195623738	0.8146326467874943	0.9560230269997305	0.0	0.0	0.0	0.0	0.0	0.0	0.0	0.0	0.0	0.0	0.0
91	-3.278688524590166	-16.99604743083004	-17.175572519083957	2.251565727577642	0.0	-0.14494483570076633	-3.225806451613167	-1.08695652173913	1.0573811585615545	0.4396427424499194	1.1387446749780352	1.501628024054824	0.5336241457891688	0.1946920791065878	0.5736139033126122	0.0	0.0	0.0	0.0	0.0	0.0	0.0	0.0	0.0	0.0	0.0
92	-3.2786885245901516	2.7667984189723356	1.5267175572519136	2.123325291201894	0.0	-0.8735057892672606	-3.2258064516128115	-1.0869565217391353	0.9434392233718114	0.3829520527483652	0.95585338202104	1.3520571036862776	0.7975672763492128	0.3842606824468504	0.7648182473741585	0.0	0.0	0.0	0.0	0.0	0.0	0.0	0.0	0.0	0.0	0.0
93	-10.655737704918039	0.3952569169960469	1.1450381679389139	0.9719711419466819	0.0	0.05200961751615707	-3.2258064516128115	1.0869565217391353	0.5879403855795289	0.16755314506984575	0.26095435158684666	0.783751993237658	1.3560551532602716	1.1066707654473333	1.3384321506867565	0.0	0.0	0.0	0.0	0.0	0.0	0.0	0.0	0.0	0.0	0.0
94	-6.147540983606561	3.9525691699604693	3.4351145038167914	1.5516625681267158	0.0	0.3363572804938353	0.0	0.0	0.9799006426324439	0.425789932609554	1.0951739909229303	1.4637103635172934	0.9238007390710976	0.2356798852341342	0.9560230269996453	0.0	0.0	0.0	0.0	0.0	0.0	0.0	0.0	0.0	0.0	0.0
95	-1.229508196721305	1.9762845849802417	0.7633587786259568	0.7894086219067304	0.0	0.5056016915914938	-3.2258064516128115	1.08695652173913	0.46488309557454954	0.08832288769371388	0.007219466470871794	0.5724267264763938	0.908499713286659	1.3679680295112462	0.9560230269997305	0.0	0.0	0.0	0.0	0.0	0.0	0.0	0.0	0.0	0.0	0.0
96	-0.8196721311475414	-3.9525691699604764	-3.053435114503813	-3.2793167400888166	40.655283802491844	0.8129700049451767	-3.2258064516128115	2.173913043478259	1.5222642541361182	1.4126589559318532	0.5181168768314279	-1.8968480921155475	0.8013925327952052	1.0656829593195951	0.7648182473741514	0.0	0.0	0.0	0.0	0.0	0.08150668309011067	0.0	0.1806140878988561	0.0	0.22365110427732737	0.0
97	2.0491803278688465	-10.276679841897227	-9.541984732824424	-2.99093936670171	0.0	-0.39007213137117747	-3.225806451613167	1.08695652173913	1.2442459322728325	1.5339113701181617	0.918263053090044	-1.5639442429241797	0.6216050440499146	0.6455579465108698	0.5736139033126122	0.0	0.0	0.0	0.0	0.0	-0.04395866054298103	0.0	0.15051173991571346	0.0	0.08386916410399775	0.0
98	-49.59016393442623	-24.901185770751	-19.465648854961835	-1.7379008370780582	0.0	-0.4344081987620001	-6.451612903225623	1.08695652173913	-6.503805660635294	2.111328372083939	2.7487502755049817	-0.08322253511803979	-1.6104351427050432	-1.2603750384260053	-1.5296369303123427	0.0	0.0	0.0	0.0	0.0	2.366441225897146	0.8385780186236345	17.248645394340755	0.6913890634820867	16.019010343863574	1.1739594450373532
99	-10.655737704918032	-8.300395256916998	-7.25190839694656	-6.537317229838507	0.0	98.08331770202753	-3.2258064516128115	93.47826086956522	-93.49619433936462	2.6644003225042567	4.463989080653263	1.2820076018676332	-3.961059150845088	-3.0074802746183167	-4.015296452060284	0.0	0.0	0.0	0.0	100.0	1.245495382051129	3.456347641177782	3.521974714027696	11.125078566939033	3.326810176125246	10.672358591248667
100	-0.4098360655737703	0.39525691699604515	4.198473282442738	-8.896728795947425	0.0	-1.0239926333918845	6.451612903225623	-27.17391304347825	11.963903194931813	1.5526495553331898	0.9649888409734686	-1.5335601861583967	-0.28689466923674445	0.5943231888513054	-0.38240912368704016	0.0	0.0	0.0	0.0	0.0	1.9813450434320723	0.9106031245176887	-1.0836845273931353	6.159648020113135	-1.006429969247975	1.494130202774814
101	1.2295081967213117	2.3715415019762873	4.1984732824427615	-9.749000225928256	0.0	-17.746363589857282	-3.2258064516128115	-14.130434782608688	20.80579736566248	1.1006612020509223	-0.4231438254371369	-2.6302932750476202	2.4347792141770555	2.013525976022109	2.485659521747955	0.0	0.0	0.0	0.0	0.0	20.250289623466596	14.918628779174457	31.246237206502105	-3.142677561282211	29.13055633212189	-0.26680896478121774
102	-0.8196721311475414	-4.347826086956524	-6.870229007633589	10.415965901101252	0.0	-0.17393380284092075	6.451612903225623	-6.5217391304347885	6.581286176564397	1.2014840729230585	-0.0869573048849901	-2.348657235145879	2.5361489457768727	1.6702530997029044	2.485659957311981	0.0	0.0	0.0	0.0	0.0	24.907160224738654	25.53804468986332	48.73570138470801	41.10622250157134	47.66564159910539	38.847385272145154
103	-1.2295081967213113	1.185770750988141	1.9083969465648831	10.312049335689231	0.0	-23.365107514963405	3.225806451613167	-9.78260869565218	7.907570302173994	1.1732909956260258	-0.15093000297365933	-2.385550208160325	1.9833985177571662	1.7368582846603289	2.1032503980610073	0.0	0.0	100.0	0.0	0.0	-24.216642932042657	-18.837137516505752	-49.789283564118	5.028284098051543	-45.932345540956106	1.8676627534685082
104	0.4098360655737703	1.1857707509881468	2.2900763358778553	10.713854655168078	0.0	-21.516634551438372	6.451612903225623	-4.347826086956523	4.379927988696949	1.3901779610175637	0.5280299611479577	-1.8413538122603939	1.1667049591774372	1.0349421047237684	1.1472273710611844	0.0	0.0	0.0	0.0	0.0	-4.127992966614315	-6.95128016051309	-16.782059000602047	-23.50722815839095	-15.58568632932625	-18.67662753468516
105	0.0	4.347826086956519	5.72519083969466	0.5751437096231768	0.0	-14.367017376327944	-3.2258064516128115	-6.521739130434785	3.2769700560594472	1.6605341775269409	1.3541852856705248	-1.1911344446095313	0.3098462079133668	0.17932165180862114	0.38240912368704016	0.0	0.0	0.0	0.0	-100.0	2.4635166012628957	1.2621542366196188	6.742925948223963	-7.039597737272157	7.3804864411518025	-5.389541088580582
106	0.0	3.1620553359683825	1.9083969465648956	0.6326241712703649	0.0	-6.21898606824344	0.0	-2.1739130434782616	1.2032268356046316	1.6878160449437232	1.437948879604626	-1.1249689383710404	0.7057606858645613	0.09222256378729554	0.5736139033126051	0.0	0.0	0.0	0.0	0.0	12.33132008773416	10.496801742321608	6.321493076459966	-3.5197988686360766	5.828906905227846	-5.923159018143007
107	-0.4098360655737703	2.3715415019762833	1.9083969465648707	-0.9491277513264578	0.0	-2.4052316559521163	0.0	-2.1739130434782474	-1.2214575452349976	0.907120265027352	-0.8782037252329289	-2.9057146361998747	1.6123477709281389	2.479762270724443	1.7208412743737966	0.0	1.771873487381821	0.0	0.0	0.0	42.350964114164306	38.801810916948185	42.7453341360626	23.192960402262734	45.51299972043612	25.026680896478126
108	0.0	5.9288537549407145	5.725190839694662	1.32029366591145	7.328103368712561	2.6141227426973384	-3.2258064516128115	-3.260869565217405	2.251492639350964	3.6486400785056077	4.056724223433591	2.58017354938049	1.2164332929769444	2.218465006660523	1.1472278066253097	0.0	4.5853078350004175	0.0	0.0	0.0	20.41055557336287	29.565448527772546	5.975316074653833	43.117536140791955	7.352530053117135	44.3436499466382
109	-1.639344262295082	7.114624505928852	8.3969465648855	1.4960107023162976	0.0	-1.9657077571065606	-3.225806451613167	-2.1739130434782545	2.620664509366044	3.7152584309841643	4.299795628892255	2.770745397624623	2.191875429848352	1.9366738395326877	2.103250398060922	0.0	8.841549397676506	0.0	0.0	0.0	-61.06819545119443	-62.48606657177645	-55.47862733293197	-16.027655562539294	-56.70953312831982	-12.913553895410871
110	-0.8196721311475408	13.833992094861664	11.450381679389295	0.4975787414935553	0.0	-3.040004774653413	3.225806451613167	-1.0869565217391362	3.5732190875529923	3.179857441209009	2.8075128209786158	1.6306868898721234	3.21704546474173	3.4378522389589534	3.2504777691220994	28.195488721804512	17.35147898237433	0.0	0.0	0.0	-20.409181865220916	-20.421689846174953	-12.7633955448525	-45.94594594594594	-15.222253284875595	-48.23906083244398
111	0.0	1.1857707509881337	-1.5267175572518994	2.12125779131091	0.0	2.1153419845505876	0.0	-1.086956521739122	1.3034957385716766	3.2566975240141858	3.098263968580369	1.8593144102932229	3.249560144533703	3.1048263141714756	3.2504782046861322	23.1203007518797	18.786568830120892	0.0	100.0	0.0	-3.9819220008516965	-3.196542794917084	-4.575556893437685	-13.136392206159648	-3.857981548783897	-13.287086446104588
112	-0.40983606557377045	-0.7905138339920867	0.7633587786259568	2.183042114293116	0.0	-1.1182067765973773	3.2258064516128115	-1.0869565217391433	2.196800510459866	3.266745525781147	3.1901798134544634	1.9349614912579653	3.5804452629006818	2.9767394200225965	3.6328873283732577	12.218045112781951	6.346286215590325	0.0	0.0	0.0	-7.225246924038519	-6.453963953149384	-9.753160746538232	-5.091137649277183	-10.567514677103718	-5.976520811099254
113	0.8196721311475409	-3.9525691699604764	-6.106870229007619	1.9657369197890517	0.0	-2.1349521682042187	0.0	0.0	3.1584704434619653	3.1297268657953623	2.868905358020072	1.694665789362574	4.5061586301949745	3.2739010144481995	4.58890991980887	9.210526315789487	2.368096857499374	0.0	0.0	0.0	-4.195762568284742	-4.480990516694391	-6.441902468392534	-6.222501571338782	-7.156835336874476	-8.324439701173961
114	0.8196721311475409	-7.905138339920946	-8.396946564885514	0.4019086335449913	0.0	1.6459765018842827	-3.2258064516128115	-1.086956521739122	3.5048539264390968	3.2965032023795544	3.3906197908651166	2.0980687651416474	2.3506235723623945	2.7051952044266727	2.294455177686416	3.5714285714285694	3.376688670621064	0.0	0.0	0.0	14.894201577932751	10.289300842007785	20.89102950030102	-0.5656819610307986	21.79200447302209	0.1067235859124871
115	-0.4098360655737705	-1.5810276679841913	-0.7633587786259532	0.6323685231286049	0.0	-2.8034036457889258	-3.225806451613167	-1.0869565217391326	3.0217401212342025	3.3951125272764244	3.7097947948354744	2.3456723451737957	1.7366686054270275	2.3465519008095015	1.7208412743737824	5.263157894736835	8.321364793710792	0.0	0.0	0.0	56.4928315330125	64.80544646991237	55.55388320288983	29.41546197360151	55.842885099245166	32.497331910352194
116	0.4098360655737705	3.557312252964426	0.7633587786259532	0.9414934008060669	0.0	-3.650904626298108	0.0	-1.0869565217391326	2.538626316029365	3.5433250206253746	4.152378016953222	2.6862962304329017	2.145972352494937	1.8649451788093927	2.1032503980610215	7.330827067669162	5.801417385299217	0.0	0.0	0.0	20.566700398833262	2.298801296451913	0.9331727874774316	64.36203645505971	0.7967570589879784	62.96691568836712
117	0.40983606557377006	8.300395256916993	4.580152671755734	1.6302692690167078	0.0	-2.647374793240455	-3.2258064516128115	-2.1739130434782545	3.559546055330202	2.9439725751803536	2.5829658974045913	1.4958987294461394	4.544411194656121	3.437852238958868	4.588910355372889	5.075187969924826	9.439588618926052	-100.0	-100.0	0.0	-70.48404895895818	-54.498996793167905	-52.18242022877786	-32.74670018856065	-52.991333519709244	-33.61792956243329
118	0.40983606557377117	-0.7905138339920867	-4.580152671755734	1.4451515039736904	0.0	-1.3040772129665943	-3.2258064516128115	0.0	2.7984139282621925	2.816091396399486	2.303331029960887	1.2887867096928574	3.6990282127304965	3.6940260272568395	3.6328868928091396	2.6315789473684106	7.385747497955748	0.0	0.0	0.0	-8.744110226341308	-14.151218424708036	-11.604455147501504	-42.928975487115025	-11.210511601901032	-40.02134471718251
119	-1.2295081967213117	-3.5573122529644294	-3.4351145038167807	1.6935999505525103	0.0	-0.8935422812611906	-3.2258064516128115	0.0	2.593318444920456	2.9340460499911387	2.675079011460298	1.5764409032308322	3.064034771119225	3.284147965980111	3.0592734250606526	3.383458646616546	5.624031427843462	0.0	0.0	0.0	31.69602586234528	22.558434654365236	14.223359422034921	-2.0741671904462606	14.481409001956944	-3.6286019210245435
