Time,Cases1,Cases2,Cases3,Cases4,Cases5,Hosp1,Hosp2,Deaths1,Deaths2,Deaths3,Deaths4,Deaths5,Vax1,Vax3,Gather1,Gather2,Gather3,Gather4,Curfew,Mask1,Mask2,School,ARP,PPP,CARES,Cons1,Cons2,Cons3,Cons4,Cons5,Employment1,Employment2,UI,PartR,CPI,CPIU,PCE,PCEC,RPFI,FixAss,Prod,GDP,TBill1mo,TBill6mo,TBill1yr,TBill5yr,TBill10yr,TBill30yr,FFR
2012-03-01,0.6053436571725138,0.2692846654846983,0.36203849146912637,0.2975706850197396,0.3163292701831599,0.4534714592957473,0.30977245446651136,0.818221718298526,0.8269867219586109,0.4302109789922408,0.5172690763052178,0.4319066147859912,0.015503875968992246,0.03036876355748373,0.040169133192389,0.24401913875598089,0.5452261306532663,0.8118811881188118,0.7140430267247977,0.6762178107946413,0.9422850412249705,0.9936608557844692,0.6690140845070423,0.0,0.0,0.5,0.5391141453508478,0.5316213048193554,0.5478465548012303,0.5369893338402265,0.6046854571867923,0.6060634957787118,0.0,0.0,0.5,0.5,0.5,0.5,0.5,0.5,0.5,0.4898555265684134,0.0343915343915344,0.0,0.0,0.0,0.0,0.0,0.0
2012-04-01,0.4961107855084709,0.27534986870403877,0.39918959113908487,0.31553737470520077,0.35437790529340296,0.4855774958191561,0.34348367392013407,0.8067005595991368,0.821284740220902,0.41367091940953865,0.5028112449799159,0.39911061700945016,0.01808785529715762,0.03036876355748373,0.03805496828752642,0.21291866028708137,0.5150753768844221,0.7871287128712872,0.7124224274824323,0.6783250770869589,0.9422850412249705,0.9936608557844692,0.6690140845070423,0.0,0.0,0.5,0.5391141453508478,0.5316213048193554,0.5478465548012303,0.5369893338402265,0.6046854571867923,0.6060634957787118,0.0,0.0,0.5,0.5,0.5,0.5,0.5,0.5,0.5,0.46901243133422943,0.03703703703703705,0.0,0.0,0.0,0.0,0.0,0.0
2012-05-01,0.5329767118744513,0.280488993681953,0.5535984824296997,0.39129320033114157,0.5131820392240298,0.6184809917377821,0.4846246332393957,0.8229399070992283,0.8222815901750469,0.26953588374852383,0.4626506024096368,0.2640355753196258,0.01808785529715762,0.03253796095444685,0.040169133192389,0.18181818181818185,0.4522613065326633,0.7252475247524752,0.7125241179411155,0.6803997583687417,0.9422850412249705,0.9936608557844692,0.6690140845070423,0.0,0.0,0.5,0.5391141453508478,0.5316213048193554,0.5478465548012303,0.5369893338402265,0.6046854571867923,0.6060634957787118,0.0,0.0,0.5,0.5,0.5,0.5,0.5,0.5,0.5,0.2832134236445018,0.04232804232804233,0.0,0.0,0.0,0.0,0.0,0.0
2012-06-01,0.5235732772905302,0.2820365191643362,0.5144428294651855,0.37214860090315327,0.47295230619014095,0.5847460749896872,0.4488961760668921,0.8184777440474013,0.8208461262410782,0.3176371158872454,0.4642570281124557,0.29849916620344075,0.012919896640826873,0.03253796095444685,0.040169133192389,0.16985645933014354,0.40703517587939697,0.6683168316831684,0.7121694146529001,0.6824418546399897,0.9422850412249705,0.9952456418383518,0.6690140845070423,0.0,0.0,0.5,0.5391141453508478,0.5316213048193554,0.5478465548012303,0.5369893338402265,0.6046854571867923,0.6060634957787118,0.0,0.0,0.5,0.5,0.5,0.5,0.5,0.5,0.5,0.3450898129961927,0.04232804232804233,0.0,0.0,0.0,0.0,0.0,0.0
2012-07-01,0.5906014803737885,0.28770570208306673,0.45938906065518526,0.3450241597750556,0.41626134580883045,0.5374165527771813,0.3984645488752463,0.80809041366446,0.8237968021053471,0.3606751413889343,0.4642570281124443,0.3463035019455266,0.01808785529715762,0.03253796095444685,0.040169133192389,0.14832535885167467,0.3844221105527638,0.6410891089108911,0.7153453635498721,0.6842797719867937,0.9422850412249705,0.9968304278922345,0.6690140845070423,0.0,0.0,0.5,0.5391141453508478,0.5316213048193554,0.5478465548012303,0.5369893338402265,0.6046854571867923,0.6060634957787118,0.0,0.0,0.5,0.5,0.5,0.5,0.5,0.5,0.5,0.40712714074421674,0.04232804232804233,0.0,0.0,0.0,0.0,0.0,0.0
2012-08-01,0.5449602458190703,0.2824706183400047,0.26736712525828576,0.2499240242163054,0.21822619178731317,0.37258057154089835,0.22209542622118114,0.8116747741487144,0.8250328960484868,0.5736708717261573,0.43212851405622554,0.5125069483046181,0.02325581395348837,0.03036876355748373,0.03805496828752642,0.16985645933014354,0.42211055276381904,0.6856435643564356,0.7163804291985412,0.6861191588421034,0.9422850412249705,0.9984152139461173,0.6690140845070423,0.0,0.0,0.5,0.5391141453508478,0.5316213048193554,0.5478465548012303,0.5369893338402265,0.6046854571867923,0.6060634957787118,0.0,0.0,0.5,0.5,0.5,0.5,0.5,0.5,0.5,0.6544999908956352,0.0343915343915344,0.0,0.0,0.0,0.0,0.0,0.0
2012-09-01,0.5495454172092236,0.27220607677919734,0.28727725432561846,0.2593454872705326,0.2384899429819432,0.38988980446991217,0.23996488299953672,0.839252404813284,0.8252322660393158,0.5346835499697278,0.48112449799196316,0.49527515286270263,0.020671834625322995,0.03036876355748373,0.03805496828752642,0.16028708133971295,0.43216080402010043,0.7128712871287128,0.7176382908107483,0.6879600153027118,0.9422850412249705,0.9984152139461173,0.6690140845070423,0.0,0.0,0.5,0.5391141453508478,0.5316213048193554,0.5478465548012303,0.5369893338402265,0.6046854571867923,0.6060634957787118,0.0,0.0,0.5,0.5,0.5,0.5,0.5,0.5,0.5,0.6120910821344223,0.03703703703703705,0.0,0.0,0.0,0.0,0.0,0.0
2012-10-01,0.47808301439713496,0.2923650332352421,0.2911001711260112,0.26083675359807246,0.24218550594881658,0.3933709986074548,0.24309377599755938,0.8258659156578033,0.8243151640815025,0.45468355458425286,0.5759036144578348,0.4919399666481389,0.02842377260981912,0.03253796095444685,0.03805496828752642,0.16985645933014354,0.4396984924623115,0.7178217821782178,0.715718727765593,0.690480809051333,0.9422850412249705,1.0,0.6690140845070423,0.0,0.0,0.5,0.5391141453508478,0.5316213048193554,0.5478465548012303,0.5369893338402265,0.6046854571867923,0.6060634957787118,0.0,0.0,0.5,0.5,0.5,0.5,0.5,0.5,0.5,0.5090766294747028,0.04232804232804233,0.0,0.0,0.0,0.0,0.0,0.0
2012-11-01,0.5334487585774558,0.28032601609670205,0.5240541465436835,0.3764865256655415,0.4826051921992286,0.5932061300751731,0.4573225206491159,0.8081269887714422,0.8244746600741657,0.28388189224908494,0.4690763052208783,0.2884936075597495,0.031007751937984492,0.03036876355748373,0.03805496828752642,0.16028708133971295,0.414572864321608,0.693069306930693,0.7163986845641875,0.692982676126644,0.9422850412249705,1.0,0.6690140845070423,0.0,0.0,0.5,0.5391141453508478,0.5316213048193554,0.5478465548012303,0.5369893338402265,0.6046854571867923,0.6060634957787118,0.0,0.0,0.5,0.5,0.5,0.5,0.5,0.5,0.5,0.30472564197226726,0.04232804232804233,0.0,0.0,0.0,0.0,0.0,0.0
2012-12-01,0.5255992788607377,0.29332766719672454,0.49102568362265747,0.3600891240796158,0.4485179540717509,0.564873517260183,0.42694850944872204,0.81160162393475,0.8275848319310978,0.3448101478246569,0.440160642570286,0.31739855475264594,0.010335917312661497,0.02603036876355748,0.03382663847780126,0.1674641148325359,0.43216080402010043,0.7128712871287128,0.7167003344825771,0.695465616335059,0.9422850412249705,1.0,0.6619718309859155,0.0,0.0,0.5,0.5391141453508478,0.5316213048193554,0.5478465548012303,0.5369893338402265,0.6046854571867923,0.6060634957787118,0.0,0.0,0.5,0.5,0.5,0.5,0.5,0.5,0.5,0.38644503043538864,0.04232804232804233,0.0,0.0,0.0,0.0,0.0,0.0
2013-01-01,0.579530332088815,0.2948569148190796,0.3425481631769436,0.30646061794148094,0.2610738382819769,0.4424856124185157,0.2808513114162248,0.8103214951903734,0.8255512580246421,0.42683545662842204,0.5477911646586291,0.43413007226236966,0.012919896640826873,0.023861171366594356,0.03171247357293869,0.19377990430622014,0.4798994974874371,0.7623762376237624,0.7190222308270332,0.7001824900745939,0.9529422850412249,0.9984152139461173,0.6619718309859155,0.0,0.0,0.5,0.5391141453508478,0.5316213048193554,0.5478465548012303,0.5369893338402265,0.6046854571867923,0.6060634957787118,0.0,0.0,0.5,0.5,0.5,0.5,0.5,0.5,0.5,0.488572451107093,0.03703703703703705,0.0,0.0,0.0,0.0,0.0,0.0
2013-02-01,0.5528631459680967,0.2803077382366739,0.23060902431825597,0.24994446578348675,0.14530673611486883,0.3468201928400166,0.17722118155339855,0.8142716067444496,0.829100043861398,0.5618565434527971,0.4787148594377576,0.5314063368538073,0.020671834625322995,0.02603036876355748,0.03382663847780126,0.20334928229665072,0.4974874371859296,0.7846534653465347,0.7200935245446982,0.7049078215702369,0.9529422850412249,0.9936608557844692,0.6408450704225352,0.0,0.0,0.5,0.5391141453508478,0.5316213048193554,0.5478465548012303,0.5369893338402265,0.6046854571867923,0.6060634957787118,0.0,0.0,0.5,0.5,0.5,0.5,0.5,0.5,0.5,0.6306631223540836,0.03968253968253969,0.0,0.0,0.0,0.0,0.0,0.0
2013-03-01,0.6286902048107798,0.26744621739686714,0.551119210432941,0.4106031961168157,0.47668308107291446,0.6211120149138882,0.4732172911142464,0.8100288943345159,0.8237569281071814,0.23898732944729356,0.4562248995983839,0.2523624235686447,0.020671834625322995,0.023861171366594356,0.03171247357293869,0.19617224880382775,0.4924623115577889,0.7821782178217822,0.7247468182918838,0.7096416106284025,0.9529422850412249,0.9904912836767037,0.619718309859155,0.0,0.0,0.5,0.5391141453508478,0.5316213048193554,0.5478465548012303,0.5369893338402265,0.6046854571867923,0.6060634957787118,0.0,0.0,0.5,0.5,0.5,0.5,0.5,0.5,0.5,0.2644921257929878,0.03703703703703705,0.0,0.0,0.0,0.0,0.0,0.0
2013-04-01,0.5646573991799978,0.2744039894475821,0.5170408016382062,0.3936350569610899,0.4414585747447432,0.5919107546703795,0.4418163394922781,0.8233788083830145,0.8254316360301448,0.2676793464484213,0.4441767068273105,0.28237909949972645,0.012919896640826873,0.01952277657266811,0.025369978858350947,0.16985645933014354,0.4422110552763819,0.7252475247524752,0.7284267332355303,0.7117226518756303,0.9529422850412249,0.9873217115689382,0.5985915492957746,0.0,0.0,0.5,0.5391141453508478,0.5316213048193554,0.5478465548012303,0.5369893338402265,0.6046854571867923,0.6060634957787118,0.0,0.0,0.5,0.5,0.5,0.5,0.5,0.5,0.5,0.2845791550208805,0.03968253968253969,0.0,0.0,0.0,0.0,0.0,0.0
2013-05-01,0.5425400332785106,0.2821142000694558,0.4238142794748887,0.3466077616448536,0.34504734390188374,0.5122241282767402,0.35553547217540793,0.820745400680297,0.8265481079787871,0.36573842493466246,0.4690763052208897,0.3629794330183454,0.005167958656330749,0.017353579175704986,0.025369978858350947,0.20095693779904308,0.4849246231155778,0.7698019801980198,0.7310628458971761,0.7138045925216882,0.9529422850412249,0.9841521394611727,0.5774647887323944,0.0,0.0,0.5,0.5391141453508478,0.5316213048193554,0.5478465548012303,0.5369893338402265,0.6046854571867923,0.6060634957787118,0.0,0.0,0.5,0.5,0.5,0.5,0.5,0.5,0.5,0.406835582959781,0.029100529100529106,0.0,0.0,0.0,0.0,0.0,0.0
2013-06-01,0.5193332924139841,0.2838551662371369,0.3256835473844688,0.2967239326566812,0.24353330962163855,0.42846991746961444,0.2644774686242348,0.8159906367726125,0.8250727700466526,0.44270045019270493,0.5148594377510008,0.44747081712061676,0.007751937984496123,0.01952277657266811,0.02959830866807611,0.28708133971291866,0.5778894472361809,0.8415841584158416,0.7325952057159234,0.7158874326633686,0.9529422850412249,0.9809825673534073,0.5492957746478874,0.0,0.0,0.5,0.5391141453508478,0.5316213048193554,0.5478465548012303,0.5369893338402265,0.6046854571867923,0.6060634957787118,0.0,0.0,0.5,0.5,0.5,0.5,0.5,0.5,0.5,0.48826749926619073,0.02380952380952381,0.0,0.0,0.0,0.0,0.0,0.0
2013-07-01,0.5988114420376043,0.3052037067500137,0.38468221419631615,0.32635725487560346,0.30453703531036647,0.4789414323105174,0.3190008216304,0.8214037526059763,0.822839826149368,0.4263290898195059,0.48514056224898766,0.396331295163983,0.005167958656330749,0.015184381778741865,0.025369978858350947,0.3349282296650718,0.6482412060301507,0.8935643564356436,0.7358198703186933,0.7211836445960518,0.9529422850412249,0.9778129952456419,0.5281690140845071,0.0,0.0,0.5,0.5391141453508478,0.5316213048193554,0.5478465548012303,0.5369893338402265,0.6046854571867923,0.6060634957787118,0.0,0.0,0.5,0.5,0.5,0.5,0.5,0.5,0.5,0.4880507891371031,0.02380952380952381,0.0,0.0,0.0,0.0,0.0,0.0
2013-08-01,0.5940342902576501,0.2500137083950211,0.3651358998952034,0.31618098431540126,0.2842973242915302,0.4623367512266793,0.3007137786869706,0.8139790058885922,0.8277044539255952,0.44337555466547196,0.47630522088354066,0.4130072262368018,0.010335917312661497,0.015184381778741865,0.02748414376321353,0.3636363636363637,0.6884422110552764,0.9306930693069306,0.7388277064014859,0.7264933462528769,0.9529422850412249,0.9762282091917591,0.5140845070422535,0.0,0.0,0.5,0.5391141453508478,0.5316213048193554,0.5478465548012303,0.5369893338402265,0.6046854571867923,0.6060634957787118,0.0,0.0,0.5,0.5,0.5,0.5,0.5,0.5,0.5,0.508087151477284,0.021164021164021166,0.0,0.0,0.0,0.0,0.0,0.0
2013-09-01,0.611675899031946,0.28035343288674425,0.43959077891309417,0.3539748977359786,0.36131479574541514,0.5259014285861636,0.36976840203216266,0.8150762590980578,0.8253120140356474,0.36438821598913385,0.47309236947791417,0.34852695942189715,0.005167958656330749,0.008676789587852493,0.025369978858350947,0.38277511961722493,0.7060301507537688,0.9381188118811881,0.7426832852001057,0.7318165374402582,0.9529422850412249,0.971473851030111,0.471830985915493,0.0,0.0,0.5,0.5391141453508478,0.5316213048193554,0.5478465548012303,0.5369893338402265,0.6046854571867923,0.6060634957787118,0.0,0.0,0.5,0.5,0.5,0.5,0.5,0.5,0.5,0.38644503043538864,0.021164021164021166,0.0,0.0,0.0,0.0,0.0,0.0
2013-10-01,0.5757022745765366,0.28099315798772945,0.35432990881050214,0.3102215165656338,0.27308091482009383,0.4532654336210474,0.29039619590631793,0.779488680004389,0.826747477969616,0.37063289390784976,0.55502008032128,0.4219010561422999,0.02842377260981912,0.017353579175704986,0.025369978858350947,0.32775119617224885,0.6582914572864321,0.9108910891089109,0.7446482863152879,0.7354007986785505,0.9529422850412249,0.9698890649762283,0.4647887323943662,0.0,0.0,0.5,0.5391141453508478,0.5316213048193554,0.5478465548012303,0.5369893338402265,0.6046854571867923,0.6060634957787118,0.0,0.0,0.5,0.5,0.5,0.5,0.5,0.5,0.5,0.4269236247433059,0.02380952380952381,0.0,0.0,0.0,0.0,0.0,0.0
2013-11-01,0.5775464414953728,0.27656077693090353,0.3624768962131148,0.31412211979706967,0.2814892400699869,0.4602971264531955,0.29780600275093205,0.8461651000329176,0.8289405478687348,0.42227850143727325,0.5253012048192782,0.4146748193440837,0.012919896640826873,0.021691973969631236,0.025369978858350947,0.32775119617224885,0.6834170854271356,0.9405940594059405,0.7467041674143177,0.7389875914361064,0.9529422850412249,0.9698890649762283,0.45774647887323944,0.0,0.0,0.5,0.5391141453508478,0.5316213048193554,0.5478465548012303,0.5369893338402265,0.6046854571867923,0.6060634957787118,0.0,0.0,0.5,0.5,0.5,0.5,0.5,0.5,0.5,0.4672993994296326,0.021164021164021166,0.0,0.0,0.0,0.0,0.0,0.0
2013-12-01,0.5705830052417609,0.2837333138369493,0.33393897178131743,0.2991653901938557,0.25193089191430534,0.43608627609762535,0.2710448450361306,0.8226473062433708,0.8201283942740939,0.45400845011149127,0.49317269076304804,0.4391328515842153,0.005167958656330749,0.021691973969631236,0.02748414376321353,0.37799043062200965,0.728643216080402,0.9628712871287128,0.7484331575787118,0.7425769157129258,0.9529422850412249,0.9698890649762283,0.45070422535211274,0.0,0.0,0.5,0.5391141453508478,0.5316213048193554,0.5478465548012303,0.5369893338402265,0.6046854571867923,0.6060634957787118,0.0,0.0,0.5,0.5,0.5,0.5,0.5,0.5,0.5,0.5074704493765487,0.02380952380952381,0.0,0.0,0.0,0.0,0.0,0.0
2014-01-01,0.540573602679983,0.28607135676554984,0.40400664859820334,0.2999563013342966,0.26579916839865164,0.5251215002931641,0.2800427051868778,0.8253172890530704,0.8253120140356474,0.44556964420194434,0.45622489959839535,0.43413007226236966,0.005167958656330749,0.015184381778741865,0.025369978858350947,0.39473684210526316,0.7185929648241205,0.9331683168316831,0.7514496399821211,0.7469795247694283,0.9603392226148408,0.9683042789223455,0.45070422535211274,0.0,0.0,0.5,0.5391141453508478,0.5316213048193554,0.5478465548012303,0.5369893338402265,0.6046854571867923,0.6060634957787118,0.0,0.0,0.5,0.5,0.5,0.5,0.5,0.5,0.5,0.5071643687139576,0.018518518518518524,0.0,0.0,0.0,0.0,0.0,0.0
2014-02-01,0.5612254604463381,0.2786581613691335,0.4898278194494866,0.34409297442707854,0.3546860771547077,0.5981827029661261,0.3600364073745844,0.8111261475439815,0.8241556680888393,0.39324893219976476,0.43212851405622554,0.3596442468037737,0.012919896640826873,0.017353579175704986,0.025369978858350947,0.3636363636363637,0.6809045226130652,0.905940594059406,0.7554554713370026,0.7513949255770893,0.9603392226148408,0.9683042789223455,0.44366197183098594,0.0,0.0,0.5,0.5391141453508478,0.5316213048193554,0.5478465548012303,0.5369893338402265,0.6046854571867923,0.6060634957787118,0.0,0.0,0.5,0.5,0.5,0.5,0.5,0.5,0.5,0.42661706933130766,0.018518518518518524,0.0,0.0,0.0,0.0,0.0,0.0
2014-03-01,0.5387503992548277,0.2736226109313788,0.3960319587653655,0.2955321089208764,0.25788657006283394,0.5183176046708706,0.2726380525078508,0.8305109542445411,0.829100043861398,0.430717345801157,0.5381526104417611,0.4402445803224085,0.012919896640826873,0.017353579175704986,0.02748414376321353,0.3923444976076555,0.6834170854271356,0.8960396039603961,0.7583955769571884,0.7558231180391158,0.9603392226148408,0.9683042789223455,0.44366197183098594,0.0,0.0,0.5,0.5391141453508478,0.5316213048193554,0.5478465548012303,0.5369893338402265,0.6046854571867923,0.6060634957787118,0.0,0.0,0.5,0.5,0.5,0.5,0.5,0.5,0.5,0.48672750752784855,0.021164021164021166,0.0,0.0,0.0,0.0,0.0,0.0
2014-04-01,0.5339270060743212,0.27464464793795274,0.3994671587499764,0.29712091363895354,0.26163560336733427,0.5212338543139738,0.2758557125109301,0.8124062762883582,0.8304158858008693,0.42379744804664726,0.5381526104417725,0.4369093941078368,0.005167958656330749,0.010845986984815618,0.02325581395348837,0.40669856459330145,0.6809045226130652,0.8712871287128713,0.7565379796429079,0.7599138622936221,0.9603392226148408,0.9683042789223455,0.44366197183098594,0.0,0.0,0.5,0.5391141453508478,0.5316213048193554,0.5478465548012303,0.5369893338402265,0.6046854571867923,0.6060634957787118,0.0,0.0,0.5,0.5,0.5,0.5,0.5,0.5,0.5,0.4865172962337585,0.02380952380952381,0.0,0.0,0.0,0.0,0.0,0.0
2014-05-01,0.5372902238315039,0.2790709363747692,0.41320850846179413,0.3040635139878942,0.27600148210272074,0.5329263922048404,0.2886749831637536,0.8174902161588823,0.8260696200007975,0.4254852476828989,0.5277108433734952,0.42468037798776703,0.007751937984496123,0.010845986984815618,0.021141649048625793,0.38038277511961727,0.6432160804020101,0.8391089108910891,0.7548296894975927,0.7639510254339149,0.9603392226148408,0.9683042789223455,0.4366197183098592,0.0,0.0,0.5,0.5391141453508478,0.5316213048193554,0.5478465548012303,0.5369893338402265,0.6046854571867923,0.6060634957787118,0.0,0.0,0.5,0.5,0.5,0.5,0.5,0.5,0.5,0.4663520639259441,0.02380952380952381,0.0,0.0,0.0,0.0,0.0,0.0
2014-06-01,0.5466511659690524,0.28023310364155896,0.45210951788235537,0.3241019650875112,0.31625754621301044,0.5660450489546363,0.32493167409914914,0.8271460444021799,0.8312133657641853,0.40236288103641005,0.47710843373493866,0.39077265147304074,0.005167958656330749,0.01301518438177874,0.021141649048625793,0.40191387559808617,0.6532663316582914,0.8465346534653465,0.7535539654276991,0.7679346074599942,0.9603392226148408,0.9683042789223455,0.4366197183098592,0.0,0.0,0.5,0.5391141453508478,0.5316213048193554,0.5478465548012303,0.5369893338402265,0.6046854571867923,0.6060634957787118,0.0,0.0,0.5,0.5,0.5,0.5,0.5,0.5,0.5,0.44628767841617856,0.02645502645502646,0.0,0.0,0.0,0.0,0.0,0.0
2014-07-01,0.5906041596035039,0.2856692438449306,0.426557294751415,0.3107101435098738,0.2900618616726556,0.5442803952643672,0.3011366603126672,0.8172707655169891,0.8276645799274294,0.3945991795996356,0.5333333333333272,0.4124513618677052,0.005167958656330749,0.01301518438177874,0.02325581395348837,0.40669856459330145,0.6381909547738693,0.8242574257425742,0.7549825854987267,0.7729182930117958,0.9603392226148408,0.9683042789223455,0.4295774647887324,0.0,0.0,0.5,0.5391141453508478,0.5316213048193554,0.5478465548012303,0.5369893338402265,0.6046854571867923,0.6060634957787118,0.0,0.0,0.5,0.5,0.5,0.5,0.5,0.5,0.5,0.446212758943782,0.02380952380952381,0.0,0.0,0.0,0.0,0.0,0.0
2014-08-01,0.6164771958300277,0.28214466316950276,0.5348246817865823,0.36694211817998756,0.4016042295711724,0.6364759211881988,0.40200368812832027,0.8165026882703632,0.8252322660393158,0.3431223866427475,0.41285140562248973,0.3190661478599278,0.007751937984496123,0.010845986984815618,0.02325581395348837,0.3899521531100479,0.6080402010050251,0.7920792079207921,0.7576391145139787,0.7779030849054643,0.9603392226148408,0.9683042789223455,0.4295774647887324,0.0,0.0,0.5,0.5391141453508478,0.5316213048193554,0.5478465548012303,0.5369893338402265,0.6046854571867923,0.6060634957787118,0.0,0.0,0.5,0.5,0.5,0.5,0.5,0.5,0.5,0.38644503043538864,0.02380952380952381,0.0,0.0,0.0,0.0,0.0,0.0
2014-09-01,0.6104071484173803,0.27653336014086133,0.5095292098450973,0.35376561048612876,0.37558499609792717,0.6149336843042337,0.378440632921454,0.8207819757872792,0.8301367678137087,0.35240507314324365,0.4843373493975896,0.34074485825458434,0.0025839793281653744,0.008676789587852493,0.02325581395348837,0.42344497607655507,0.6356783919597989,0.8069306930693069,0.760009558669527,0.7828889831409994,0.9603392226148408,0.9683042789223455,0.4225352112676056,0.0,0.0,0.5,0.5391141453508478,0.5316213048193554,0.5478465548012303,0.5369893338402265,0.6046854571867923,0.6060634957787118,0.0,0.0,0.5,0.5,0.5,0.5,0.5,0.5,0.5,0.38644503043538864,0.02380952380952381,0.0,0.0,0.0,0.0,0.0,0.0
2014-10-01,0.5698563048201557,0.2808362730224878,0.5433350572011076,0.3713908044601877,0.41034134527428934,0.6437242824096983,0.4099298330195238,0.8354485936871365,0.8276247059292636,0.34160340157903124,0.45622489959839535,0.3118399110617037,0.005167958656330749,0.010845986984815618,0.021141649048625793,0.37081339712918665,0.5778894472361809,0.7524752475247525,0.7629445242859653,0.7862030143287901,0.9603392226148408,0.9683042789223455,0.41549295774647893,0.0,0.0,0.5,0.5391141453508478,0.5316213048193554,0.5478465548012303,0.5369893338402265,0.6046854571867923,0.6060634957787118,0.0,0.0,0.5,0.5,0.5,0.5,0.5,0.5,0.5,0.366530751947438,0.02380952380952381,0.0,0.0,0.0,0.0,0.0,0.0
2014-11-01,0.5782067856277685,0.27651051281582617,0.5782081321514728,0.38964340875304493,0.4461186463338721,0.6734270537000517,0.44240685192593,0.8108701217951062,0.829299413852227,0.2740928389396726,0.4706827309236858,0.28237909949971857,0.010335917312661497,0.015184381778741865,0.02748414376321353,0.38755980861244027,0.5854271356783919,0.7524752475247525,0.7662764245511283,0.7895191737001875,0.9603392226148408,0.9683042789223455,0.4084507042253521,0.0,0.0,0.5,0.5391141453508478,0.5316213048193554,0.5478465548012303,0.5369893338402265,0.6046854571867923,0.6060634957787118,0.0,0.0,0.5,0.5,0.5,0.5,0.5,0.5,0.5,0.30670483289101214,0.02380952380952381,0.0,0.0,0.0,0.0,0.0,0.0
2014-12-01,0.5907647161219927,0.28430602011783124,0.6307705928456218,0.4172256267899378,0.49996774611366657,0.7181998439358559,0.4913515842236075,0.8194286968289382,0.8290202958650664,0.22616034446479094,0.4594377510040218,0.23846581434130099,0.007751937984496123,0.023861171366594356,0.04439746300211416,0.3923444976076555,0.5552763819095476,0.7004950495049505,0.7702058027841474,0.7928374611583988,0.9603392226148408,0.9683042789223455,0.4014084507042254,0.0,0.0,0.5,0.5391141453508478,0.5316213048193554,0.5478465548012303,0.5369893338402265,0.6046854571867923,0.6060634957787118,0.0,0.0,0.5,0.5,0.5,0.5,0.5,0.5,0.5,0.24657836823237916,0.03174603174603175,0.0,0.0,0.0,0.0,0.0,0.0
2015-01-01,0.7211868851247101,0.289716266686163,0.8277950229954018,0.537744786420456,0.48902929076561474,0.9492450017830769,0.55365608297384,0.8310961559562562,0.8257905020136369,0.09552743671338254,0.3646586345381502,0.062256809338526176,0.005167958656330749,0.017353579175704986,0.042283298097251586,0.32775119617224885,0.47236180904522607,0.6089108910891089,0.7789056083589666,0.7972394584843154,0.9598209658421673,0.9683042789223455,0.4014084507042254,0.0,0.0,0.5,0.5391141453508478,0.5316213048193554,0.5478465548012303,0.5369893338402265,0.6046854571867923,0.6060634957787118,0.0,0.0,0.5,0.5,0.5,0.5,0.5,0.5,0.5,0.06520263862566872,0.029100529100529106,0.0,0.0,0.0,0.0,0.0,0.0
2015-02-01,0.6184341042173042,0.27991324109106636,0.39956452240311535,0.31339424434684837,0.050565518377827606,0.5842887447013085,0.15526136043495883,0.8080538385574777,0.8286215558834085,0.4499578232749109,0.4650602409638538,0.420233463035018,0.005167958656330749,0.015184381778741865,0.04651162790697674,0.3516746411483254,0.4974874371859296,0.6361386138613861,0.7827582595540997,0.8016483272289074,0.9598209658421673,0.9683042789223455,0.4014084507042254,0.0,0.0,0.5,0.5391141453508478,0.5316213048193554,0.5478465548012303,0.5369893338402265,0.6046854571867923,0.6060634957787118,0.0,0.0,0.5,0.5,0.5,0.5,0.5,0.5,0.5,0.5071643687139576,0.029100529100529106,0.0,0.0,0.0,0.0,0.0,0.0
2015-03-01,0.6136000791971984,0.28101448215776226,0.3804857070496832,0.30314927387968466,0.0320656485210595,0.5677712073155473,0.1380058009606338,0.8147470831352182,0.8217632281988916,0.4565400918843499,0.5100401606425669,0.43579766536965153,0.005167958656330749,0.023861171366594356,0.05285412262156448,0.3636363636363637,0.5125628140703518,0.650990099009901,0.7863983568884223,0.8060640672953823,0.9598209658421673,0.9683042789223455,0.4084507042253521,0.0,0.0,0.5,0.5391141453508478,0.5316213048193554,0.5478465548012303,0.5369893338402265,0.6046854571867923,0.6060634957787118,0.0,0.0,0.5,0.5,0.5,0.5,0.5,0.5,0.5,0.5268995464237676,0.029100529100529106,0.0,0.0,0.0,0.0,0.0,0.0
2015-04-01,0.5910650450963951,0.2791851729999451,0.4590198268929192,0.344303626709098,0.11243408689891282,0.6347118831068496,0.21104804112093808,0.8257196152298745,0.8290601698632323,0.39105488111762915,0.5228915662650613,0.3702056698165616,0.005167958656330749,0.01952277657266811,0.04862579281183932,0.32296650717703357,0.4874371859296482,0.6410891089108911,0.7880020307542773,0.8090302330458133,0.9598209658421673,0.9698890649762283,0.4084507042253521,0.0,0.0,0.5,0.5391141453508478,0.5316213048193554,0.5478465548012303,0.5369893338402265,0.6046854571867923,0.6060634957787118,0.0,0.0,0.5,0.5,0.5,0.5,0.5,0.5,0.5,0.42649910361680954,0.03174603174603175,0.0,0.0,0.0,0.0,0.0,0.0
2015-05-01,0.5638120607902206,0.2833616640163769,0.34697656888689987,0.2850526009319224,0.0,0.5386543083339174,0.10790260840308344,0.8229033319922461,0.83145260975318,0.4810126674763619,0.48514056224899904,0.4630350194552582,0.0025839793281653744,0.017353579175704986,0.050739957716701894,0.368421052631579,0.5527638190954773,0.7326732673267327,0.7883274807743281,0.8120001338373602,0.9598209658421673,0.9698890649762283,0.4084507042253521,0.0,0.0,0.5,0.5391141453508478,0.5316213048193554,0.5478465548012303,0.5369893338402265,0.6046854571867923,0.6060634957787118,0.0,0.0,0.5,0.5,0.5,0.5,0.5,0.5,0.5,0.5463261569997493,0.03174603174603175,0.0,0.0,0.0,0.0,0.0,0.0
2015-06-01,0.5711068485971992,0.285477326314635,0.3774045249183052,0.3008503043553846,0.03175034142727934,0.5644380432057973,0.13649472718967892,0.8116747741487144,0.8241556680888393,0.46025316648454945,0.48273092369477066,0.4374652584769255,0.0025839793281653744,0.01952277657266811,0.05919661733615222,0.40191387559808617,0.5929648241206029,0.7698019801980198,0.789004909332331,0.8149737696700229,0.9598209658421673,0.9698890649762283,0.4084507042253521,0.0,0.0,0.5,0.5391141453508478,0.5316213048193554,0.5478465548012303,0.5369893338402265,0.6046854571867923,0.6060634957787118,0.0,0.0,0.5,0.5,0.5,0.5,0.5,0.5,0.5,0.5259031143216174,0.0343915343915344,0.0,0.0,0.0,0.0,0.0,0.0
2015-07-01,0.5609435899533363,0.2853387192094216,0.45389714864257247,0.34113492241594445,0.10919992111121948,0.6298452470695223,0.20724218592572405,0.8122234007534471,0.829698153833885,0.41316455260062246,0.4554216867469859,0.3735408560311333,0.007751937984496123,0.02603036876355748,0.06342494714587738,0.3899521531100479,0.5829145728643215,0.7599009900990099,0.7905115242373828,0.8178544790774126,0.9598209658421673,0.9698890649762283,0.4014084507042254,0.0,0.0,0.5,0.5391141453508478,0.5316213048193554,0.5478465548012303,0.5369893338402265,0.6046854571867923,0.6060634957787118,0.0,0.0,0.5,0.5,0.5,0.5,0.5,0.5,0.5,0.4460882639121812,0.0343915343915344,0.0,0.0,0.0,0.0,0.0,0.0
2015-08-01,0.574577584500352,0.2805103178519858,0.5099454255536446,0.3707758107860346,0.16543838307297687,0.6778982060585543,0.2588368933515094,0.8245492118064445,0.8235974321145182,0.34936710301581114,0.4425702811245029,0.32684824902723275,0.010335917312661497,0.04772234273318871,0.080338266384778,0.368421052631579,0.5452261306532663,0.7079207920792079,0.7926611516218198,0.8207385690706321,0.9598209658421673,0.9683042789223455,0.4014084507042254,0.0,0.0,0.5,0.5391141453508478,0.5316213048193554,0.5478465548012303,0.5369893338402265,0.6046854571867923,0.6060634957787118,0.0,0.0,0.5,0.5,0.5,0.5,0.5,0.5,0.5,0.38644503043538864,0.03703703703703705,0.0,0.0,0.0,0.0,0.0,0.0
2015-09-01,0.5998025955271521,0.2784098871037512,0.6137618322436648,0.4259545692156269,0.2684629344037819,0.7671901183764986,0.3538579485525668,0.7987271862770199,0.8233581881255234,0.2592405405388798,0.4899598393574216,0.24124513618677604,0.0025839793281653744,0.03904555314533622,0.07822410147991543,0.3564593301435407,0.5452261306532663,0.7301980198019802,0.7959981054854354,0.823626039552889,0.9598209658421673,0.9683042789223455,0.39436619718309857,0.0,0.0,0.5,0.5391141453508478,0.5316213048193554,0.5478465548012303,0.5369893338402265,0.6046854571867923,0.6060634957787118,0.0,0.0,0.5,0.5,0.5,0.5,0.5,0.5,0.5,0.28699818910469443,0.03703703703703705,0.0,0.0,0.0,0.0,0.0,0.0
2015-10-01,0.5404995939873015,0.2802178720915355,0.5211047635194819,0.3768050028061737,0.17610634474920933,0.6875974793149313,0.2688568820894407,0.8270728941882155,0.8307348777861957,0.3891983053631844,0.3935742971887539,0.3179544191217346,0.0025839793281653744,0.023861171366594356,0.05496828752642706,0.33253588516746413,0.5201005025125627,0.7153465346534653,0.7978407020325581,0.8230525799745209,0.9598209658421673,0.9667194928684628,0.38732394366197187,0.0,0.0,0.5,0.5391141453508478,0.5316213048193554,0.5478465548012303,0.5369893338402265,0.6046854571867923,0.6060634957787118,0.0,0.0,0.5,0.5,0.5,0.5,0.5,0.5,0.5,0.42624863828929027,0.03174603174603175,0.0,0.0,0.0,0.0,0.0,0.0
2015-11-01,0.5276933770139547,0.2850675976190041,0.46818256352938925,0.3486017422460075,0.12389856844055046,0.642001987319827,0.2205666057871642,0.8196481474708314,0.826946847960445,0.397468373608875,0.4706827309236972,0.3613118399110635,0.01808785529715762,0.07158351409978307,0.10147991543340379,0.3995215311004785,0.5678391959798994,0.75,0.7990808276339408,0.8224788389226487,0.9598209658421673,0.9683042789223455,0.3802816901408451,0.0,0.0,0.5,0.5391141453508478,0.5316213048193554,0.5478465548012303,0.5369893338402265,0.6046854571867923,0.6060634957787118,0.0,0.0,0.5,0.5,0.5,0.5,0.5,0.5,0.5,0.4460882639121812,0.03174603174603175,0.0,0.0,0.0,0.0,0.0,0.0
2015-12-01,0.5518370330384332,0.2870537917420628,0.5680903484780561,0.4018900655180112,0.22226880403165522,0.7281252752140195,0.3116399910441643,0.8360337953988515,0.8288607998724032,0.3063291544228068,0.43694779116465954,0.27959977765425137,0.04392764857881137,0.10845986984815617,0.13742071881606766,0.40669856459330145,0.5628140703517588,0.7351485148514851,0.8014594524237383,0.8219048164940655,0.9598209658421673,0.9698890649762283,0.3802816901408451,0.0,0.0,0.5,0.5391141453508478,0.5316213048193554,0.5478465548012303,0.5369893338402265,0.6046854571867923,0.6060634957787118,0.0,0.0,0.5,0.5,0.5,0.5,0.5,0.5,0.5,0.34669114019714875,0.0634920634920635,0.0,0.0,0.0,0.0,0.0,0.0
2016-01-01,0.5786517691592138,0.28861654877446946,0.4688522213268129,0.3107358181027088,0.26685693155992757,0.6083066945851254,0.2868600008387827,0.8309132804213452,0.8225607081622075,0.33113924379685733,0.5381526104417611,0.3557531962201213,0.059431524547803614,0.09327548806941431,0.11416490486257928,0.3636363636363637,0.5251256281407034,0.7079207920792079,0.805277613832045,0.8249943289090138,0.9610176678445229,0.9698890649762283,0.3732394366197183,0.0,0.0,0.5,0.5391141453508478,0.5316213048193554,0.5478465548012303,0.5369893338402265,0.6046854571867923,0.6060634957787118,0.0,0.0,0.5,0.5,0.5,0.5,0.5,0.5,0.5,0.36655568719683596,0.08994708994708997,0.0,0.0,0.0,0.0,0.0,0.0
2016-02-01,0.5979620536531796,0.28193599093418137,0.5488907441369708,0.35351288924712915,0.34528481670396394,0.6773979444823145,0.35963743951670996,0.8221718298526023,0.8264284859842896,0.29620254887701364,0.5140562248996028,0.29071706503613587,0.06718346253229973,0.09761388286334055,0.1120507399577167,0.291866028708134,0.4472361809045226,0.6485148514851485,0.810018825558654,0.8280896299214249,0.9610176678445229,0.971473851030111,0.36619718309859156,0.0,0.0,0.5,0.5391141453508478,0.5316213048193554,0.5478465548012303,0.5369893338402265,0.6046854571867923,0.6060634957787118,0.0,0.0,0.5,0.5,0.5,0.5,0.5,0.5,0.5,0.3068045550997388,0.10052910052910055,0.0,0.0,0.0,0.0,0.0,0.0
2016-03-01,0.5477557214366786,0.2786307445790913,0.3409365873594242,0.24227435799380473,0.14198442514829857,0.4977648297114281,0.17078247235950036,0.821915804103727,0.8281829419035848,0.4751055033396845,0.5036144578313254,0.4591439688715899,0.06459948320413436,0.10195227765726679,0.13953488372093023,0.33014354066985646,0.47487437185929643,0.6633663366336634,0.8123902549862388,0.8311907197248842,0.9610176678445229,0.971473851030111,0.36619718309859156,0.0,0.0,0.5,0.5391141453508478,0.5316213048193554,0.5478465548012303,0.5369893338402265,0.6046854571867923,0.6060634957787118,0.0,0.0,0.5,0.5,0.5,0.5,0.5,0.5,0.5,0.5455932999927877,0.09523809523809525,0.0,0.0,0.0,0.0,0.0,0.0
2016-04-01,0.5000919738202234,0.2803549560417466,0.2702818227287001,0.20434735912658036,0.07355679693799555,0.4365645802521213,0.10693860758826892,0.8064445338502615,0.8255512580246421,0.5034599296500892,0.5943775100401611,0.5163979988882705,0.049095607235142114,0.08026030368763556,0.11839323467230443,0.3014354066985646,0.45477386934673364,0.6485148514851485,0.8111575384264277,0.8313224177702069,0.9610176678445229,0.971473851030111,0.35915492957746475,0.0,0.0,0.5,0.5391141453508478,0.5316213048193554,0.5478465548012303,0.5369893338402265,0.6046854571867923,0.6060634957787118,0.0,0.0,0.5,0.5,0.5,0.5,0.5,0.5,0.5,0.5648549216007717,0.09788359788359789,0.0,0.0,0.0,0.0,0.0,0.0
2016-05-01,0.5311378423060706,0.2848101844236076,0.3985705939093546,0.27292338279435036,0.19920878925024296,0.5473209909492915,0.22356155123005733,0.8138327054606634,0.8197695282906018,0.4448945012748405,0.5116465863453744,0.41189549749861654,0.059431524547803614,0.09110629067245118,0.12473572938689216,0.3110047846889953,0.45477386934673364,0.650990099009901,0.8113882751313607,0.831449216453651,0.9610176678445229,0.9698890649762283,0.35915492957746475,0.0,0.0,0.5,0.5391141453508478,0.5316213048193554,0.5478465548012303,0.5369893338402265,0.6046854571867923,0.6060634957787118,0.0,0.0,0.5,0.5,0.5,0.5,0.5,0.5,0.5,0.5050156064601883,0.09788359788359789,0.0,0.0,0.0,0.0,0.0,0.0
2016-06-01,0.5239003311732955,0.286054602060524,0.3682039664152422,0.2565835173238611,0.16999085200651898,0.5209680423502006,0.19621754820302278,0.8150396839910756,0.8279835719127557,0.46177215154826573,0.48514056224899904,0.4363535297387402,0.05684754521963824,0.08676789587852494,0.11627906976744186,0.2799043062200957,0.41206030150753764,0.6064356435643564,0.8112664722171266,0.8315711155816314,0.9610176678445229,0.9698890649762283,0.35211267605633806,0.0,0.0,0.5,0.5391141453508478,0.5316213048193554,0.5478465548012303,0.5369893338402265,0.6046854571867923,0.6060634957787118,0.0,0.0,0.5,0.5,0.5,0.5,0.5,0.5,0.5,0.5047218904883682,0.10052910052910055,0.0,0.0,0.0,0.0,0.0,0.0
2016-07-01,0.57577183610415,0.2846654846983848,0.4737563387117427,0.3131063642037212,0.27288395578409547,0.6122225766153873,0.2919276534189352,0.8238177096668008,0.8324494597073249,0.3291139688329094,0.5261044176706877,0.35019455252918696,0.06718346253229973,0.08676789587852494,0.10782241014799153,0.2559808612440192,0.37688442211055273,0.551980198019802,0.8139188099585156,0.834314956755526,0.9610176678445229,0.9698890649762283,0.35211267605633806,0.0,0.0,0.5,0.5391141453508478,0.5316213048193554,0.5478465548012303,0.5369893338402265,0.6046854571867923,0.6060634957787118,0.0,0.0,0.5,0.5,0.5,0.5,0.5,0.5,0.5,0.3667525437889898,0.1031746031746032,0.0,0.0,0.0,0.0,0.0,0.0
2016-08-01,0.5571129872164767,0.2821477094795074,0.39623179537475484,0.2714909163244018,0.19780698728970333,0.5450708012426806,0.22187817446918023,0.8199407483266888,0.8239164240998446,0.4244725909737511,0.5413654618473875,0.41300722623679387,0.06718346253229973,0.09761388286334055,0.120507399577167,0.2703349282296651,0.39195979899497485,0.5594059405940593,0.8156865043625003,0.8370602547580677,0.9610176678445229,0.9698890649762283,0.35915492957746475,0.0,0.0,0.5,0.5391141453508478,0.5316213048193554,0.5478465548012303,0.5369893338402265,0.6046854571867923,0.6060634957787118,0.0,0.0,0.5,0.5,0.5,0.5,0.5,0.5,0.5,0.46516619609263693,0.10582010582010584,0.0,0.0,0.0,0.0,0.0,0.0
2016-09-01,0.55290864230032,0.2795354986504846,0.3788147068987936,0.26207611200577674,0.18125799737413667,0.5299014166962576,0.20629896642462076,0.8110529973300171,0.8298177758283823,0.4560337635297814,0.4803212851405537,0.42690383546415345,0.049095607235142114,0.10195227765726679,0.12473572938689216,0.2822966507177034,0.4095477386934673,0.5816831683168316,0.8172550605872644,0.8398070093956709,0.9610176678445229,0.9698890649762283,0.35915492957746475,0.0,0.0,0.5,0.5391141453508478,0.5316213048193554,0.5478465548012303,0.5369893338402265,0.6046854571867923,0.6060634957787118,0.0,0.0,0.5,0.5,0.5,0.5,0.5,0.5,0.5,0.5238955135889429,0.10582010582010584,0.0,0.0,0.0,0.0,0.0,0.0
2016-10-01,0.5944244075941291,0.2850432271389665,0.3443523008284759,0.2434900543121337,0.14830555302265017,0.4999404205264643,0.1753696398922344,0.8128817526791265,0.8222815901750469,0.4448945012748405,0.5084337349397594,0.4546970539188409,0.062015503875968984,0.10412147505422992,0.13953488372093023,0.3038277511961723,0.4422110552763819,0.6188118811881188,0.8203635261058878,0.8442214004606937,0.9610176678445229,0.9698890649762283,0.35915492957746475,0.0,0.0,0.5,0.5391141453508478,0.5316213048193554,0.5478465548012303,0.5369893338402265,0.6046854571867923,0.6060634957787118,0.0,0.0,0.5,0.5,0.5,0.5,0.5,0.5,0.5,0.4843822270366448,0.10582010582010584,0.0,0.0,0.0,0.0,0.0,0.0
2016-11-01,0.6257209782278632,0.2826473043202768,0.47454808796998094,0.3133725750789894,0.2744251639892067,0.6127071201980907,0.29302879188734243,0.8175999414798288,0.8227600781530364,0.39763714972706815,0.4232931726907671,0.34852695942189715,0.07751937984496123,0.12581344902386116,0.15644820295983086,0.38277511961722493,0.5376884422110553,0.7079207920792079,0.8249732450982359,0.8486473614611807,0.9610176678445229,0.971473851030111,0.35211267605633806,0.0,0.0,0.5,0.5391141453508478,0.5316213048193554,0.5478465548012303,0.5369893338402265,0.6046854571867923,0.6060634957787118,0.0,0.0,0.5,0.5,0.5,0.5,0.5,0.5,0.5,0.4451110629392015,0.10846560846560847,0.0,0.0,0.0,0.0,0.0,0.0
2016-12-01,0.6005275639449177,0.2857042764099845,0.3710143032298419,0.25767989999718494,0.17472277185059706,0.5228799063680869,0.1997581768651676,0.8191360959730807,0.8267076039714503,0.45265824116596265,0.49397590361445753,0.4324624791550878,0.10852713178294572,0.1388286334056399,0.18393234672304437,0.46889952153110054,0.6256281407035176,0.7698019801980198,0.8284011326284163,0.853084892397132,0.9610176678445229,0.971473851030111,0.35211267605633806,0.0,0.0,0.5,0.5391141453508478,0.5316213048193554,0.5478465548012303,0.5369893338402265,0.6046854571867923,0.6060634957787118,0.0,0.0,0.5,0.5,0.5,0.5,0.5,0.5,0.5,0.5035612152628012,0.14285714285714288,0.0,0.0,0.0,0.0,0.0,0.0
2017-01-01,0.5251879379400627,0.2891450835602834,0.31165385054595296,0.19170340852208778,0.18891829636660207,0.45863263781812125,0.1707084453200405,0.8115284737207856,0.8271860919494398,0.5151054818052563,0.6032128514056195,0.5436353529738771,0.12919896640826872,0.13449023861171366,0.17547568710359404,0.45933014354066987,0.6105527638190955,0.7475247524752475,0.8285279893546232,0.8571904777002599,0.974793875147232,0.9698890649762283,0.3450704225352113,0.0,0.0,0.5,0.5391141453508478,0.5316213048193554,0.5478465548012303,0.5369893338402265,0.6046854571867923,0.6060634957787118,0.0,0.0,0.5,0.5,0.5,0.5,0.5,0.5,0.5,0.5810025026950394,0.171957671957672,0.0,0.0,0.0,0.0,0.0,0.0
2017-02-01,0.5630328995526285,0.2810723620478514,0.46733625269592394,0.2754632857104808,0.3390543186284173,0.5936310154297184,0.3110993689611291,0.8237079843458542,0.8261892419952949,0.41502112835506727,0.549397590361448,0.41634241245135767,0.12403100775193797,0.14099783080260303,0.17336152219873147,0.4545454545454546,0.6080402010050251,0.75,0.8304536276839161,0.8612989801452231,0.974793875147232,0.971473851030111,0.33098591549295775,0.0,0.0,0.5,0.5391141453508478,0.5316213048193554,0.5478465548012303,0.5369893338402265,0.6046854571867923,0.6060634957787118,0.0,0.0,0.5,0.5,0.5,0.5,0.5,0.5,0.5,0.4640465340039597,0.17460317460317465,0.0,0.0,0.0,0.0,0.0,0.0
2017-03-01,0.5994403847768546,0.2797776802958576,0.6172962334056828,0.35606490338672425,0.4834784248392837,0.7237531026044597,0.4461654139465326,0.8331077868402765,0.8231588181346944,0.33029536320590264,0.3413654618473899,0.2940522512506996,0.17054263565891473,0.193058568329718,0.21353065539112048,0.48086124401913877,0.6231155778894472,0.7623762376237624,0.8341111462519434,0.8654103999256075,0.974793875147232,0.971473851030111,0.323943661971831,0.0,0.0,0.5,0.5391141453508478,0.5316213048193554,0.5478465548012303,0.5369893338402265,0.6046854571867923,0.6060634957787118,0.0,0.0,0.5,0.5,0.5,0.5,0.5,0.5,0.5,0.36705649917596056,0.20899470899470904,0.0,0.0,0.0,0.0,0.0,0.0
2017-04-01,0.5034087556880771,0.2803762802117794,0.418380173245481,0.24922312762877497,0.2920833491432741,0.551072267465728,0.2671569160827964,0.8186606195823123,0.8258303760118028,0.4003375676181199,0.5871485943775102,0.45525291828793746,0.19379844961240308,0.20607375271149672,0.21987315010570824,0.43540669856459335,0.5778894472361809,0.7277227722772277,0.8335845725185003,0.8666120926840291,0.974793875147232,0.971473851030111,0.31690140845070425,0.0,0.0,0.5,0.5391141453508478,0.5316213048193554,0.5478465548012303,0.5369893338402265,0.6046854571867923,0.6060634957787118,0.0,0.0,0.5,0.5,0.5,0.5,0.5,0.5,0.5,0.4445870616874527,0.23809523809523814,0.0,0.0,0.0,0.0,0.0,0.0
2017-05-01,0.546891863378303,0.28432734428786405,0.5977262261788288,0.34556517961426647,0.4646768557316221,0.7067515490216658,0.42857822639455345,0.8049083793570095,0.8266278559751187,0.3176371543415931,0.46104417670681785,0.30961645358532525,0.18863049095607234,0.22559652928416485,0.23678646934460887,0.4401913875598087,0.5778894472361809,0.7326732673267327,0.8351141382650615,0.8678031263273683,0.974793875147232,0.971473851030111,0.31690140845070425,0.0,0.0,0.5,0.5391141453508478,0.5316213048193554,0.5478465548012303,0.5369893338402265,0.6046854571867923,0.6060634957787118,0.0,0.0,0.5,0.5,0.5,0.5,0.5,0.5,0.5,0.34769153044275264,0.24074074074074078,0.0,0.0,0.0,0.0,0.0,0.0
2017-06-01,0.5251558844211893,0.2864704233761644,0.5074241895380244,0.29709277235263726,0.37786358975892964,0.6283264719120591,0.34737699706477965,0.8208185508942614,0.8259101240081343,0.3763713203806818,0.5076305220883613,0.3824346859366314,0.21705426356589144,0.24078091106290672,0.2536997885835095,0.42344497607655507,0.5502512562814069,0.693069306930693,0.8355979978138798,0.8689835009524182,0.974793875147232,0.9730586370839936,0.31690140845070425,0.0,0.0,0.5,0.5391141453508478,0.5316213048193554,0.5478465548012303,0.5369893338402265,0.6046854571867923,0.6060634957787118,0.0,0.0,0.5,0.5,0.5,0.5,0.5,0.5,0.5,0.42519853042802463,0.2751322751322752,0.0,0.0,0.0,0.0,0.0,0.0
2017-07-01,0.5873251064538481,0.2850021019539032,0.5581925182144034,0.3243554672733236,0.4266978181793021,0.6724053815749415,0.39305203361723173,0.8208917011082257,0.8253120140356474,0.363037968589263,0.4337349397590331,0.34130072262368094,0.2506459948320413,0.24511930585683292,0.25792811839323465,0.44736842105263164,0.5829145728643215,0.7128712871287128,0.8376219735918121,0.8698944116420911,0.974793875147232,0.9746434231378764,0.31690140845070425,0.0,0.0,0.5,0.5391141453508478,0.5316213048193554,0.5478465548012303,0.5369893338402265,0.6046854571867923,0.6060634957787118,0.0,0.0,0.5,0.5,0.5,0.5,0.5,0.5,0.5,0.38644503043538864,0.30423280423280424,0.0,0.0,0.0,0.0,0.0,0.0
2017-08-01,0.5499974016052581,0.28321696429115406,0.40280241794681076,0.24101693285139944,0.2774860212086781,0.5373752905229893,0.253471245391768,0.8092973921948722,0.8233581881255234,0.5081856609594256,0.4883534136546141,0.4658143413007254,0.2532299741602067,0.24511930585683292,0.2600422832980972,0.42583732057416274,0.5552763819095476,0.693069306930693,0.8378679294160996,0.8708030336656714,0.974793875147232,0.9746434231378764,0.31690140845070425,0.0,0.0,0.5,0.5391141453508478,0.5316213048193554,0.5478465548012303,0.5369893338402265,0.6046854571867923,0.6060634957787118,0.0,0.0,0.5,0.5,0.5,0.5,0.5,0.5,0.5,0.5797420956596897,0.3068783068783069,0.0,0.0,0.0,0.0,0.0,0.0
2017-09-01,0.5255246540593005,0.279783772915867,0.30081577839184576,0.18639160956540507,0.1797294103168799,0.44867374945665595,0.16200961596963162,0.8403496580227496,0.8216436062043941,0.5608438867436547,0.494779116465867,0.5475264035575296,0.25581395348837205,0.2537960954446854,0.2706131078224101,0.4306220095693781,0.5527638190954773,0.6881188118811881,0.8369516119833352,0.8717093670231592,0.974793875147232,0.9746434231378764,0.31690140845070425,0.0,0.0,0.5,0.5391141453508478,0.5316213048193554,0.5478465548012303,0.5369893338402265,0.6046854571867923,0.6060634957787118,0.0,0.0,0.5,0.5,0.5,0.5,0.5,0.5,0.5,0.6173731189319898,0.30423280423280424,0.0,0.0,0.0,0.0,0.0,0.0
2017-10-01,0.5927299355584379,0.2834378217664942,0.4665941317397567,0.2753449201482264,0.33902190892168127,0.5926841388531993,0.3110115153795353,0.7869500018287553,0.8238765501016787,0.38177219461713296,0.609638554216861,0.41356309060589047,0.25839793281653745,0.2711496746203904,0.29598308668076106,0.4736842105263158,0.5929648241206029,0.7128712871287128,0.8381473051263769,0.8774109885924016,0.974793875147232,0.9730586370839936,0.3098591549295775,0.0,0.0,0.5,0.5391141453508478,0.5316213048193554,0.5478465548012303,0.5369893338402265,0.6046854571867923,0.6060634957787118,0.0,0.0,0.5,0.5,0.5,0.5,0.5,0.5,0.5,0.42482466933750934,0.30423280423280424,0.0,0.0,0.0,0.0,0.0,0.0
2017-11-01,0.5892124479188141,0.2838734440971651,0.4522634818918432,0.2677019021307804,0.3253650770776988,0.5801849770117642,0.2982273762954813,0.8188800702242054,0.8271462179512741,0.46059071872093027,0.448192771084335,0.42468037798777497,0.28165374677002586,0.30151843817787416,0.32980972515856233,0.4904306220095694,0.5904522613065326,0.693069306930693,0.8391796514778941,0.8831067813951636,0.974793875147232,0.971473851030111,0.3098591549295775,0.0,0.0,0.5,0.5391141453508478,0.5316213048193554,0.5478465548012303,0.5369893338402265,0.6046854571867923,0.6060634957787118,0.0,0.0,0.5,0.5,0.5,0.5,0.5,0.5,0.5,0.5205313286487907,0.3068783068783069,0.0,0.0,0.0,0.0,0.0,0.0
2017-12-01,0.5926706829402082,0.28612162088062726,0.4669174747497668,0.2755923609038173,0.33951245414443654,0.5928851748590822,0.3114551675084647,0.8153322848469331,0.8237170541090155,0.43746835207444684,0.5100401606425783,0.4124513618677052,0.3100775193798449,0.32537960954446854,0.35940803382663844,0.521531100478469,0.6030150753768844,0.6856435643564356,0.8403786831907084,0.888796745431445,0.974793875147232,0.9698890649762283,0.3028169014084507,0.0,0.0,0.5,0.5391141453508478,0.5316213048193554,0.5478465548012303,0.5369893338402265,0.6046854571867923,0.6060634957787118,0.0,0.0,0.5,0.5,0.5,0.5,0.5,0.5,0.5,0.4819909125408515,0.343915343915344,0.0,0.0,0.0,0.0,0.0,0.0
2018-01-01,0.48561662059558053,0.28611857457062256,0.32417915111721257,0.25055608527139006,0.25365013806977155,0.43700875828047103,0.2442607260397237,0.8307669799934164,0.8239164240998446,0.5078481087230449,0.6530120481927666,0.5386325736520237,0.3359173126614987,0.351409978308026,0.38054968287526425,0.5693779904306221,0.6482412060301507,0.7128712871287128,0.8381055856749317,0.889548622623541,0.9739269729093051,0.9698890649762283,0.295774647887324,0.0,0.0,0.5,0.5391141453508478,0.5316213048193554,0.5478465548012303,0.5369893338402265,0.6046854571867923,0.6060634957787118,0.0,0.0,0.5,0.5,0.5,0.5,0.5,0.5,0.5,0.5579471916957951,0.3730158730158731,0.0,0.0,0.0,0.0,0.0,0.0
2018-02-01,0.5055221046587128,0.2847264108984786,0.40572578306663504,0.2940480430995857,0.33172564375635016,0.5080168456577151,0.317230818033028,0.8399473318459456,0.8334463096614698,0.46700424966652926,0.5670682730923763,0.4724847137298529,0.3565891472868217,0.3882863340563991,0.4143763213530655,0.6220095693779906,0.7185929648241205,0.7747524752475248,0.836746237621249,0.8902723070694266,0.9739269729093051,0.9698890649762283,0.2887323943661972,0.0,0.0,0.5,0.5391141453508478,0.5316213048193554,0.5478465548012303,0.5369893338402265,0.6046854571867923,0.6060634957787118,0.0,0.0,0.5,0.5,0.5,0.5,0.5,0.5,0.5,0.5194109536914079,0.3756613756613757,0.0,0.0,0.0,0.0,0.0,0.0
2018-03-01,0.5238925195016471,0.2804859473719483,0.4815518424704899,0.3345975931779842,0.4043831249986175,0.5739922261068838,0.3851805416419078,0.8123331260743938,0.8268670999641135,0.37350208791709466,0.5831325301204743,0.41078376876042333,0.4237726098191214,0.41648590021691967,0.4355179704016913,0.6291866028708134,0.7135678391959798,0.7648514851485149,0.8362273711936248,0.8909677989626879,0.9739269729093051,0.971473851030111,0.28169014084507044,0.0,0.0,0.5,0.5391141453508478,0.5316213048193554,0.5478465548012303,0.5369893338402265,0.6046854571867923,0.6060634957787118,0.0,0.0,0.5,0.5,0.5,0.5,0.5,0.5,0.5,0.42436736595965463,0.39947089947089953,0.0,0.0,0.0,0.0,0.0,0.0
2018-04-01,0.5719974687266106,0.28148056758848006,0.44033211067179845,0.31232150094033345,0.36475917805952934,0.5382377418167579,0.3480310123789304,0.8152957097399509,0.8237569281071814,0.44489453972918275,0.5325301204819292,0.44357976653696435,0.42894056847545214,0.42950108459869846,0.4545454545454545,0.6459330143540671,0.7211055276381909,0.7599009900990099,0.8381639660574454,0.8953419399942164,0.9739269729093051,0.971473851030111,0.28169014084507044,0.0,0.0,0.5,0.5391141453508478,0.5316213048193554,0.5478465548012303,0.5369893338402265,0.6046854571867923,0.6060634957787118,0.0,0.0,0.5,0.5,0.5,0.5,0.5,0.5,0.5,0.4811192658411546,0.44708994708994715,0.0,0.0,0.0,0.0,0.0,0.0
2018-05-01,0.5728118443651271,0.2833860344964145,0.4438743000954922,0.3140785553365,0.3680787466470846,0.5413847313784499,0.3510807445076605,0.8241468856296404,0.8310937437696878,0.45637131576616224,0.546987951807231,0.44024458032240055,0.441860465116279,0.4490238611713665,0.47991543340380544,0.6746411483253589,0.7487437185929647,0.7747524752475248,0.8401387939691154,0.8997150992562302,0.9739269729093051,0.971473851030111,0.2746478873239437,0.0,0.0,0.5,0.5391141453508478,0.5316213048193554,0.5478465548012303,0.5369893338402265,0.6046854571867923,0.6060634957787118,0.0,0.0,0.5,0.5,0.5,0.5,0.5,0.5,0.5,0.5186743811521983,0.44973544973544977,0.0,0.0,0.0,0.0,0.0,0.0
2018-06-01,0.5860166435418108,0.28531130241937935,0.4991611123413219,0.3437233751975333,0.421098248523495,0.589451713626095,0.4006964547755921,0.8157346110237372,0.8263886119861239,0.4067510601093712,0.4755020080321197,0.3952195664257898,0.4677002583979328,0.457700650759219,0.49260042283298094,0.6650717703349283,0.7311557788944724,0.754950495049505,0.8427350821477939,0.9040872764583507,0.9739269729093051,0.971473851030111,0.2746478873239437,0.0,0.0,0.5,0.5391141453508478,0.5316213048193554,0.5478465548012303,0.5369893338402265,0.6046854571867923,0.6060634957787118,0.0,0.0,0.5,0.5,0.5,0.5,0.5,0.5,0.5,0.4430028402296328,0.48148148148148157,0.0,0.0,0.0,0.0,0.0,0.0
2018-07-01,0.5264844683037017,0.2854803726246397,0.5152782638628994,0.35232893692048833,0.4365346097359462,0.6034814151817807,0.415127280718285,0.8257561903368567,0.8202081422704255,0.38413506027180394,0.4987951807228915,0.38187882156754266,0.48837209302325574,0.47071583514099774,0.5052854122621564,0.6650717703349283,0.7261306532663316,0.745049504950495,0.8434193023367209,0.9029318737986174,0.9739269729093051,0.9698890649762283,0.2746478873239437,0.0,0.0,0.5,0.5391141453508478,0.5316213048193554,0.5478465548012303,0.5369893338402265,0.6046854571867923,0.6060634957787118,0.0,0.0,0.5,0.5,0.5,0.5,0.5,0.5,0.5,0.42411303235985887,0.5052910052910053,0.0,0.0,0.0,0.0,0.0,0.0
2018-08-01,0.5289604071518742,0.28227717765470683,0.525260062684506,0.3576478059524659,0.4460889072828045,0.6121755096925582,0.42405489554339654,0.7882301305731318,0.82794369791459,0.4214345823919763,0.40321285140562185,0.37354085603112536,0.5012919896640826,0.48590021691973967,0.5179704016913319,0.6626794258373206,0.7261306532663316,0.7524752475247525,0.8442001208917216,0.9017703509292399,0.9739269729093051,0.9683042789223455,0.28169014084507044,0.0,0.0,0.5,0.5391141453508478,0.5316213048193554,0.5478465548012303,0.5369893338402265,0.6046854571867923,0.6060634957787118,0.0,0.0,0.5,0.5,0.5,0.5,0.5,0.5,0.5,0.46169203142117976,0.5052910052910053,0.0,0.0,0.0,0.0,0.0,0.0
2018-09-01,0.5040924573889312,0.2846304521333309,0.42008059935350983,0.30075888374645526,0.34495553538291635,0.5209640972417948,0.329218152448144,0.8304012289235946,0.8215239842098968,0.4322363308648733,0.5662650602409669,0.457476375764316,0.5271317829457364,0.5075921908893708,0.5412262156448202,0.6913875598086126,0.7537688442211055,0.7797029702970297,0.8437875351099988,0.900602707753425,0.9739269729093051,0.9683042789223455,0.28169014084507044,0.0,0.0,0.5,0.5391141453508478,0.5316213048193554,0.5478465548012303,0.5369893338402265,0.6046854571867923,0.6060634957787118,0.0,0.0,0.5,0.5,0.5,0.5,0.5,0.5,0.5,0.4803372275646968,0.5158730158730159,0.0,0.0,0.0,0.0,0.0,0.0
2018-10-01,0.5482923344230023,0.28013257541140413,0.4541678548998066,0.31903166222661083,0.37764224904451216,0.5506022300404816,0.3598044917201052,0.8254635894809992,0.8245544080704973,0.45468355458425286,0.5020080321285179,0.4296831573096206,0.5607235142118863,0.5336225596529284,0.5602536997885834,0.7177033492822967,0.7914572864321607,0.8267326732673267,0.8468097463177577,0.9022146626625623,0.9739269729093051,0.9683042789223455,0.2887323943661972,0.0,0.0,0.5,0.5391141453508478,0.5316213048193554,0.5478465548012303,0.5369893338402265,0.6046854571867923,0.6060634957787118,0.0,0.0,0.5,0.5,0.5,0.5,0.5,0.5,0.5,0.5175846971585569,0.5793650793650794,0.0,0.0,0.0,0.0,0.0,0.0
2018-11-01,0.5714117768932424,0.28409582472750755,0.5515555052383349,0.371620986663144,0.47123722013740954,0.6350969448885493,0.44753829865167855,0.8237811345598186,0.8218031021970573,0.31493669799619367,0.5461847389558215,0.35130628126736435,0.5788113695090439,0.5466377440347071,0.5708245243128964,0.7057416267942584,0.7839195979899497,0.8316831683168316,0.8509286083042013,0.9038280313275443,0.9739269729093051,0.9698890649762283,0.2887323943661972,0.0,0.0,0.5,0.5391141453508478,0.5316213048193554,0.5478465548012303,0.5369893338402265,0.6046854571867923,0.6060634957787118,0.0,0.0,0.5,0.5,0.5,0.5,0.5,0.5,0.5,0.34901330450987317,0.5820105820105822,0.0,0.0,0.0,0.0,0.0,0.0
2018-12-01,0.5751717099778059,0.2870629306720769,0.5673893000068682,0.3801690683221144,0.4864532032904413,0.648835564489885,0.4618005548617287,0.8152225595259865,0.8252721400374816,0.33164561060577347,0.5244979919678687,0.3385214007782138,0.6124031007751938,0.5509761388286334,0.562367864693446,0.6411483253588518,0.7110552763819095,0.7673267326732673,0.855231836793371,0.9054428137483709,0.9739269729093051,0.971473851030111,0.28169014084507044,0.0,0.0,0.5,0.5391141453508478,0.5316213048193554,0.5478465548012303,0.5369893338402265,0.6046854571867923,0.6060634957787118,0.0,0.0,0.5,0.5,0.5,0.5,0.5,0.5,0.5,0.3677181770869809,0.6005291005291006,0.0,0.0,0.0,0.0,0.0,0.0
2019-01-01,0.5844514962022712,0.2870202823320112,0.5762697093853629,0.3866650436956503,0.4587710631706857,0.6676654296813673,0.4484795174021188,0.8011777184448264,0.8302962638063719,0.3358649751061992,0.4819277108433726,0.3185102834908312,0.6201550387596898,0.5444685466377439,0.5454545454545454,0.6076555023923446,0.6809045226130652,0.7524752475247525,0.8591178632431349,0.9070344196137924,0.9706572438162543,0.971473851030111,0.2746478873239437,0.0,0.0,0.5,0.5391141453508478,0.5316213048193554,0.5478465548012303,0.5369893338402265,0.6046854571867923,0.6060634957787118,0.0,0.0,0.5,0.5,0.5,0.5,0.5,0.5,0.5,0.367710785590423,0.634920634920635,0.0,0.0,0.0,0.0,0.0,0.0
2019-02-01,0.5541033340478675,0.28261227175522285,0.447822036131,0.31695440218784005,0.3352509835650808,0.5563509341434809,0.3325187689960317,0.8255733148019457,0.8170979704134934,0.46177215154826573,0.44016064257027454,0.420233463035018,0.627906976744186,0.5422993492407808,0.5391120507399576,0.5956937799043064,0.6733668341708543,0.7475247524752475,0.8615640313722328,0.9086273573483378,0.9706572438162543,0.9730586370839936,0.2746478873239437,0.0,0.0,0.5,0.5391141453508478,0.5316213048193554,0.5478465548012303,0.5369893338402265,0.6046854571867923,0.6060634957787118,0.0,0.0,0.5,0.5,0.5,0.5,0.5,0.5,0.5,0.4987402542359537,0.634920634920635,0.0,0.0,0.0,0.0,0.0,0.0
2019-03-01,0.5328440495565321,0.2819192362291556,0.3576425166468418,0.26784265680332997,0.24860228366238946,0.4782280051973072,0.2510525662161247,0.8061153578874218,0.8270664699549424,0.5416034092699008,0.4963855421686745,0.4913841022790423,0.6330749354005167,0.5444685466377439,0.5264270613107822,0.5669856459330145,0.6457286432160803,0.7376237623762376,0.8629982208132646,0.9102216269520071,0.9706572438162543,0.9730586370839936,0.2676056338028169,0.0,0.0,0.5,0.5391141453508478,0.5316213048193554,0.5478465548012303,0.5369893338402265,0.6046854571867923,0.6060634957787118,0.0,0.0,0.5,0.5,0.5,0.5,0.5,0.5,0.5,0.6102461835552806,0.6375661375661377,0.0,0.0,0.0,0.0,0.0,0.0
2019-04-01,0.5563805927142293,0.282383798504871,0.32933422420298186,0.25224315894976546,0.22147908391317572,0.4537343932946949,0.22542199757449824,0.809077941552979,0.8276645799274294,0.4997468165955419,0.6224899598393667,0.5136186770428033,0.627906976744186,0.5336225596529284,0.5116279069767441,0.5574162679425838,0.6356783919597989,0.7277227722772277,0.8636283428585392,0.9153055429148443,0.9706572438162543,0.9746434231378764,0.2605633802816902,0.0,0.0,0.5,0.5391141453508478,0.5316213048193554,0.5478465548012303,0.5369893338402265,0.6046854571867923,0.6060634957787118,0.0,0.0,0.5,0.5,0.5,0.5,0.5,0.5,0.5,0.5536100520329739,0.6402116402116403,0.0,0.0,0.0,0.0,0.0,0.0
2019-05-01,0.5993061790626615,0.2841841677176436,0.5112534526991003,0.35102574153111576,0.3963975571447376,0.6113795232264874,0.38967247994098797,0.8165026882703632,0.8206467562502493,0.3768776487352557,0.4803212851405537,0.36853807670927974,0.6201550387596898,0.5249457700650758,0.4947145877378435,0.5239234449760766,0.6030150753768844,0.698019801980198,0.8663107874931614,0.9203940939951768,0.9706572438162543,0.9746434231378764,0.2676056338028169,0.0,0.0,0.5,0.5391141453508478,0.5316213048193554,0.5478465548012303,0.5369893338402265,0.6046854571867923,0.6060634957787118,0.0,0.0,0.5,0.5,0.5,0.5,0.5,0.5,0.5,0.40498285989435534,0.6322751322751324,0.0,0.0,0.0,0.0,0.0,0.0
2019-06-01,0.5987080919035053,0.2853295802794075,0.5088418557352463,0.34966018410552807,0.39410229326313584,0.6092989099110238,0.3874774830060301,0.8245126366994623,0.8246341560668289,0.3556118578432116,0.5638554216867498,0.3702056698165695,0.5736434108527132,0.47071583514099774,0.4228329809725158,0.437799043062201,0.5201005025125627,0.6361386138613861,0.8689686583524902,0.9254872802897974,0.9706572438162543,0.9746434231378764,0.2676056338028169,0.0,0.0,0.5,0.5391141453508478,0.5316213048193554,0.5478465548012303,0.5369893338402265,0.6046854571867923,0.6060634957787118,0.0,0.0,0.5,0.5,0.5,0.5,0.5,0.5,0.5,0.40497562210225224,0.6296296296296297,0.0,0.0,0.0,0.0,0.0,0.0
2019-07-01,0.6050948412526223,0.2848665411586944,0.45235591812497233,0.31880792304508054,0.3398657526918001,0.5603796550221186,0.33642101675964176,0.8249149628762664,0.8212448662227362,0.44050632220187935,0.5076305220883499,0.4146748193440758,0.5555555555555555,0.4511930585683297,0.4143763213530655,0.437799043062201,0.5175879396984925,0.6361386138613861,0.8713442007547743,0.9294449172923988,0.9706572438162543,0.9746434231378764,0.2746478873239437,0.0,0.0,0.5,0.5391141453508478,0.5316213048193554,0.5478465548012303,0.5369893338402265,0.6046854571867923,0.6060634957787118,0.0,0.0,0.5,0.5,0.5,0.5,0.5,0.5,0.5,0.4789903770229635,0.634920634920635,0.0,0.0,0.0,0.0,0.0,0.0
2019-08-01,0.6251004344126098,0.2834713311765458,0.5369276964916585,0.364853606457626,0.4211313462257896,0.6336465552953578,0.41281750858492827,0.8211111517501188,0.8272259659476057,0.3966244930179258,0.4722891566265047,0.34741523068371977,0.5348837209302325,0.4186550976138828,0.3742071881606765,0.3564593301435407,0.4095477386934673,0.5247524752475248,0.8746779661773455,0.9334081948962498,0.9706572438162543,0.9762282091917591,0.2746478873239437,0.0,0.0,0.5,0.5391141453508478,0.5316213048193554,0.5478465548012303,0.5369893338402265,0.6046854571867923,0.6060634957787118,0.0,0.0,0.5,0.5,0.5,0.5,0.5,0.5,0.5,0.4418862562771654,0.5634920634920636,0.0,0.0,0.0,0.0,0.0,0.0
2019-09-01,0.6188111611106649,0.281766920728921,0.5106565961897784,0.3504787984986413,0.39591720725950597,0.6108988670804657,0.38906352621204,0.8307304048864342,0.8262291159934607,0.41991563578260227,0.43694779116465954,0.36798221234018313,0.5142118863049095,0.4099783080260303,0.38054968287526425,0.375598086124402,0.42713567839195976,0.5346534653465347,0.8777197941071413,0.9373771130045576,0.9706572438162543,0.9762282091917591,0.2746478873239437,0.0,0.0,0.5,0.5391141453508478,0.5316213048193554,0.5478465548012303,0.5369893338402265,0.6046854571867923,0.6060634957787118,0.0,0.0,0.5,0.5,0.5,0.5,0.5,0.5,0.5,0.4602666248266547,0.5396825396825398,0.0,0.0,0.0,0.0,0.0,0.0
2019-10-01,0.5848203972155201,0.28435323792290396,0.4108379140340226,0.29586036187764475,0.3001147079082007,0.5244676838273207,0.2988086463368139,0.8180022676566329,0.8231189441365286,0.46919830074865937,0.5076305220883499,0.44635908838243943,0.44702842377260976,0.3622559652928416,0.34038054968287523,0.3660287081339713,0.4296482412060301,0.5420792079207921,0.8804142210234684,0.9380196379340116,0.9706572438162543,0.9762282091917591,0.2746478873239437,0.0,0.0,0.5,0.5391141453508478,0.5316213048193554,0.5478465548012303,0.5369893338402265,0.6046854571867923,0.6060634957787118,0.0,0.0,0.5,0.5,0.5,0.5,0.5,0.5,0.5,0.5153587985364816,0.48412698412698424,0.0,0.0,0.0,0.0,0.0,0.0
2019-11-01,0.6132809875135579,0.2848756800887085,0.5303286577131061,0.3610957084657267,0.41485954457967067,0.6279566935369896,0.4068044980019926,0.8178559672287041,0.8265481079787871,0.43105485958319556,0.4040160642570313,0.3518621456364609,0.4082687338501292,0.34490238611713664,0.33192389006342493,0.3923444976076555,0.45477386934673364,0.5643564356435643,0.8844672659513216,0.9386584874467232,0.9706572438162543,0.9762282091917591,0.2676056338028169,0.0,0.0,0.5,0.5391141453508478,0.5316213048193554,0.5478465548012303,0.5369893338402265,0.6046854571867923,0.6060634957787118,0.0,0.0,0.5,0.5,0.5,0.5,0.5,0.5,0.5,0.4783136359715723,0.4100529100529101,0.0,0.0,0.0,0.0,0.0,0.0
2019-12-01,0.5757782828734347,0.28546666422961864,0.3738218933826302,0.27536049894972336,0.2646910922720126,0.49245647091340783,0.265261986064713,0.8187337697962767,0.8220423461860521,0.42970465063766694,0.5807228915662688,0.4747081712062314,0.40051679586563305,0.3427331887201735,0.3276955602536998,0.40191387559808617,0.4673366834170854,0.5693069306930693,0.8867538110930551,0.939293661349107,0.9706572438162543,0.9746434231378764,0.2676056338028169,0.0,0.0,0.5,0.5391141453508478,0.5316213048193554,0.5478465548012303,0.5369893338402265,0.6046854571867923,0.6060634957787118,0.0,0.0,0.5,0.5,0.5,0.5,0.5,0.5,0.5,0.47813718804845706,0.4100529100529101,0.0,0.0,0.0,0.0,0.0,0.0
2020-01-01,0.5026036259872607,0.2868542584367555,0.19080978230278797,0.44778756552729027,0.39434098045743426,0.15446008524379995,0.4438508107515653,0.8010679931238799,0.8312931137605168,0.4202531880189831,0.5710843373493893,0.4419121734296825,0.3953488372093023,0.3383947939262473,0.32346723044397463,0.3732057416267943,0.4422110552763819,0.5495049504950495,0.8918902579399182,0.9405848603587105,0.9772438162544168,0.9730586370839936,0.2605633802816902,0.0,0.0,0.5,0.5391141453508478,0.5316213048193554,0.5478465548012303,0.5369893338402265,0.6046854571867923,0.6060634957787118,0.0,0.0,0.5,0.5,0.5,0.5,0.5,0.5,0.5,0.45967215208634193,0.4100529100529101,7.612901330120778e-05,7.973852208273798e-05,0.0007657869934024505,0.0006160585940173866,0.0,0.0
2020-02-01,0.516478210010328,0.2827006147453589,0.24873702756949237,0.47880792581949294,0.449269062702348,0.20503501694564066,0.4954291866720857,0.8192458212940272,0.8288607998724032,0.4043881944547002,0.5405622489959896,0.3963312951639751,0.4082687338501292,0.3275488069414316,0.2980972515856236,0.31578947368421056,0.37688442211055273,0.4876237623762376,0.8976956834726608,0.94185718622143,0.9772438162544168,0.971473851030111,0.2605633802816902,0.0,0.0,0.5,0.5391141453508478,0.5316213048193554,0.5478465548012303,0.5369893338402265,0.6046854571867923,0.6060634957787118,0.0,0.0,0.5,0.5,0.5,0.5,0.5,0.5,0.5,0.44129177590845026,0.4179894179894181,6.544423950454703e-05,6.926780706177239e-05,0.000235626767200754,0.0002738038195632829,0.0,0.0
2020-03-01,0.579179135945313,0.28279505035550434,0.5106021101278345,0.6246146789343877,0.7028080365004264,0.43031609173604807,0.7350086133788889,0.6910866464284408,0.7610750029905499,0.2074261953456164,0.33092369477911254,0.18954974986103776,0.09560723514211886,0.0650759219088937,0.06976744186046512,0.1411483253588517,0.21859296482412058,0.3613861386138614,0.9065466891486481,0.943110639034058,0.9772438162544168,0.9286846275752774,0.2746478873239437,0.0,0.0,0.5,0.9999999999999999,1.0,0.8984363572712247,0.8959975858266633,1.0,0.9020347918992644,0.0,0.0,0.5,0.5,0.5,0.5,0.5,1.0,0.5,0.2400467983945429,0.171957671957672,0.004582432362042875,0.005505985221793908,0.07911168708765315,0.09192963241837222,0.008853681267474371,0.011078717201166181
2020-04-01,0.16108666592221182,0.9999999999999999,0.7543294077128273,0.763302240298007,0.9415816786792173,0.6382046623794271,0.9614218078513385,0.0,0.0,0.0,0.0,0.0,0.02842377260981912,0.0368763557483731,0.03805496828752642,0.09330143540669858,0.1658291457286432,0.31435643564356436,0.9173880879100758,0.9200434959998782,0.9772438162544168,0.8985736925515057,1.0,0.0,1.0,1.0,0.6577924487395121,0.6522290178283612,1.0,1.0,0.7012531417793562,1.0,0.0,0.0,1.0,0.5,1.0,0.5,0.5,0.5,0.5,0.0,0.01322751322751323,0.01330187557848033,0.01601938854246036,0.15221489161168708,0.17687726743788074,0.0750232991612302,0.09387755102040816
2020-05-01,0.042505536911689734,0.31448733648931043,0.25487189486404765,0.4832160637111982,0.45613977631341684,0.20971723336779008,0.5021833688458046,0.9532570132767638,0.9226444435583556,0.3242194229510321,0.5028112449799159,0.39077265147304074,0.025839793281653745,0.03253796095444685,0.03382663847780126,0.08133971291866031,0.16834170854271358,0.34158415841584155,0.9224510445753774,0.8968271725894398,0.9772438162544168,0.9223454833597465,0.8098591549295775,0.0,0.0,0.0,0.5810950311494675,0.5742811083275613,0.5847959060283682,0.5748259220770534,0.6399128058252582,0.6404219673704415,0.0,0.0,0.5,0.5,0.5,0.5,0.5,0.5,0.5,0.3494770743042203,0.01322751322751323,0.028193779057576238,0.033929143866013506,0.19863336475023563,0.23081661989184749,0.03890959925442684,0.04868804664723032
2020-06-01,0.0,0.18949266753181868,0.058228273739517694,0.37022360852954,0.26246384266762646,0.04264729103291742,0.31824737778558804,1.0,1.0,0.5643881852256611,0.5678714859437743,0.5447470817120624,0.033591731266149866,0.03904555314533622,0.03805496828752642,0.08133971291866031,0.18341708542713567,0.3688118811881188,0.9252028845315585,0.8734616688027422,0.9772438162544168,0.9223454833597465,0.676056338028169,0.0,0.0,0.5,0.5836469834527388,0.5768106009195972,0.5229550533401967,0.5115001314564568,0.6432223254630881,0.5851986736313174,0.0,0.0,0.5,0.5,0.0,0.5,0.5,0.5,0.5,0.6262266473403731,0.021164021164021166,0.06062473872389075,0.07222699221462066,0.2607210179076343,0.3009103977000479,0.018173345759552654,0.022740524781341108
2020-07-01,0.9845810681625815,0.0,0.10704049199288243,0.39610572931690136,0.3085076240555366,0.08541842021350227,0.3614139961459115,0.866683735049925,0.8755532517245505,0.5733333579441133,0.6819277108433703,0.5075041689827724,0.02842377260981912,0.03036876355748373,0.03171247357293869,0.06698564593301437,0.1557788944723618,0.32425742574257427,0.9256538159068227,0.8925032587043185,0.9772438162544168,0.9286846275752774,0.6056338028169014,0.0,0.0,0.5,0.5686403241682987,0.5607341417089186,0.5943042486145651,0.5839371248498967,0.6282081541364674,0.6334636015014165,0.0,0.0,0.5,0.5,0.5,1.0,0.5,0.5,1.0,0.6250283659650168,0.02380952380952381,0.08059591654657426,0.09370967767917407,0.3784165881244109,0.4346635635567116,0.07781919850885367,0.0967930029154519
2020-08-01,0.9797716791501412,0.13914173261927823,0.09899008611688304,0.3896348957329022,0.29884772588056224,0.07968618399644878,0.35176141207002354,0.9368713653487436,0.8871565851907971,0.5245569828782825,0.668273092369478,0.5147304057809886,0.020671834625322995,0.02603036876355748,0.02748414376321353,0.06459330143540672,0.16331658291457285,0.33663366336633666,0.9259926013036652,0.9115365658511948,0.9772438162544168,0.9286846275752774,0.5070422535211268,0.0,0.0,0.5,0.5267236891679014,0.5174231559350401,0.5875789419355125,0.57690598254583,0.593209800861976,0.6408369129290811,0.0,0.0,0.5,0.5,0.5,0.5,0.5,0.5,0.5,0.5873960731482306,0.02645502645502646,0.08685185160451912,0.09967073628457149,0.404688972667295,0.4582791429940447,0.12791239515377445,0.15801749271137025
2020-09-01,0.9999999999999999,0.22269135396294465,0.19574759733334987,0.44418272394646074,0.39316032908202003,0.16252208808417729,0.44105886010610923,0.8272191946161442,0.856294110610471,0.452489465047775,0.5397590361445801,0.43857698721511873,0.02325581395348837,0.02603036876355748,0.02748414376321353,0.06459330143540672,0.1708542713567839,0.35148514851485146,0.9274649165813547,0.9305615902433712,0.9772438162544168,0.9334389857369255,0.45774647887323944,0.0,0.0,0.5,0.5282484726221599,0.5187482124399784,0.5434051596011881,0.5284691994068804,0.5926967414026618,0.6162174660453253,0.0,0.0,0.5,1.0,0.5,0.5,0.5,0.5,0.5,0.49569920275255175,0.02380952380952381,0.08086503928657765,0.08989592109269161,0.38737040527803956,0.43349989732356764,0.06873252562907735,0.08163265306122448
2020-10-01,0.6062429202019111,0.2147968415857871,0.31259528641589746,0.5116629766149817,0.5085625944643979,0.2615933343620376,0.5507454614192343,0.8932372627189934,0.8466446030543483,0.3768776487352557,0.4120481927710803,0.34574763757643,0.02325581395348837,0.023861171366594356,0.02748414376321353,0.08133971291866031,0.1984924623115578,0.3886138613861386,0.9298027582669347,0.942120445834207,0.9772438162544168,0.9318541996830427,0.4084507042253521,0.0,0.0,0.5,0.5682344893681314,0.5589141456200734,0.5551193364420434,0.5399431988489605,0.633019640130353,0.6082641002134803,0.0,0.0,0.0,0.5,0.5,0.5,0.5,0.5,0.5,0.42280759607215784,0.02380952380952381,0.1253711289398434,0.1350601421762012,0.5111333647502356,0.5574645766308439,0.21155638397017706,0.24635568513119532
2020-11-01,0.6090704301805986,0.2593841579694516,0.3244602245332525,0.5184825605988572,0.5202502796109589,0.27167272013716576,0.5618458741876426,0.8144179071723785,0.8285019338889111,0.4118143436550939,0.4064257028112483,0.3362979433018353,0.02325581395348837,0.021691973969631236,0.025369978858350947,0.09330143540669858,0.21859296482412058,0.400990099009901,0.9322758829224713,0.9536603501663575,0.9772438162544168,0.9334389857369255,0.39436619718309857,0.0,0.0,0.5,0.5625108249571192,0.5546074887448827,0.5778143980168904,0.5631914053420876,0.6229095647741146,0.6109971829149857,0.0,0.0,1.0,0.5,0.5,0.5,0.5,0.5,0.5,0.4409370211617871,0.02380952380952381,0.20151750499847074,0.21173718827473223,0.6674128180961357,0.6979259360668081,0.3448275862068965,0.36676384839650145
2020-12-01,0.5301650731427562,0.2747939171281826,0.0,0.3253966261555859,0.19444832383503108,0.0,0.2507040427326544,0.8129183277861087,0.8072889668647075,0.4918143390405798,0.6819277108433703,0.5953307392996154,0.020671834625322995,0.01952277657266811,0.021141649048625793,0.09330143540669858,0.2336683417085427,0.41336633663366334,0.9308590529686963,0.9651813031430301,0.9772438162544168,0.936608557844691,0.39436619718309857,0.0,0.0,0.5,0.5826184565094823,0.5731178789475239,0.6280590604476689,0.6064535074026773,0.6404633310722427,0.666151026849459,0.0,0.004624144915351397,0.5,0.0,0.5,0.5,1.0,0.0,0.5,0.5495487592131025,0.02380952380952381,0.38376435265630154,0.3867060580335353,1.0,0.9999999999999999,1.0,1.0
2021-01-01,0.6185549751880719,0.2888099894597673,0.9341443273847865,0.9827721237593346,0.749660907611602,0.8747790991629409,0.9690105082732205,0.8084195896272997,0.8376729534670442,0.4568776441207307,0.6706827309236949,0.5669816564758156,0.020671834625322995,0.01952277657266811,0.021141649048625793,0.10765550239234452,0.271356783919598,0.4504950495049505,0.9386673396789892,0.9733921596566033,0.9999999999999999,0.9381933438985738,0.38732394366197187,0.0,0.0,0.5,0.5486880946234831,0.5409655948928845,0.5994402798095434,0.586821599397262,0.6164641530580541,0.6699267590430615,0.0,0.049538950368239174,0.5,0.5,0.5,0.5,0.5,0.5,0.5,0.4948721177414006,0.02380952380952381,0.26566154109163664,0.2610212329991833,0.5915409990574929,0.5846396057224997,0.3995806150978565,0.3988338192419825
2021-02-01,0.6271473878542363,0.28211267691445346,0.9676829429538565,1.0,0.7839750801079158,0.9034729693651526,1.0,0.8239274349877473,0.8409027473184737,0.542953618215424,0.5365461847389537,0.536409116175653,0.010335917312661497,0.01301518438177874,0.014799154334038054,0.12918660287081343,0.3165829145728643,0.504950495049505,0.9468912734071038,0.9816133541267014,0.9999999999999999,0.9397781299524565,0.3802816901408451,0.0,0.0,0.5,0.4874941399551943,0.4711738337931859,0.4401826555294733,0.4315563367916323,0.5634035843951711,0.5690602380755025,0.0,0.12845514251865764,0.5,0.5,0.5,0.5,0.5,0.5,0.5,0.584590629890118,0.021164021164021166,0.10445301303943082,0.09983262964758795,0.23385956644674835,0.23218563898966388,0.0,0.0
2021-03-01,0.5769846325143425,0.2657661774292799,0.757493711201345,0.8691629713601663,0.574358458502111,0.7287368873210052,0.7960299980873448,0.8316813576679711,0.8492364129351251,0.633417732928736,0.7686746987951816,0.6992773763201807,0.005167958656330749,0.010845986984815618,0.01691331923890063,0.19617224880382775,0.4045226130653266,0.5792079207920792,0.9526123186556361,0.989844887037288,0.9999999999999999,0.9413629160063391,0.36619718309859156,0.0,0.0,0.5,0.5002740665565378,0.4914194068494364,0.40355720088239155,0.39495029398827364,0.5726163187303299,0.5213139436558876,1.0,0.24421162969716492,0.5,1.0,0.5,0.5,0.5,0.5,0.5,0.6910615114445794,0.018518518518518524,0.06822895867530174,0.06158230223638364,0.17524740810556078,0.17489218974604695,0.0,0.0
2021-04-01,0.5648284204754999,0.27901610279468475,0.7975146313434464,0.8892058237055421,0.6154271419748684,0.7630912761131785,0.8327894716823595,0.8270728941882155,0.8293791618485586,0.636286926937981,0.9670682730923832,0.663146192329068,0.005167958656330749,0.008676789587852493,0.012684989429175474,0.2057416267942584,0.41206030150753764,0.5693069306930693,0.9558833419910397,0.9921781058944052,0.9999999999999999,0.9429477020602219,0.35915492957746475,1.0,0.0,0.5,0.5427289252368473,0.5370574309696932,0.5085587961174627,0.49647296388809975,0.6047202108865036,0.546990829899592,0.6716896920914012,0.3633966446287309,0.0,0.5,1.0,0.5,0.5,0.5,0.5,0.6891301927519788,0.018518518518518524,0.06971013544286384,0.06413715670149925,0.19268378887841658,0.19768635772469023,0.002562907735321528,0.0023323615160349854
2021-05-01,0.5686152907763331,0.2815826189736372,0.8096835620799784,0.8927171904347803,0.6285283150307971,0.7741122043629926,0.8428647571740026,0.823086207527157,0.8371944654890546,0.6654852338393293,0.8642570281124511,0.6492495831017243,0.0025839793281653744,0.008676789587852493,0.010570824524312896,0.19617224880382775,0.40703517587939697,0.5742574257425742,0.9592782666559647,0.9944888494600566,0.9999999999999999,0.9445324881141046,0.35211267605633806,0.0,0.0,0.5,0.5045937111595985,0.4964244582152272,0.5539555209032899,0.5383704274193287,0.5740000012431717,0.5792413961077912,0.3579096461993786,0.42454782195677215,0.5,0.0,0.5,0.5,0.5,0.5,0.0,0.7224845636119432,0.015873015873015876,0.03606177936209229,0.03307054523429433,0.12558906691800187,0.13176808816482988,0.005824790307548928,0.006705539358600583
2021-06-01,0.558518868772487,0.27694156568149,0.7636942687402559,0.8602353737610243,0.5835801157602512,0.7367381415667138,0.7965916893992291,0.8190995208660985,0.8456078791020376,0.7471729904067193,0.8329317269076304,0.6814897165091687,0.007751937984496123,0.010845986984815618,0.014799154334038054,0.20095693779904308,0.38190954773869346,0.5346534653465347,0.962105295638879,0.9967771157983855,0.9999999999999999,0.9461172741679874,0.35211267605633806,0.0,0.0,0.5,0.479152485210808,0.46718421673557475,0.45197924664163885,0.44406319638823577,0.5553929591037272,0.5860986937007416,0.26551832776604756,0.48225955265356035,0.5,0.5,0.0,0.5,0.5,0.5,0.5,0.8075627442522592,0.021164021164021166,0.016075909975438375,0.014222452756939265,0.07039349670122526,0.07255801218426997,0.0,0.0
2021-07-01,0.5631634569276561,0.28028489091163866,0.8364863221995359,0.9019304933006314,0.6570329362849182,0.7980571145089166,0.8656872624688254,0.8518708167221389,0.8486383029626381,0.5569620360252621,0.7526104417670721,0.619788771539747,0.012919896640826873,0.010845986984815618,0.01691331923890063,0.18181818181818185,0.3316582914572864,0.4801980198019802,0.9678686613553831,0.9956362014742585,0.9999999999999999,0.9461172741679874,0.3450704225352113,0.0,0.0,0.5,0.6197140029502786,0.6183731215510243,0.576720290274407,0.5677072938175425,0.6588521498662031,0.5376599816728933,0.09687258663669228,0.5061118420693458,0.5,0.5,0.5,0.5,0.5,0.5,0.5,0.5956190359923629,0.02645502645502646,0.06894884530985176,0.06562721999294435,0.2145970782280867,0.22335546580874802,0.0,0.0
2021-08-01,0.5744558003367699,0.277523410892386,0.8809030987799991,0.9267602495636512,0.7019983197091579,0.8356094169336992,0.9075873682456007,0.8274020701510552,0.8444116591570637,0.5027847867229799,0.6931726907630458,0.5808782657031673,0.010335917312661497,0.01301518438177874,0.014799154334038054,0.1842105263157895,0.32160804020100503,0.4752475247524752,0.9741600627085627,0.9944957217498674,0.9999999999999999,0.9477020602218701,0.3380281690140845,0.0,0.0,0.5,0.6251846462455121,0.6236421741416547,0.778136947525802,0.7703369350212111,0.689053440333303,0.7714101242167549,0.1134966159652514,0.5448738596596586,0.5,0.5,0.5,0.5,0.5,0.5,0.5,0.5427262590877289,0.02380952380952381,0.24479083887494674,0.24559545345444997,0.5557257304429783,0.5875829967828051,0.1407269338303821,0.15481049562682214
2021-09-01,0.589686212711154,0.32759408528449485,0.9428826729987171,0.9634663637876941,0.7642543806666948,0.8875520130711206,0.9669333464334635,0.8357046194360118,0.8401850153514894,0.538902991378849,0.5799196787148593,0.5286270150083402,0.012919896640826873,0.010845986984815618,0.01691331923890063,0.2057416267942584,0.3442211055276382,0.4801980198019802,0.9811861557070367,0.9933556775931404,0.9999999999999999,0.9477020602218701,0.31690140845070425,0.0,0.0,0.5,0.5434593191395939,0.536231304594206,0.6212035290401277,0.6146891600412263,0.6096433527159817,0.7102348122402131,0.15567889713662555,0.5888059660750455,0.5,0.5,0.5,0.5,0.5,0.5,0.5,0.5767632515266891,0.021164021164021166,0.2247148167093835,0.22621174363179167,0.45717483506126294,0.48415360394277496,0.07036346691519105,0.08104956268221575
2021-10-01,0.6319552057857919,0.24161350855708477,0.7205995826106324,0.8186720599123201,0.5441042873180183,0.7041931665144121,0.7484844642591553,0.8310230057422918,0.8491167909406276,0.7505485127705325,0.7694779116465911,0.6992773763201727,0.015503875968992246,0.01301518438177874,0.02325581395348837,0.2655502392344498,0.3969849246231156,0.5099009900990099,0.9875498874121142,0.9955688056056328,0.9999999999999999,0.9477020602218701,0.3098591549295775,0.0,0.0,0.5,0.4868788176126255,0.47667135222336193,0.48406920745854126,0.47407725209720936,0.5621770099415628,0.5716835776726084,0.1262600060428563,0.6450873237283602,0.5,0.5,0.5,0.0,0.0,0.5,0.5,0.7990698928757045,0.021164021164021166,0.09381364953140589,0.0912055659099293,0.21571630537229028,0.23067971798206582,0.0,0.0
2021-11-01,0.622468436079216,0.2738495610267283,0.6802784977393296,0.7886903416199212,0.5050531352611992,0.6717601288358804,0.7072732293099321,0.8534069712153908,0.8424578332469397,0.6759493531671665,0.8746987951807286,0.7270705947748761,0.01808785529715762,0.015184381778741865,0.03805496828752642,0.28708133971291866,0.39195979899497485,0.4801980198019802,0.9934566474733101,0.9977835800638954,0.9999999999999999,0.9461172741679874,0.295774647887324,0.0,0.0,0.5,0.5133276856396382,0.5035698731967339,0.43773461203294545,0.4251466481670088,0.5845133478204153,0.5145678481422873,0.06436914053486927,0.7061238528353598,0.5,0.5,0.5,0.5,0.5,0.5,0.5,0.7105957309412743,0.021164021164021166,0.07906932949037636,0.07561869844179651,0.19397973609802074,0.20391539461975494,0.0,0.0
2021-12-01,0.6345714325175386,0.2733834755960105,0.7321166386894185,0.8182253375543961,0.5573993180818652,0.7154629502027907,0.756411648868993,0.8316813576679711,0.8406635033294789,0.6199156050191241,0.9036144578313208,0.682601445247354,0.010335917312661497,0.03253796095444685,0.06342494714587738,0.29425837320574166,0.36934673366834164,0.45792079207920794,1.0,1.0,0.9999999999999999,0.9445324881141046,0.2887323943661972,0.0,0.0,0.5,0.6133316893461929,0.608737485104099,0.587049267537486,0.5725577785788865,0.6580486259839784,0.60539359144273,0.11010396495993315,0.7794495793502176,0.5,0.5,0.5,0.5,0.5,0.5,0.5,0.6577172561771352,0.021164021164021166,0.2926926832004637,0.2905252916094133,0.3448986804901037,0.3636799233349305,0.09273066169617894,0.10087463556851312
2022-01-01,0.5790792941882503,0.2821949272845801,0.49963916882393405,0.2627277747206864,0.5068738975230594,0.586754553756434,0.40709109503279384,0.8497860356241542,0.8324893337054907,0.6545147861569293,0.8377510040160644,0.6753752084491378,0.012919896640826873,0.07158351409978307,0.11627906976744186,0.368421052631579,0.4422110552763819,0.5198019801980198,0.0,0.0,0.0,0.9461172741679874,0.2746478873239437,0.0,0.0,0.5,0.6348631095065644,0.6310278439201792,0.6995002786057699,0.6880675227518432,0.6890576165679306,0.6824639720476824,0.06685245888922858,0.8189595400968506,0.5,0.5,0.5,0.5,0.5,0.5,0.5,0.6897950388651797,0.021164021164021166,1.0,1.0,0.5616163996229971,0.5814224108426312,0.5498602050326188,0.5650145772594752
2022-02-01,0.5651811871859834,0.281643545173731,0.4404484087179076,0.22505620046952785,0.4470529779297658,0.5380489943102479,0.34869089115629515,0.8288284993233604,0.8540212927150206,0.7291139457603008,0.7381526104417703,0.7204002223457485,0.010335917312661497,0.1388286334056399,0.2114164904862579,0.4330143540669857,0.4849246231155778,0.556930693069307,0.0,0.0,0.0,0.9461172741679874,0.2605633802816902,0.0,0.0,0.5,0.43604566840448805,0.4222916453223674,0.5271190471675825,0.5145514570510221,0.5253620988257848,0.6417022335242558,0.041440732376487134,0.839328707368605,0.5,0.5,0.5,0.5,0.5,0.5,0.5,0.7712748326560939,0.021164021164021166,0.1554614553463269,0.1485657536740128,0.18561498586239397,0.1885823807242111,0.029589934762348554,0.02944606413994169
2022-03-01,0.4937681587912402,0.2809017686875887,0.1358993988671885,0.028660230690481237,0.14309606677943898,0.2869846537388641,0.04909854087594512,0.8387037782085512,0.8344830336137805,0.9446413178703823,0.7397590361445778,0.9616453585325166,0.04651162790697674,0.18655097613882862,0.2832980972515856,0.5047846889952153,0.5351758793969849,0.5965346534653465,0.0,0.0,0.0,0.9477020602218701,0.24647887323943662,0.0,0.0,0.5,0.4165380209103015,0.40504451712408573,0.3934938926436419,0.3852138115762651,0.5275357131507691,0.4854858306670909,0.020622975332854482,0.8498162898743783,0.5,0.5,0.5,0.5,0.5,0.5,0.5,0.9661674832743363,0.05291005291005292,0.021813633504245193,0.02080047810895665,0.03640433553251649,0.03881169142309535,0.0,0.0
2022-04-01,0.5223840891905376,0.2814957991385035,0.7626934297529864,0.43518379905048543,0.7652071568412618,0.8041207241890186,0.664887969040141,0.7990563622398595,0.8281031939072532,0.5107173027322898,0.6859437751004063,0.46081156197887974,0.08010335917312661,0.27331887201735355,0.3995771670190274,0.6650717703349283,0.6909547738693467,0.6955445544554455,0.0,0.0,0.0,0.9524564183835182,0.23943661971830987,0.0,0.0,0.5,0.569379461254629,0.5663068937077274,0.37722353527806574,0.3628809297704929,0.5892603047719494,0.4716294720547831,0.04923320610426626,0.8702236732198134,0.5,0.5,0.5,0.5,0.5,0.5,0.5,0.5507951860257483,0.08730158730158732,0.04968686934792161,0.04827966152205535,0.03428369462770971,0.03730577041549729,0.0,0.0
2022-05-01,0.4424352163217386,0.2844476735330494,0.41564669465369486,0.21127782117192465,0.4189908917882861,0.5180032336718866,0.3235256745367418,0.8233056581690501,0.8324893337054907,0.823966239546574,0.7493975903614457,0.7359644246803742,0.1498708010335917,0.3232104121475054,0.4355179704016913,0.6866028708133972,0.728643216080402,0.7599009900990099,0.0,0.0,0.0,0.9572107765451664,0.23943661971830987,0.0,0.0,0.5,0.6072891045673365,0.6009814881915271,0.579563873859849,0.5616463133654782,0.6612070138103204,0.8171779124159524,0.0366848338300812,0.8868804219054535,0.5,0.5,0.5,0.5,0.5,0.5,0.5,0.8436379883216469,0.20370370370370375,0.1465456794113758,0.14109771754521336,0.08830113100848257,0.09240878910260797,0.0,0.0
2022-06-01,0.36809512205321426,0.2859647359153856,0.08700003443023588,0.0,0.09000041551242521,0.2471921553816274,0.0,0.802860173366007,0.8327285776944855,1.0,1.0,0.9999999999999999,0.2739018087855297,0.47071583514099774,0.5602536997885834,0.7631578947368421,0.7889447236180904,0.8044554455445545,0.0,0.0,0.0,0.9587955625990492,0.23943661971830987,0.0,0.0,0.5,0.5421368016680239,0.5332990718777143,0.6009251403486995,0.5864525989260065,0.6237795516587306,0.5155657354793389,0.020292498775536988,0.8974062204849074,0.5,0.5,0.5,0.5,0.5,0.5,0.5,1.0,0.32010582010582017,0.14382506888340107,0.13626427440361225,0.09908105560791705,0.1024026285166678,0.002562907735321528,0.0026239067055393583
2022-07-01,0.6548798647060452,0.288359135579073,1.0,0.5895911932144797,1.0,1.0,0.8978563987113145,0.819574997256867,0.8406236293313131,0.33991564039712185,0.4570281124498048,0.2623679822123439,0.4780361757105943,0.6225596529284164,0.6384778012684988,0.7081339712918661,0.728643216080402,0.7673267326732673,0.0,0.0,0.0,0.9603803486529319,0.23943661971830987,0.0,0.0,0.5,0.5536954692167896,0.545259890420055,0.5774115535500688,0.5680511734201278,0.6018133432712727,0.5227718383830061,0.0202301561311553,0.9086089895124175,0.5,0.5,0.5,0.5,0.5,0.5,0.5,0.38644503043538864,0.4444444444444445,0.18005780462623994,0.16751935874119453,0.14208294062205465,0.1476487096995003,0.0,0.0
2022-08-01,0.5838375437562798,0.28332967776132767,0.6907575248998751,0.3904078573487587,0.6910013546781307,0.7451096968801071,0.5935641025934203,0.8271460444021799,0.8320108457275012,0.40843882129128606,0.9269076305220927,0.5102834908282317,0.5891472868217054,0.6832971800433839,0.6934460887949259,0.7248803827751197,0.728643216080402,0.7747524752475248,0.0,0.0,0.0,0.9603803486529319,0.24647887323943662,0.0,0.0,0.5,0.5281350276533564,0.520784689137297,0.558455681339714,0.5550538277100369,0.6139281017754983,0.7366844328797113,0.02016819537217158,0.9192931118256911,0.5,0.5,0.5,0.5,0.5,0.5,0.5,0.434549409561738,0.6164021164021165,0.1316771488749601,0.12365592263913566,0.12199575871819038,0.1264973646382367,0.0032618825722274,0.003206997084548105
2022-09-01,0.5684151093863813,0.2818872499741063,0.622615972676889,0.34691320393515634,0.6223231126316539,0.6890160735653583,0.5263764221581093,0.8174170659449178,0.8319310977311696,0.542109699170127,0.8441767068273058,0.5630906058921631,0.6744186046511627,0.8047722342733188,0.8224101479915433,0.8851674641148327,0.8844221105527638,0.8811881188118812,0.0,0.0,0.0,0.9603803486529319,0.2535211267605634,0.0,0.0,0.5,0.5152841037118928,0.5053207116565187,0.49614909547742936,0.48270948455479246,0.5742102266211789,0.4333829182421203,0.02813209923626261,0.93652310161654,0.5,0.5,0.5,0.5,0.5,0.5,0.5,0.5783792196603177,0.6772486772486773,0.0498638359139288,0.0453132274126541,0.051248821866163995,0.05489766582243822,0.0,0.0
2022-10-01,0.6316039197318153,0.28278591142549026,0.5904796775533645,0.3266804527063561,0.5895158840864951,0.6626122635503379,0.49459310261548456,0.8023115467612743,0.8308943737788589,0.5691139549893398,0.6867469879518042,0.586992773763206,0.8578811369509043,0.9349240780911061,0.9365750528541225,1.0,0.9999999999999999,1.0,0.0,0.0,0.0,0.0,0.0,0.0,0.0,0.5,0.3630617258734734,0.35487030494223915,0.0,0.0,0.0,0.0,0.04396618279001069,0.9640059180319814,0.5,0.5,0.5,0.5,0.5,0.5,0.5,0.5935066797313288,0.814814814814815,0.025527927995309382,0.022701315605070403,0.035874175306314794,0.038400985693750424,0.0,0.0
2022-11-01,0.6864827382943087,0.2846395910633449,0.8303141717813562,0.48101811129803695,0.8293702461641167,0.8602683857489887,0.73063691564179,0.8092973921948722,0.8295386578412218,0.39797466350911215,0.599196787148595,0.39355197331850794,0.9999999999999999,1.0,1.0,0.9712918660287081,0.9773869346733668,0.9900990099009901,0.0,0.0,0.0,0.0,0.0,0.0,0.0,0.5,0.0,0.0,0.3340381947190141,0.3180469542489871,0.6046854571867923,0.6060634957787118,0.03971610737840926,0.9884041513574895,0.5,0.5,0.5,0.5,0.5,0.5,0.5,0.38644503043538864,1.0,0.02267642898832555,0.02043803028130784,0.0317507068803016,0.034567732219864464,0.0,0.0
2022-12-01,0.6952226972600977,0.28394350922727296,0.8685534647549816,0.5056425754242063,0.8675875961292252,0.8917857828650897,0.7682659987103956,0.8379357009619253,0.8275050839347662,0.3495358791339988,0.7582329317269156,0.3624235686492488,0.0,0.0,0.0,0.0,0.0,0.0,0.0,0.0,0.0,0.0,0.0,0.0,0.0,0.5,0.5391141453508478,0.5316213048193554,0.5478465548012303,0.5369893338402265,0.6046854571867923,0.6060634957787118,0.01976858477048195,1.0,0.5,0.5,0.5,0.5,0.5,0.5,0.5,0.38644503043538864,0.0,0.05425127115418262,0.04590200377267917,0.0635014137606032,0.06858785680060236,0.005824790307548928,0.005247813411078717
